Kennziffer;Raumeinheit;Aggregat;Arbeitslosenquote;Langzeitarbeitslose;Arbeitslosenquote Jüngere;Arbeitslosenquote Ältere;Beschäftigtenquote;Erwerbsquote;Erwerbstätigendichte;Selbständige;Kurzarbeiter;Unterbeschäftigung;Aufstocker;Industriequote;Dienstleistungsquote;Beschäftigte Primärer Sektor;Beschäftigte Sekundärer Sektor;Beschäftigte Tertiärer Sektor;Haushaltseinkommen;Bruttoverdienst ;Medianeinkommen;Einkommensteuer;Gewerbesteuer;Umsatzsteuer
;;;2017;2017;2017;2017;2017;2017;2016;2016;2017;2017;2017;2017;2017;2017;2017;2017;2016;2016;2017;2017;2017;2017
"01001";"Flensburg, Stadt";"krsfr. Stadt";"8,9";"31,8";"7,9";"8,1";"51,8";"85,0";"1.055,0";"74,5";"2,1";"12,8";"24,8";"11,4";"60,2";"0,04";"15,9";"84,0";"1.527";"2.333";"2.986";"371,4";"529,0";"78,1"
"01002";"Kiel, Stadt";"krsfr. Stadt";"9,1";"37,8";"6,6";"8,8";"51,5";"79,2";"1.435,8";"67,7";"0,9";"13,6";"26,0";"10,9";"59,8";"0,05";"15,3";"84,6";"1.564";"2.700";"3.304";"399,2";"504,8";"87,5"
"01003";"Lübeck, Stadt";"krsfr. Stadt";"8,6";"36,3";"7,0";"8,5";"56,1";"81,1";"589,4";"85,6";"0,4";"12,5";"29,2";"15,8";"52,5";"0,13";"23,1";"76,7";"1.630";"2.593";"3.036";"375,7";"489,2";"80,8"
"01004";"Neumünster, Stadt";"krsfr. Stadt";"9,2";"38,3";"9,5";"8,9";"56,2";"82,1";"709,7";"78,1";"0,5";"12,2";"27,7";"16,1";"59,1";"0,89";"21,2";"77,9";"1.572";"2.464";"2.842";"337,3";"644,2";"73,8"
"01051";"Dithmarschen";"Landkreis";"6,8";"30,5";"7,6";"6,3";"55,8";"81,1";"41,9";"130,9";"0,3";"9,7";"26,3";"13,0";"33,7";"3,86";"26,7";"69,5";"1.793";"2.317";"2.914";"366,3";"647,9";"46,8"
"01053";"Herzogtum Lauenburg";"Landkreis";"5,5";"35,9";"6,4";"6,3";"58,2";"82,1";"54,9";"136,0";"0,7";"7,5";"27,4";"10,1";"27,2";"1,55";"26,7";"71,8";"1.903";"2.404";"2.832";"474,9";"407,4";"36,0"
"01054";"Nordfriesland";"Landkreis";"6,1";"41,1";"5,4";"8,4";"58,0";"87,9";"43,7";"143,0";"3,0";"7,6";"29,3";"10,2";"45,1";"2,28";"18,0";"79,7";"2.026";"2.342";"2.768";"373,6";"716,6";"54,4"
"01055";"Ostholstein";"Landkreis";"5,6";"33,7";"5,8";"6,9";"58,1";"84,1";"65,0";"132,9";"0,4";"7,5";"32,8";"10,0";"38,5";"1,58";"20,3";"78,1";"1.875";"2.167";"2.636";"410,6";"422,5";"42,0"
"01056";"Pinneberg";"Landkreis";"5,0";"31,6";"4,6";"6,2";"61,8";"85,5";"193,2";"124,4";"2,1";"7,0";"27,9";"13,2";"31,2";"2,17";"29,0";"68,8";"2.000";"2.590";"3.036";"543,0";"749,0";"49,7"
"01057";"Plön";"Landkreis";"5,0";"32,7";"5,5";"6,2";"56,3";"82,1";"40,2";"148,0";"0,0";"7,1";"31,1";"7,8";"25,0";"3,13";"23,1";"73,8";"1.861";"2.083";"2.771";"450,7";"277,8";"29,3"
"01058";"Rendsburg-Eckernförde";"Landkreis";"4,9";"31,7";"5,5";"5,4";"56,0";"80,3";"52,2";"122,7";"0,9";"6,8";"27,9";"10,8";"32,5";"2,48";"24,3";"73,2";"1.921";"2.314";"2.945";"460,4";"371,3";"38,9"
"01059";"Schleswig-Flensburg";"Landkreis";"6,0";"44,5";"5,5";"6,6";"53,9";"83,2";"40,3";"138,0";"0,8";"7,7";"28,3";"9,5";"33,0";"2,88";"21,7";"75,4";"1.814";"2.165";"2.715";"379,5";"413,4";"35,6"
"01060";"Segeberg";"Landkreis";"4,7";"31,9";"4,8";"5,2";"61,6";"83,9";"91,9";"117,3";"0,4";"6,2";"27,4";"13,9";"36,5";"1,14";"27,2";"71,6";"1.896";"2.610";"3.031";"498,2";"612,2";"56,7"
"01061";"Steinburg";"Landkreis";"6,1";"34,8";"7,4";"6,2";"57,9";"82,8";"52,5";"130,5";"1,2";"8,9";"25,4";"12,8";"30,8";"2,63";"28,5";"68,8";"1.757";"2.353";"2.991";"423,6";"396,6";"54,3"
"01062";"Stormarn";"Landkreis";"3,4";"26,4";"3,6";"4,0";"60,6";"83,5";"147,1";"116,3";"0,8";"4,9";"27,5";"16,2";"38,3";"0,90";"29,5";"69,6";"2.074";"2.582";"3.023";"577,3";"664,6";"61,2"
"02000";"Hamburg, Stadt";"krsfr. Stadt";"6,8";"30,8";"5,6";"7,8";"59,1";"81,9";"1.622,7";"96,9";"0,4";"9,7";"24,5";"11,9";"65,0";"0,10";"15,4";"84,5";"2.022";"3.316";"3.619";"681,2";"1.193,9";"127,9"
"03101";"Braunschweig, Stadt";"krsfr. Stadt";"5,8";"35,6";"4,0";"6,5";"59,6";"83,1";"850,0";"64,6";"0,4";"7,7";"31,2";"16,3";"60,8";"0,05";"21,2";"78,8";"1.795";"2.945";"3.438";"501,8";"755,4";"100,0"
"03102";"Salzgitter, Stadt";"krsfr. Stadt";"10,5";"37,9";"11,1";"9,1";"57,5";"80,5";"254,4";"50,6";"1,2";"14,4";"19,8";"41,8";"30,3";"0,28";"57,8";"42,0";"1.612";"3.258";"4.085";"379,8";"433,1";"104,1"
"03103";"Wolfsburg, Stadt";"krsfr. Stadt";"4,9";"31,9";"5,7";"4,8";"64,4";"84,6";"636,1";"25,9";"2,1";"6,7";"27,5";"91,8";"58,0";"0,04";"61,3";"38,7";"2.008";"4.254";"4.622";"526,0";"1.169,5";"184,6"
"03151";"Gifhorn";"Landkreis";"4,7";"34,2";"5,6";"4,5";"61,2";"82,4";"36,8";"103,8";"1,5";"6,0";"29,4";"9,2";"26,1";"1,36";"25,6";"73,0";"1.922";"2.394";"3.136";"477,7";"286,4";"34,4"
"03153";"Goslar";"Landkreis";"7,1";"36,0";"7,3";"7,5";"55,5";"79,7";"63,8";"95,6";"1,1";"9,8";"30,4";"13,7";"38,2";"0,49";"26,3";"73,2";"1.691";"2.308";"2.858";"366,3";"301,4";"50,7"
"03154";"Helmstedt";"Landkreis";"6,9";"41,6";"7,3";"7,3";"61,6";"84,0";"44,2";"100,7";"0,0";"8,4";"25,2";"10,0";"27,4";"0,99";"26,6";"72,4";"1.878";"2.329";"2.720";"437,4";"281,6";"38,2"
"03155";"Northeim";"Landkreis";"5,8";"37,8";"6,6";"5,8";"60,3";"84,2";"48,9";"95,0";"0,4";"7,8";"27,5";"20,1";"31,7";"3,94";"37,3";"58,7";"1.782";"2.362";"2.931";"381,7";"430,9";"56,8"
"03157";"Peine";"Landkreis";"5,3";"28,3";"5,9";"5,3";"60,4";"82,1";"84,1";"104,9";"0,5";"7,5";"27,9";"11,7";"24,4";"0,98";"32,2";"66,8";"1.763";"2.290";"2.946";"439,7";"234,4";"40,0"
"03158";"Wolfenbüttel";"Landkreis";"5,5";"35,7";"6,1";"6,2";"58,7";"80,8";"51,5";"119,1";"0,0";"7,1";"28,4";"7,8";"23,4";"1,54";"24,5";"74,0";"1.797";"2.273";"2.979";"470,2";"367,4";"36,5"
"03159";"Göttingen";"Landkreis";"5,9";"39,3";"5,6";"5,5";"55,5";"78,7";"99,1";"80,9";"0,9";"8,1";"28,5";"14,1";"45,2";"0,50";"23,7";"75,8";"1.695";"2.534";"3.128";"403,3";"436,9";"63,6"
"03241";"Region Hannover";"Landkreis";"7,1";"41,2";"6,5";"7,3";"57,9";"81,6";"292,5";"80,9";"0,5";"9,8";"27,8";"13,4";"52,8";"0,25";"20,2";"79,6";"1.745";"2.834";"3.387";"470,3";"802,7";"92,6"
"03251";"Diepholz";"Landkreis";"4,2";"29,6";"4,8";"4,2";"62,1";"85,6";"49,6";"117,4";"0,0";"5,8";"28,0";"15,7";"32,7";"2,14";"31,7";"66,1";"1.868";"2.235";"2.822";"433,1";"620,0";"56,2"
"03252";"Hameln-Pyrmont";"Landkreis";"6,8";"39,1";"6,7";"6,7";"59,5";"83,7";"88,5";"96,0";"2,9";"9,2";"27,8";"16,0";"39,3";"0,96";"28,7";"70,4";"1.774";"2.553";"3.142";"406,5";"225,9";"68,8"
"03254";"Hildesheim";"Landkreis";"6,4";"39,7";"6,0";"7,0";"58,0";"82,2";"103,9";"89,9";"0,8";"8,3";"25,2";"15,9";"34,8";"0,43";"31,3";"68,3";"1.717";"2.445";"3.044";"421,4";"343,5";"56,8"
"03255";"Holzminden";"Landkreis";"6,7";"38,8";"6,9";"6,8";"57,1";"80,6";"44,2";"95,7";"0,0";"8,8";"27,0";"22,9";"25,9";"0,89";"46,4";"52,7";"1.716";"2.509";"3.132";"355,2";"575,3";"55,7"
"03256";"Nienburg (Weser)";"Landkreis";"5,3";"32,0";"6,3";"5,5";"60,5";"85,1";"39,9";"105,4";"0,0";"7,3";"24,9";"17,4";"31,0";"2,16";"35,1";"62,7";"1.690";"2.337";"2.866";"369,7";"439,3";"50,2"
"03257";"Schaumburg";"Landkreis";"6,0";"33,4";"7,9";"5,7";"57,6";"80,8";"93,8";"111,5";"0,6";"8,5";"28,3";"12,8";"31,3";"0,69";"28,9";"70,4";"1.776";"2.293";"2.880";"410,0";"306,7";"43,2"
"03351";"Celle";"Landkreis";"7,1";"37,6";"7,2";"7,3";"57,3";"80,8";"52,8";"96,5";"0,0";"9,3";"26,4";"14,5";"34,8";"1,52";"28,9";"69,5";"1.689";"2.456";"3.154";"403,4";"349,8";"50,4"
"03352";"Cuxhaven";"Landkreis";"5,5";"40,0";"5,5";"5,8";"57,9";"83,0";"34,7";"128,5";"0,0";"7,3";"27,6";"9,3";"26,7";"3,73";"24,9";"71,3";"1.749";"2.123";"2.768";"398,2";"305,4";"32,9"
"03353";"Harburg";"Landkreis";"4,1";"30,5";"4,2";"5,5";"61,6";"84,3";"74,6";"151,3";"0,8";"5,5";"30,9";"8,4";"29,2";"2,19";"21,8";"76,0";"2.057";"2.246";"2.718";"550,4";"431,7";"34,7"
"03354";"Lüchow-Dannenberg";"Landkreis";"8,1";"42,9";"9,4";"7,9";"53,8";"76,9";"16,3";"140,1";"0,0";"10,3";"28,9";"14,6";"31,2";"4,13";"30,6";"65,3";"1.649";"2.093";"2.700";"308,0";"320,4";"43,4"
"03355";"Lüneburg";"Landkreis";"5,6";"29,6";"5,7";"6,1";"55,5";"78,5";"62,0";"108,7";"0,6";"7,9";"26,9";"10,6";"35,4";"1,78";"22,6";"75,6";"1.711";"2.353";"2.890";"440,9";"390,8";"44,3"
"03356";"Osterholz";"Landkreis";"3,8";"25,1";"4,6";"3,8";"60,8";"83,3";"59,2";"129,7";"0,0";"5,7";"27,7";"8,9";"26,1";"2,13";"24,8";"73,0";"1.828";"2.155";"2.737";"463,0";"304,7";"33,9"
"03357";"Rotenburg (Wümme)";"Landkreis";"4,3";"37,1";"4,7";"4,9";"61,1";"83,6";"39,4";"107,9";"1,6";"5,8";"26,1";"14,4";"36,1";"2,57";"27,8";"69,6";"1.789";"2.253";"2.850";"393,8";"442,2";"47,9"
"03358";"Heidekreis";"Landkreis";"6,1";"39,6";"5,7";"6,2";"58,8";"82,2";"37,7";"96,1";"0,0";"8,4";"31,0";"13,3";"37,6";"1,82";"25,7";"72,5";"1.686";"2.309";"2.892";"375,9";"337,8";"49,0"
"03359";"Stade";"Landkreis";"5,6";"37,8";"5,5";"5,8";"60,9";"84,7";"70,2";"112,0";"0,7";"7,4";"29,7";"13,7";"31,7";"2,80";"29,4";"67,8";"1.823";"2.440";"3.098";"482,2";"433,5";"53,6"
"03360";"Uelzen";"Landkreis";"5,8";"33,1";"5,8";"6,5";"56,9";"79,7";"28,7";"111,7";"0,0";"7,5";"25,7";"12,1";"36,9";"2,81";"23,9";"73,3";"1.701";"2.198";"2.766";"351,6";"405,1";"50,9"
"03361";"Verden";"Landkreis";"4,8";"35,8";"4,9";"4,5";"61,3";"83,7";"79,2";"105,5";"0,5";"6,8";"26,0";"16,5";"35,4";"2,22";"31,0";"66,8";"1.914";"2.484";"2.926";"458,8";"603,2";"63,0"
"03401";"Delmenhorst, Stadt";"krsfr. Stadt";"10,2";"41,4";"9,6";"9,8";"53,6";"79,7";"533,2";"84,7";"0,0";"15,0";"24,4";"9,3";"32,1";"0,26";"22,5";"77,3";"1.563";"1.993";"2.815";"352,9";"243,3";"45,0"
"03402";"Emden, Stadt";"krsfr. Stadt";"8,7";"39,7";"7,9";"8,6";"55,0";"81,7";"374,6";"44,3";"0,3";"13,5";"28,6";"46,8";"55,8";"0,15";"45,5";"54,3";"1.553";"2.841";"3.562";"351,5";"933,6";"134,7"
"03403";"Oldenburg (Oldenburg), Stadt";"krsfr. Stadt";"7,3";"38,2";"7,1";"7,5";"54,2";"80,0";"1.112,6";"69,6";"0,1";"10,5";"29,4";"7,8";"63,4";"0,09";"10,9";"89,0";"1.595";"2.529";"3.152";"454,3";"635,9";"83,5"
"03404";"Osnabrück, Stadt";"krsfr. Stadt";"7,5";"39,7";"5,8";"7,9";"56,0";"81,1";"1.056,2";"63,2";"0,4";"10,7";"31,4";"16,0";"65,8";"0,06";"19,6";"80,4";"1.695";"2.520";"3.245";"405,2";"611,0";"101,9"
"03405";"Wilhelmshaven, Stadt";"krsfr. Stadt";"11,3";"41,7";"8,7";"11,2";"52,8";"80,9";"418,1";"61,6";"1,1";"15,4";"24,4";"12,9";"49,8";"0,10";"20,5";"79,4";"1.502";"2.485";"3.169";"359,0";"428,8";"65,2"
"03451";"Ammerland";"Landkreis";"4,3";"25,9";"3,7";"4,8";"60,0";"83,2";"80,1";"116,3";"0,0";"6,4";"31,6";"16,6";"33,8";"6,34";"30,8";"62,9";"1.784";"2.338";"2.809";"383,8";"432,0";"45,8"
"03452";"Aurich";"Landkreis";"6,9";"37,4";"6,8";"7,5";"56,5";"82,4";"66,0";"105,9";"0,1";"9,0";"27,5";"12,2";"36,6";"1,83";"24,6";"73,6";"1.638";"2.141";"2.785";"320,5";"498,9";"50,1"
"03453";"Cloppenburg";"Landkreis";"4,8";"34,3";"4,1";"6,3";"59,6";"81,7";"62,2";"120,0";"0,5";"6,8";"23,4";"25,0";"28,7";"3,90";"44,7";"51,4";"1.646";"2.162";"2.609";"292,9";"552,6";"53,4"
"03454";"Emsland";"Landkreis";"3,0";"20,5";"2,9";"3,4";"58,7";"82,8";"63,7";"95,2";"0,2";"5,2";"28,5";"24,9";"35,4";"1,92";"40,5";"57,6";"1.701";"2.332";"2.972";"338,6";"511,2";"62,0"
"03455";"Friesland";"Landkreis";"5,3";"29,8";"4,4";"6,4";"57,9";"81,3";"69,9";"113,0";"0,0";"7,1";"28,3";"12,3";"34,0";"1,80";"26,0";"72,2";"1.682";"2.291";"2.898";"377,1";"350,6";"41,7"
"03456";"Grafschaft Bentheim";"Landkreis";"3,7";"33,2";"3,4";"3,5";"58,0";"83,9";"71,6";"98,0";"0,0";"5,5";"30,1";"19,3";"34,5";"1,50";"35,3";"63,2";"1.619";"2.151";"2.833";"332,9";"460,7";"51,7"
"03457";"Leer";"Landkreis";"6,0";"31,7";"5,7";"6,8";"54,4";"78,6";"65,9";"111,2";"2,4";"8,3";"24,9";"9,9";"31,5";"1,83";"23,4";"74,7";"1.548";"2.069";"2.761";"293,7";"461,3";"38,4"
"03458";"Oldenburg";"Landkreis";"3,7";"28,2";"3,6";"4,6";"62,8";"84,9";"47,0";"139,5";"0,0";"5,9";"29,1";"13,8";"26,0";"3,11";"33,6";"63,3";"1.859";"2.177";"2.720";"415,0";"445,9";"44,2"
"03459";"Osnabrück";"Landkreis";"3,4";"33,3";"2,6";"4,5";"63,5";"86,4";"79,7";"102,2";"1,0";"5,0";"27,7";"21,0";"31,6";"1,72";"39,2";"59,1";"1.835";"2.257";"2.808";"385,5";"477,6";"54,7"
"03460";"Vechta";"Landkreis";"3,9";"25,4";"3,7";"4,9";"64,4";"89,7";"114,5";"94,6";"0,0";"5,7";"27,0";"30,2";"40,0";"3,33";"41,6";"55,1";"1.780";"2.343";"2.821";"389,3";"673,7";"68,3"
"03461";"Wesermarsch";"Landkreis";"6,8";"42,2";"5,9";"7,3";"59,1";"82,9";"48,4";"97,0";"1,1";"9,0";"28,0";"23,3";"26,9";"1,80";"45,6";"52,6";"1.730";"2.706";"3.428";"394,3";"694,6";"69,0"
"03462";"Wittmund";"Landkreis";"6,3";"26,8";"4,8";"8,2";"57,0";"80,7";"37,3";"134,4";"0,1";"8,2";"30,3";"9,6";"33,1";"2,96";"21,8";"75,2";"1.693";"2.051";"2.685";"302,7";"467,6";"43,0"
"04011";"Bremen, Stadt";"krsfr. Stadt";"9,7";"44,6";"8,6";"9,2";"53,6";"77,5";"1.094,5";"72,9";"0,9";"13,7";"26,2";"16,6";"56,3";"0,04";"22,7";"77,2";"1.764";"2.863";"3.445";"398,3";"905,1";"99,9"
"04012";"Bremerhaven, Stadt";"krsfr. Stadt";"13,0";"42,2";"12,6";"11,4";"54,5";"81,5";"728,8";"72,0";"4,1";"19,0";"24,0";"0,0";"57,2";"0,00";"0,0";"78,9";"1.485";"2.749";"3.196";"300,7";"498,7";"75,2"
"05111";"Düsseldorf, Stadt";"krsfr. Stadt";"7,4";"36,5";"5,8";"9,1";"58,0";"79,6";"2.411,3";"82,2";"0,4";"10,6";"25,1";"12,3";"86,4";"0,14";"12,5";"87,4";"2.072";"3.569";"3.882";"575,3";"1.565,4";"172,6"
"05112";"Duisburg, Stadt";"krsfr. Stadt";"12,5";"44,1";"10,7";"10,8";"51,0";"76,8";"970,5";"73,5";"1,2";"16,2";"21,8";"14,1";"38,3";"0,06";"26,8";"73,1";"1.395";"2.966";"3.467";"366,7";"508,3";"74,9"
"05113";"Essen, Stadt";"krsfr. Stadt";"11,4";"43,4";"10,9";"9,4";"52,2";"77,9";"1.568,8";"77,9";"0,8";"16,6";"23,4";"10,8";"52,5";"0,06";"17,0";"82,9";"1.679";"2.938";"3.451";"447,4";"800,0";"101,9"
"05114";"Krefeld, Stadt";"krsfr. Stadt";"10,4";"47,3";"7,3";"10,9";"54,9";"81,0";"868,4";"89,6";"3,2";"14,0";"24,8";"19,4";"42,6";"0,55";"31,1";"68,4";"1.753";"2.964";"3.423";"456,2";"578,9";"91,6"
"05116";"Mönchengladbach, Stadt";"krsfr. Stadt";"10,2";"40,9";"8,9";"10,0";"54,2";"79,3";"782,2";"92,2";"0,5";"13,8";"24,8";"12,8";"43,1";"0,15";"22,9";"77,0";"1.718";"2.597";"3.047";"409,3";"656,5";"78,0"
"05117";"Mülheim an der Ruhr, Stadt";"krsfr. Stadt";"8,0";"53,4";"4,1";"8,6";"53,9";"77,5";"893,6";"93,4";"0,1";"11,6";"24,3";"16,5";"38,6";"0,21";"29,9";"69,9";"1.915";"3.011";"3.523";"508,8";"538,8";"91,6"
"05119";"Oberhausen, Stadt";"krsfr. Stadt";"10,8";"48,6";"10,5";"9,9";"52,7";"79,3";"1.220,8";"88,0";"1,6";"14,3";"22,7";"0,0";"34,7";"0,00";"0,0";"74,4";"1.513";"2.647";"3.272";"407,2";"383,9";"70,1"
"05120";"Remscheid, Stadt";"krsfr. Stadt";"8,5";"43,3";"8,0";"7,7";"57,5";"82,1";"793,5";"89,4";"4,0";"11,5";"24,2";"27,2";"36,1";"0,06";"43,0";"57,0";"1.858";"2.829";"3.323";"446,6";"537,2";"97,9"
"05122";"Solingen, Stadt";"krsfr. Stadt";"8,3";"40,9";"9,2";"7,7";"58,5";"83,0";"808,2";"105,6";"0,4";"11,3";"23,0";"17,8";"32,7";"0,06";"35,2";"64,7";"1.945";"2.665";"3.085";"461,7";"581,2";"76,6"
"05124";"Wuppertal, Stadt";"krsfr. Stadt";"9,3";"38,6";"9,0";"7,6";"53,6";"77,8";"1.016,9";"91,8";"1,3";"17,4";"0,0";"13,8";"40,5";"0,05";"25,4";"74,6";"1.724";"2.836";"3.379";"433,0";"830,9";"80,6"
"05154";"Kleve";"Landkreis";"6,2";"45,6";"5,8";"6,6";"53,9";"79,2";"119,8";"111,4";"0,1";"8,0";"29,5";"11,4";"33,9";"4,96";"23,9";"71,1";"1.662";"2.286";"2.882";"387,1";"448,3";"55,3"
"05158";"Mettmann";"Landkreis";"6,2";"42,3";"4,8";"7,4";"59,8";"84,6";"614,9";"98,1";"0,9";"8,3";"26,3";"18,6";"42,0";"0,23";"30,6";"69,1";"2.082";"3.122";"3.473";"565,9";"1.347,3";"91,3"
"05162";"Rhein-Kreis Neuss";"Landkreis";"5,7";"38,5";"4,0";"6,5";"59,3";"82,3";"351,8";"105,8";"1,3";"7,4";"26,2";"13,7";"36,3";"0,82";"27,2";"71,9";"2.051";"3.080";"3.446";"563,3";"1.023,5";"80,7"
"05166";"Viersen";"Landkreis";"6,4";"39,5";"5,2";"7,8";"56,1";"82,5";"227,5";"121,7";"0,3";"8,4";"26,6";"13,3";"31,5";"2,24";"29,1";"68,7";"1.872";"2.496";"2.969";"487,3";"452,2";"61,7"
"05170";"Wesel";"Landkreis";"6,9";"41,5";"6,3";"6,9";"55,7";"81,4";"190,7";"103,2";"0,5";"8,8";"25,8";"12,2";"32,4";"0,76";"27,2";"72,0";"1.783";"2.411";"3.047";"470,0";"462,1";"56,9"
"05314";"Bonn, Stadt";"krsfr. Stadt";"6,7";"44,0";"5,2";"7,4";"51,8";"75,8";"1.723,9";"73,3";"0,9";"9,5";"25,4";"6,3";"72,6";"0,07";"8,0";"91,9";"1.911";"3.240";"3.857";"582,2";"829,4";"102,6"
"05315";"Köln, Stadt";"krsfr. Stadt";"8,4";"44,2";"5,6";"10,9";"54,3";"76,9";"1.840,7";"87,3";"0,5";"11,3";"26,3";"10,9";"63,3";"0,04";"14,7";"85,3";"1.788";"3.254";"3.696";"506,4";"1.128,5";"120,2"
"05316";"Leverkusen, Stadt";"krsfr. Stadt";"8,1";"39,4";"8,0";"8,3";"58,4";"81,8";"1.037,9";"75,7";"0,0";"10,8";"28,1";"19,0";"40,5";"0,11";"31,9";"68,0";"1.742";"3.571";"4.170";"491,0";"608,5";"107,4"
"05334";"Städteregion Aachen";"Landkreis";"7,8";"44,2";"5,4";"8,5";"52,9";"79,6";"426,3";"91,1";"1,3";"10,3";"25,4";"13,0";"43,2";"0,16";"23,1";"76,7";"1.651";"2.725";"3.365";"437,8";"634,5";"73,5"
"05358";"Düren";"Landkreis";"7,1";"42,1";"7,1";"6,5";"56,1";"81,1";"126,7";"98,5";"1,4";"9,3";"25,0";"14,7";"32,9";"0,87";"30,6";"68,5";"1.713";"2.434";"3.236";"444,0";"491,9";"63,3"
"05362";"Rhein-Erft-Kreis";"Landkreis";"6,7";"42,5";"5,9";"8,3";"58,9";"83,0";"278,7";"110,6";"0,3";"8,4";"25,5";"11,8";"33,7";"0,86";"25,7";"73,4";"1.820";"2.762";"3.188";"532,0";"731,0";"65,4"
"05366";"Euskirchen";"Landkreis";"5,4";"39,6";"4,4";"6,3";"56,9";"84,5";"66,2";"111,9";"0,1";"6,8";"23,4";"12,9";"32,0";"0,74";"28,5";"70,8";"1.745";"2.404";"3.079";"436,7";"535,4";"52,3"
"05370";"Heinsberg";"Landkreis";"5,7";"32,3";"5,2";"6,4";"54,5";"79,6";"167,2";"115,5";"0,7";"7,5";"26,8";"12,1";"29,2";"0,92";"29,1";"70,0";"1.620";"2.270";"2.926";"392,3";"443,3";"44,0"
"05374";"Oberbergischer Kreis";"Landkreis";"5,3";"40,0";"5,1";"6,4";"60,1";"84,0";"154,4";"94,6";"0,6";"6,9";"24,6";"23,9";"34,3";"0,40";"40,9";"58,7";"1.892";"2.704";"3.320";"444,8";"672,7";"78,7"
"05378";"Rheinisch-Bergischer Kreis";"Landkreis";"6,0";"45,5";"5,2";"7,3";"58,1";"82,4";"259,2";"128,8";"1,1";"7,8";"28,7";"11,2";"29,4";"0,43";"27,5";"72,1";"2.106";"2.553";"3.192";"581,8";"398,4";"51,8"
"05382";"Rhein-Sieg-Kreis";"Landkreis";"5,2";"37,7";"5,3";"5,2";"56,8";"81,7";"207,3";"117,1";"0,7";"6,9";"26,7";"10,8";"29,1";"0,87";"26,9";"72,3";"1.912";"2.431";"3.082";"539,8";"426,9";"49,7"
"05512";"Bottrop, Stadt";"krsfr. Stadt";"7,7";"40,3";"8,0";"7,2";"52,9";"78,0";"473,7";"92,1";"0,0";"11,0";"24,0";"12,4";"31,2";"0,53";"28,3";"71,2";"1.638";"2.518";"3.149";"430,5";"352,3";"60,0"
"05513";"Gelsenkirchen, Stadt";"krsfr. Stadt";"14,0";"42,1";"12,2";"12,3";"47,8";"75,0";"1.076,4";"78,0";"0,5";"19,5";"21,7";"10,7";"35,5";"0,07";"23,1";"76,8";"1.345";"2.706";"3.242";"328,2";"615,8";"70,2"
"05515";"Münster, Stadt";"krsfr. Stadt";"5,4";"42,8";"3,8";"6,6";"51,4";"74,5";"732,7";"73,0";"0,2";"7,2";"29,4";"9,7";"64,5";"0,40";"13,0";"86,6";"1.850";"2.940";"3.432";"502,6";"984,7";"110,5"
"05554";"Borken";"Landkreis";"3,7";"35,9";"3,0";"4,9";"59,8";"85,7";"145,0";"96,7";"0,7";"5,1";"30,6";"23,5";"33,8";"1,21";"40,5";"58,3";"1.795";"2.400";"3.091";"394,7";"698,8";"69,7"
"05558";"Coesfeld";"Landkreis";"3,0";"25,3";"3,3";"3,4";"60,7";"83,6";"88,4";"117,3";"0,3";"4,5";"29,9";"13,8";"31,7";"2,00";"29,8";"68,2";"1.915";"2.314";"3.000";"473,8";"438,7";"52,6"
"05562";"Recklinghausen";"Landkreis";"10,2";"53,3";"8,9";"10,1";"54,0";"80,9";"315,9";"101,7";"0,7";"12,4";"23,2";"10,8";"30,1";"0,49";"26,2";"73,3";"1.656";"2.465";"3.127";"428,4";"432,2";"55,0"
"05566";"Steinfurt";"Landkreis";"4,5";"32,8";"4,9";"4,5";"60,9";"84,9";"123,1";"93,8";"0,8";"6,3";"28,5";"17,4";"35,0";"0,97";"32,9";"66,1";"1.775";"2.405";"2.976";"399,6";"571,7";"59,5"
"05570";"Warendorf";"Landkreis";"5,5";"42,7";"5,5";"5,6";"61,3";"85,7";"98,9";"101,1";"2,8";"6,9";"26,9";"20,2";"29,1";"1,34";"40,5";"58,2";"1.880";"2.563";"3.201";"432,4";"510,4";"66,0"
"05711";"Bielefeld, Stadt";"krsfr. Stadt";"8,3";"43,8";"7,0";"8,2";"55,8";"79,3";"781,8";"76,8";"1,2";"10,9";"27,4";"15,0";"53,9";"0,16";"21,8";"78,1";"1.887";"2.724";"3.310";"417,5";"721,9";"93,5"
"05754";"Gütersloh";"Landkreis";"4,5";"34,8";"4,1";"4,7";"63,6";"85,3";"223,0";"78,5";"0,9";"6,2";"26,6";"32,9";"38,4";"0,65";"45,8";"53,6";"2.019";"2.773";"3.177";"451,4";"1.008,0";"91,4"
"05758";"Herford";"Landkreis";"5,6";"35,2";"5,4";"6,4";"61,3";"83,5";"279,1";"95,5";"1,5";"7,7";"26,6";"23,5";"33,3";"0,43";"41,2";"58,4";"1.842";"2.604";"3.055";"426,9";"640,2";"78,6"
"05762";"Höxter";"Landkreis";"4,6";"34,2";"4,5";"5,2";"59,3";"82,1";"53,5";"113,1";"0,3";"6,6";"27,6";"16,8";"31,3";"1,04";"34,6";"64,4";"1.776";"2.303";"2.901";"371,7";"426,5";"56,8"
"05766";"Lippe";"Landkreis";"6,6";"42,7";"6,7";"5,8";"59,6";"82,7";"126,7";"98,9";"0,9";"9,2";"27,1";"17,9";"31,7";"0,79";"35,8";"63,4";"1.858";"2.605";"3.185";"410,4";"534,2";"66,6"
"05770";"Minden-Lübbecke";"Landkreis";"5,1";"33,3";"5,9";"4,9";"61,6";"83,1";"145,2";"88,8";"1,4";"7,6";"24,6";"21,4";"41,7";"0,50";"33,8";"65,8";"1.859";"2.617";"3.097";"406,6";"710,0";"78,9"
"05774";"Paderborn";"Landkreis";"5,6";"36,0";"5,0";"7,0";"57,8";"81,6";"129,6";"90,4";"2,8";"7,7";"28,1";"17,3";"38,7";"0,71";"30,7";"68,6";"1.740";"2.556";"3.077";"413,6";"532,2";"68,6"
"05911";"Bochum, Stadt";"krsfr. Stadt";"9,7";"42,3";"8,5";"10,0";"52,5";"78,5";"1.263,1";"83,4";"3,7";"13,6";"23,2";"9,5";"44,4";"0,03";"17,6";"82,3";"1.635";"2.694";"3.273";"451,7";"428,5";"76,6"
"05913";"Dortmund, Stadt";"krsfr. Stadt";"11,1";"41,7";"9,7";"10,6";"53,1";"79,3";"1.116,9";"80,6";"0,5";"15,4";"24,0";"10,6";"49,0";"0,05";"17,8";"82,1";"1.579";"2.840";"3.315";"405,7";"642,6";"81,1"
"05914";"Hagen, Stadt";"krsfr. Stadt";"10,3";"45,3";"10,6";"9,4";"56,1";"82,9";"610,9";"78,2";"0,5";"13,8";"23,5";"15,9";"42,6";"0,07";"27,1";"72,8";"1.651";"2.750";"3.267";"398,0";"583,6";"84,7"
"05915";"Hamm, Stadt";"krsfr. Stadt";"9,2";"47,2";"7,8";"7,9";"53,6";"78,1";"360,4";"83,1";"0,0";"12,9";"23,3";"11,9";"37,7";"0,13";"23,9";"76,0";"1.500";"2.477";"3.022";"348,9";"391,6";"63,3"
"05916";"Herne, Stadt";"krsfr. Stadt";"12,1";"40,0";"11,0";"10,9";"50,1";"75,7";"1.202,0";"84,1";"19,6";"18,2";"22,0";"10,7";"32,7";"0,04";"24,6";"75,4";"1.461";"2.797";"3.295";"355,7";"301,0";"65,1"
"05954";"Ennepe-Ruhr-Kreis";"Landkreis";"6,4";"37,0";"5,3";"6,6";"57,8";"81,7";"357,6";"100,4";"3,1";"9,8";"25,6";"18,9";"31,9";"0,23";"37,1";"62,6";"2.020";"2.703";"3.267";"509,6";"592,0";"76,9"
"05958";"Hochsauerlandkreis";"Landkreis";"4,5";"38,5";"4,3";"4,9";"61,6";"86,2";"74,9";"97,5";"0,5";"6,4";"27,4";"25,1";"35,4";"0,83";"41,1";"58,0";"1.935";"2.495";"3.186";"422,8";"713,2";"78,0"
"05962";"Märkischer Kreis";"Landkreis";"6,5";"40,5";"5,4";"7,6";"60,3";"84,5";"203,9";"84,7";"0,8";"8,7";"24,9";"30,2";"29,6";"0,27";"50,3";"49,4";"2.014";"2.787";"3.314";"465,3";"733,8";"88,5"
"05966";"Olpe";"Landkreis";"4,0";"32,0";"3,6";"4,7";"63,2";"88,7";"108,5";"80,9";"0,8";"5,4";"24,4";"34,3";"29,7";"0,44";"53,3";"46,3";"2.273";"2.638";"3.290";"488,3";"765,6";"88,2"
"05970";"Siegen-Wittgenstein";"Landkreis";"5,1";"34,5";"5,0";"5,9";"60,2";"85,4";"137,4";"78,9";"1,7";"7,1";"24,2";"26,1";"36,6";"0,25";"41,5";"58,2";"1.938";"2.802";"3.418";"468,9";"775,1";"92,7"
"05974";"Soest";"Landkreis";"5,8";"36,4";"5,3";"6,6";"59,5";"84,6";"114,4";"97,2";"0,3";"7,5";"28,0";"21,4";"33,3";"1,41";"38,5";"60,1";"1.824";"2.576";"3.174";"433,5";"614,7";"71,7"
"05978";"Unna";"Landkreis";"7,9";"41,2";"6,1";"8,2";"56,4";"82,4";"324,0";"92,0";"1,9";"10,8";"25,6";"12,9";"36,4";"0,31";"26,1";"73,6";"1.739";"2.568";"2.948";"428,7";"486,7";"66,4"
"06411";"Darmstadt, Stadt";"krsfr. Stadt";"5,9";"35,7";"5,7";"6,4";"55,3";"77,6";"1.073,7";"71,2";"0,0";"7,6";"28,6";"22,6";"69,5";"0,13";"24,5";"75,4";"1.820";"3.319";"4.185";"597,7";"882,2";"123,4"
"06412";"Frankfurt am Main, Stadt";"krsfr. Stadt";"5,9";"32,9";"5,7";"7,0";"56,9";"75,6";"2.773,2";"66,1";"0,4";"8,5";"27,7";"11,6";"96,6";"0,03";"10,7";"89,3";"1.803";"3.710";"4.182";"607,4";"2.330,1";"231,6"
"06413";"Offenbach am Main, Stadt";"krsfr. Stadt";"9,7";"40,5";"6,6";"10,6";"59,6";"81,6";"1.477,2";"99,4";"0,0";"13,1";"28,7";"11,1";"44,2";"0,04";"20,0";"79,9";"1.469";"3.065";"3.450";"431,9";"467,6";"87,0"
"06414";"Wiesbaden, Stadt";"krsfr. Stadt";"7,4";"41,0";"8,5";"7,6";"58,7";"82,6";"903,8";"90,2";"0,7";"9,7";"31,4";"11,3";"62,4";"0,21";"15,3";"84,5";"1.906";"3.221";"3.758";"638,9";"1.223,4";"112,9"
"06431";"Bergstraße";"Landkreis";"3,8";"36,1";"2,1";"4,4";"59,3";"82,9";"149,9";"133,5";"0,1";"5,4";"25,2";"13,4";"27,9";"1,16";"32,1";"66,7";"1.940";"2.671";"3.029";"597,9";"545,2";"46,7"
"06432";"Darmstadt-Dieburg";"Landkreis";"4,7";"43,3";"5,1";"5,6";"60,0";"83,4";"164,3";"126,3";"0,6";"5,8";"27,2";"12,0";"26,0";"1,12";"31,3";"67,5";"1.970";"2.704";"3.131";"633,7";"473,6";"45,5"
"06433";"Groß-Gerau";"Landkreis";"5,4";"38,0";"5,6";"5,2";"61,0";"82,4";"270,3";"92,5";"0,6";"7,5";"25,6";"18,2";"36,4";"0,45";"33,2";"66,4";"1.719";"3.205";"3.687";"568,7";"481,2";"73,9"
"06434";"Hochtaunuskreis";"Landkreis";"3,6";"40,7";"3,9";"4,0";"58,2";"78,7";"249,7";"112,1";"1,9";"5,3";"26,8";"11,9";"50,7";"0,25";"19,0";"80,8";"2.626";"3.201";"4.024";"797,9";"882,5";"79,9"
"06435";"Main-Kinzig-Kreis";"Landkreis";"4,6";"34,1";"5,3";"4,2";"59,7";"82,0";"127,5";"115,0";"1,2";"6,6";"23,6";"16,5";"32,3";"0,40";"33,7";"65,9";"1.900";"2.752";"3.134";"558,5";"584,1";"55,8"
"06436";"Main-Taunus-Kreis";"Landkreis";"3,7";"34,6";"4,5";"3,5";"62,1";"82,5";"535,4";"106,4";"0,8";"5,4";"29,9";"9,5";"55,4";"0,24";"14,7";"85,1";"2.207";"3.347";"4.061";"799,1";"1.455,3";"85,0"
"06437";"Odenwaldkreis";"Landkreis";"5,0";"42,3";"5,3";"6,8";"58,9";"84,2";"63,4";"124,8";"0,0";"6,1";"28,6";"17,6";"26,1";"0,66";"40,0";"59,4";"1.790";"2.556";"2.958";"482,9";"316,1";"43,2"
"06438";"Offenbach";"Landkreis";"4,5";"28,8";"4,6";"4,5";"60,9";"82,4";"458,2";"115,6";"0,4";"6,5";"29,0";"13,2";"40,7";"0,24";"24,4";"75,4";"1.947";"3.084";"3.477";"636,2";"634,5";"67,8"
"06439";"Rheingau-Taunus-Kreis";"Landkreis";"4,6";"41,3";"4,7";"4,9";"57,8";"81,4";"83,6";"141,5";"0,3";"6,0";"26,7";"9,6";"27,2";"1,11";"25,8";"73,1";"2.047";"2.608";"3.172";"661,7";"372,0";"38,7"
"06440";"Wetteraukreis";"Landkreis";"4,3";"33,3";"4,9";"4,7";"58,9";"81,8";"111,9";"125,2";"0,2";"6,1";"27,4";"10,9";"31,1";"0,75";"25,7";"73,6";"1.906";"2.761";"3.156";"596,1";"371,2";"42,9"
"06531";"Gießen";"Landkreis";"5,8";"43,1";"4,9";"6,4";"52,9";"78,2";"160,3";"91,0";"0,8";"8,3";"25,3";"13,3";"39,0";"0,31";"25,4";"74,3";"1.669";"2.702";"3.237";"486,7";"506,3";"55,6"
"06532";"Lahn-Dill-Kreis";"Landkreis";"5,4";"44,2";"5,2";"6,4";"58,5";"83,3";"117,9";"94,9";"0,4";"7,1";"26,6";"23,0";"32,9";"0,22";"41,1";"58,7";"1.904";"2.813";"3.300";"496,2";"578,6";"63,5"
"06533";"Limburg-Weilburg";"Landkreis";"4,5";"32,1";"4,2";"4,4";"56,3";"81,8";"104,5";"121,6";"0,0";"6,9";"25,9";"14,1";"32,3";"0,34";"30,3";"69,3";"1.778";"2.702";"2.982";"515,7";"491,1";"46,6"
"06534";"Marburg-Biedenkopf";"Landkreis";"3,8";"33,0";"3,7";"3,7";"55,6";"78,6";"101,6";"85,3";"4,1";"6,0";"27,6";"19,9";"34,4";"0,30";"36,6";"63,1";"1.708";"2.743";"3.331";"498,0";"665,5";"64,1"
"06535";"Vogelsbergkreis";"Landkreis";"4,1";"29,3";"4,9";"4,6";"60,3";"84,5";"31,6";"119,3";"2,7";"5,5";"25,4";"16,6";"29,5";"1,32";"35,6";"63,1";"1.805";"2.508";"2.954";"441,0";"338,3";"46,6"
"06611";"Kassel, Stadt";"krsfr. Stadt";"8,2";"35,1";"7,8";"7,8";"53,0";"78,0";"1.419,6";"73,8";"0,0";"11,9";"26,2";"16,9";"64,3";"0,05";"20,8";"79,2";"1.570";"2.814";"3.397";"464,1";"861,1";"113,6"
"06631";"Fulda";"Landkreis";"2,9";"24,3";"2,8";"3,6";"59,6";"83,6";"93,1";"93,4";"1,1";"4,9";"27,4";"19,5";"43,7";"0,36";"30,8";"68,9";"1.832";"2.733";"2.947";"434,2";"497,2";"61,6"
"06632";"Hersfeld-Rotenburg";"Landkreis";"4,4";"39,8";"4,6";"4,8";"59,9";"83,4";"57,4";"89,7";"1,4";"5,7";"26,7";"18,0";"44,2";"0,68";"28,7";"70,6";"1.706";"2.847";"2.848";"433,0";"259,8";"65,3"
"06633";"Kassel";"Landkreis";"4,2";"32,1";"4,8";"4,7";"60,9";"85,0";"75,1";"103,8";"0,1";"5,5";"27,9";"21,6";"27,6";"0,64";"43,7";"55,7";"1.830";"2.966";"3.474";"518,1";"413,9";"56,6"
"06634";"Schwalm-Eder-Kreis";"Landkreis";"4,3";"31,0";"4,7";"4,7";"60,4";"83,8";"50,2";"111,0";"0,8";"5,6";"25,3";"15,7";"30,2";"0,89";"33,8";"65,3";"1.738";"2.784";"3.013";"472,1";"309,5";"40,3"
"06635";"Waldeck-Frankenberg";"Landkreis";"3,9";"29,8";"3,8";"5,0";"62,8";"86,4";"46,3";"102,7";"0,2";"6,1";"25,1";"23,4";"37,8";"0,86";"37,9";"61,2";"1.751";"2.663";"3.071";"434,3";"422,3";"54,8"
"06636";"Werra-Meißner-Kreis";"Landkreis";"5,6";"34,4";"6,3";"6,4";"56,7";"81,4";"41,1";"125,2";"0,3";"7,7";"25,8";"12,8";"30,4";"1,96";"29,1";"69,0";"1.647";"2.420";"2.821";"397,2";"274,1";"42,8"
"07111";"Koblenz, Stadt";"krsfr. Stadt";"6,1";"32,5";"4,5";"5,9";"53,7";"79,7";"1.004,0";"65,1";"0,0";"9,5";"26,2";"13,8";"82,7";"0,15";"14,3";"85,5";"1.745";"2.893";"3.354";"430,2";"1.130,4";"116,3"
"07131";"Ahrweiler";"Landkreis";"3,8";"28,0";"3,3";"4,3";"57,7";"83,3";"66,8";"128,7";"0,0";"6,1";"25,9";"12,0";"28,6";"1,29";"29,1";"69,6";"1.908";"2.304";"2.928";"413,5";"326,8";"38,0"
"07132";"Altenkirchen (Westerwald)";"Landkreis";"4,7";"32,9";"4,1";"5,6";"58,9";"84,4";"85,4";"103,4";"0,0";"7,0";"25,7";"19,4";"25,0";"0,52";"43,5";"56,0";"1.766";"2.360";"3.059";"372,4";"383,8";"48,1"
"07133";"Bad Kreuznach";"Landkreis";"6,2";"38,6";"6,4";"6,5";"59,0";"83,8";"86,5";"109,2";"0,0";"8,2";"26,6";"15,3";"36,2";"0,86";"29,5";"69,6";"1.803";"2.477";"3.141";"397,9";"366,3";"53,6"
"07134";"Birkenfeld";"Landkreis";"6,0";"41,3";"6,8";"5,7";"58,4";"84,1";"49,8";"101,4";"7,9";"7,9";"23,6";"18,6";"33,5";"0,46";"35,6";"64,0";"1.790";"2.329";"2.858";"338,3";"333,8";"57,0"
"07135";"Cochem-Zell";"Landkreis";"3,6";"27,9";"3,4";"4,3";"59,2";"84,8";"45,1";"125,5";"0,1";"5,0";"28,2";"11,7";"36,0";"1,66";"24,2";"74,2";"1.824";"2.189";"2.876";"350,8";"350,3";"41,7"
"07137";"Mayen-Koblenz";"Landkreis";"3,5";"24,9";"3,8";"4,1";"58,4";"83,2";"120,4";"103,2";"0,3";"5,6";"27,8";"16,1";"32,2";"0,52";"33,2";"66,3";"1.820";"2.410";"2.978";"420,3";"445,8";"52,0"
"07138";"Neuwied";"Landkreis";"5,3";"32,7";"4,5";"5,9";"58,9";"83,0";"131,2";"109,7";"0,0";"7,7";"26,4";"19,9";"31,0";"0,54";"38,8";"60,6";"1.885";"2.510";"3.114";"402,9";"533,2";"61,0"
"07140";"Rhein-Hunsrück-Kreis";"Landkreis";"3,7";"30,7";"3,6";"4,5";"61,4";"86,6";"54,9";"99,3";"0,0";"5,1";"26,0";"20,4";"35,1";"0,72";"36,5";"62,8";"1.930";"2.428";"3.032";"393,5";"473,8";"52,4"
"07141";"Rhein-Lahn-Kreis";"Landkreis";"3,5";"24,0";"2,1";"3,8";"58,8";"83,2";"62,5";"115,5";"0,0";"5,3";"27,5";"13,8";"26,6";"0,66";"33,9";"65,5";"1.823";"2.381";"3.018";"408,2";"335,0";"40,6"
"07143";"Westerwaldkreis";"Landkreis";"3,3";"21,9";"2,7";"3,9";"59,7";"85,0";"99,9";"103,2";"1,8";"5,0";"25,5";"20,9";"30,1";"0,46";"40,8";"58,8";"2.005";"2.371";"2.958";"405,8";"579,5";"53,8"
"07211";"Trier, Stadt";"krsfr. Stadt";"5,1";"24,9";"4,3";"5,4";"43,7";"75,2";"690,7";"73,5";"0,0";"7,5";"26,6";"13,8";"57,2";"0,28";"19,4";"80,3";"1.691";"2.519";"3.153";"335,1";"546,9";"83,0"
"07231";"Bernkastel-Wittlich";"Landkreis";"3,5";"23,6";"3,6";"4,7";"59,2";"86,2";"49,8";"115,2";"0,0";"4,9";"27,7";"22,8";"31,7";"1,75";"41,2";"57,1";"1.876";"2.353";"2.894";"361,5";"585,0";"55,6"
"07232";"Eifelkreis Bitburg-Prüm";"Landkreis";"3,0";"23,4";"2,6";"3,3";"46,4";"81,3";"25,8";"137,7";"0,0";"4,1";"25,7";"17,2";"25,6";"1,05";"39,8";"59,2";"1.776";"2.418";"3.119";"297,2";"406,9";"48,3"
"07233";"Vulkaneifel";"Landkreis";"4,3";"39,1";"4,0";"4,7";"58,1";"85,7";"34,1";"103,6";"0,0";"5,5";"25,6";"18,5";"31,1";"1,09";"36,8";"62,0";"1.775";"2.296";"2.948";"354,0";"460,6";"48,7"
"07235";"Trier-Saarburg";"Landkreis";"3,0";"27,3";"3,0";"3,3";"46,5";"82,2";"44,5";"135,0";"0,0";"4,1";"29,3";"11,0";"19,6";"1,71";"35,4";"62,9";"1.879";"2.106";"2.899";"337,0";"216,1";"27,7"
"07311";"Frankenthal (Pfalz), Stadt";"krsfr. Stadt";"7,0";"35,8";"6,3";"7,4";"53,3";"76,8";"517,1";"101,5";"0,1";"10,2";"25,7";"19,3";"34,6";"0,42";"35,6";"63,9";"1.767";"3.125";"3.487";"408,8";"451,1";"70,8"
"07312";"Kaiserslautern, Stadt";"krsfr. Stadt";"9,4";"39,9";"8,3";"10,6";"52,2";"78,1";"507,6";"77,7";"0,0";"12,6";"26,3";"16,8";"61,2";"0,04";"21,6";"78,4";"1.560";"2.696";"3.407";"365,3";"722,5";"89,6"
"07313";"Landau in der Pfalz, Stadt";"krsfr. Stadt";"5,3";"33,4";"4,8";"5,8";"53,5";"79,2";"384,0";"93,6";"0,0";"7,3";"28,0";"11,3";"57,8";"0,37";"16,3";"83,3";"1.757";"2.382";"3.051";"430,4";"545,5";"73,8"
"07314";"Ludwigshafen am Rhein, Stadt";"krsfr. Stadt";"8,3";"33,2";"8,3";"7,9";"57,9";"79,9";"1.632,0";"52,6";"0,0";"12,2";"26,1";"43,4";"48,8";"0,08";"47,0";"52,9";"1.607";"3.789";"4.534";"381,1";"1.086,6";"149,3"
"07315";"Mainz, Stadt";"krsfr. Stadt";"6,1";"34,2";"5,1";"6,8";"54,1";"76,7";"1.593,3";"69,3";"0,2";"8,3";"26,1";"9,1";"64,9";"0,09";"12,3";"87,6";"1.777";"2.996";"3.554";"494,9";"753,0";"109,4"
"07316";"Neustadt an der Weinstraße, Stadt";"krsfr. Stadt";"5,6";"29,7";"6,5";"5,2";"59,3";"85,1";"240,7";"120,1";"0,0";"7,9";"27,7";"8,9";"42,2";"0,87";"17,3";"81,9";"2.112";"2.340";"2.933";"465,7";"396,7";"54,9"
"07317";"Pirmasens, Stadt";"krsfr. Stadt";"12,3";"45,3";"12,1";"12,0";"54,9";"81,9";"434,2";"94,5";"7,7";"16,4";"21,1";"24,3";"56,5";"0,04";"30,1";"69,9";"1.632";"2.400";"3.031";"300,2";"474,6";"93,6"
"07318";"Speyer, Stadt";"krsfr. Stadt";"5,7";"38,3";"5,5";"5,6";"58,2";"82,0";"917,5";"77,1";"0,0";"8,2";"28,9";"20,9";"67,2";"0,03";"23,7";"76,3";"1.983";"2.763";"3.346";"479,9";"819,4";"90,8"
"07319";"Worms, Stadt";"krsfr. Stadt";"7,3";"34,1";"7,5";"6,3";"59,8";"82,8";"403,0";"94,8";"0,0";"10,6";"24,9";"17,3";"43,5";"0,71";"28,3";"71,0";"1.687";"2.548";"3.102";"394,1";"706,3";"72,0"
"07320";"Zweibrücken, Stadt";"krsfr. Stadt";"6,9";"37,4";"6,8";"7,6";"56,9";"81,8";"315,3";"86,0";"2,0";"9,5";"26,2";"24,2";"42,4";"0,37";"36,2";"63,4";"1.642";"2.805";"3.348";"376,3";"738,7";"89,5"
"07331";"Alzey-Worms";"Landkreis";"4,0";"28,2";"4,5";"4,5";"60,2";"82,5";"77,2";"149,8";"0,0";"5,7";"26,7";"9,5";"23,4";"3,34";"27,9";"68,8";"1.847";"2.257";"2.848";"463,6";"286,6";"34,9"
"07332";"Bad Dürkheim";"Landkreis";"3,9";"30,9";"4,0";"4,7";"60,5";"84,3";"81,3";"146,0";"0,9";"5,5";"25,9";"9,1";"26,8";"3,54";"24,4";"72,1";"2.129";"2.232";"2.947";"509,0";"302,5";"36,1"
"07333";"Donnersbergkreis";"Landkreis";"5,0";"32,6";"5,0";"5,1";"60,4";"84,2";"47,6";"108,2";"0,0";"6,5";"23,8";"18,3";"25,6";"0,89";"41,3";"57,8";"1.782";"2.529";"3.393";"416,5";"378,3";"44,6"
"07334";"Germersheim";"Landkreis";"4,1";"25,4";"4,2";"4,8";"62,4";"85,6";"127,7";"95,8";"0,0";"6,0";"26,1";"24,7";"26,5";"1,10";"47,6";"51,3";"1.844";"3.054";"3.836";"458,7";"661,9";"57,2"
"07335";"Kaiserslautern";"Landkreis";"5,2";"34,2";"6,4";"5,1";"58,0";"81,8";"55,6";"132,3";"0,0";"6,7";"27,4";"9,3";"27,1";"0,40";"25,3";"74,2";"1.740";"2.187";"2.892";"405,7";"254,9";"30,5"
"07336";"Kusel";"Landkreis";"4,5";"35,2";"5,4";"5,4";"58,8";"81,8";"34,9";"135,5";"0,9";"5,9";"23,2";"8,9";"18,1";"1,14";"32,5";"66,3";"1.715";"2.122";"2.895";"372,3";"180,0";"30,3"
"07337";"Südliche Weinstraße";"Landkreis";"4,1";"30,4";"4,0";"5,1";"60,1";"84,9";"70,7";"132,9";"0,0";"5,5";"29,1";"12,7";"29,0";"2,77";"29,6";"67,6";"1.949";"2.486";"2.986";"453,4";"347,2";"39,6"
"07338";"Rhein-Pfalz-Kreis";"Landkreis";"3,5";"30,8";"3,4";"4,9";"61,7";"87,6";"146,5";"134,1";"0,0";"5,0";"23,6";"7,4";"17,8";"9,39";"26,5";"64,1";"2.110";"2.224";"2.851";"533,7";"267,4";"29,8"
"07339";"Mainz-Bingen";"Landkreis";"3,6";"27,4";"4,5";"3,6";"60,8";"83,5";"131,0";"128,3";"0,0";"5,5";"27,8";"13,9";"24,8";"2,05";"35,3";"62,7";"2.115";"2.984";"3.333";"554,4";"1.361,7";"64,0"
"07340";"Südwestpfalz";"Landkreis";"4,5";"31,9";"5,4";"5,5";"60,5";"85,0";"25,4";"159,3";"0,1";"5,4";"23,9";"8,5";"15,8";"1,15";"34,6";"64,2";"1.877";"2.046";"2.642";"398,8";"196,8";"29,7"
"08111";"Stuttgart, Stadt";"krsfr. Stadt";"4,7";"38,2";"3,1";"5,3";"57,8";"76,2";"2.504,6";"72,5";"0,4";"7,0";"28,6";"18,8";"73,8";"0,10";"20,3";"79,6";"2.077";"3.640";"4.351";"622,8";"1.135,0";"142,8"
"08115";"Böblingen";"Landkreis";"3,1";"25,3";"2,3";"4,0";"64,0";"83,8";"376,0";"76,8";"0,7";"4,3";"26,4";"29,0";"40,4";"0,15";"41,7";"58,1";"2.030";"3.721";"4.596";"670,1";"962,9";"93,2"
"08116";"Esslingen";"Landkreis";"3,4";"29,8";"2,9";"4,1";"63,3";"84,7";"431,6";"96,2";"0,5";"4,8";"27,2";"24,3";"36,5";"0,38";"39,8";"59,8";"2.066";"3.106";"3.740";"653,0";"717,7";"72,9"
"08117";"Göppingen";"Landkreis";"3,7";"23,6";"3,2";"4,3";"61,1";"84,0";"190,9";"102,6";"1,3";"5,6";"25,9";"22,2";"30,8";"0,26";"41,8";"58,0";"1.991";"2.916";"3.428";"549,2";"450,9";"60,0"
"08118";"Ludwigsburg";"Landkreis";"3,3";"27,8";"3,1";"4,3";"63,9";"85,0";"381,2";"94,8";"2,1";"4,5";"27,3";"20,0";"35,0";"0,79";"36,1";"63,2";"2.095";"3.206";"3.676";"660,5";"734,1";"71,6"
"08119";"Rems-Murr-Kreis";"Landkreis";"3,4";"26,7";"2,7";"4,0";"63,0";"85,0";"233,7";"109,8";"0,6";"5,1";"26,1";"20,8";"32,4";"0,47";"38,9";"60,6";"2.045";"2.826";"3.425";"627,8";"613,9";"62,9"
"08121";"Heilbronn, Stadt";"krsfr. Stadt";"5,2";"25,0";"4,7";"5,9";"62,4";"83,4";"965,8";"81,1";"0,5";"8,5";"27,1";"20,9";"64,5";"0,29";"24,4";"75,3";"2.684";"2.792";"3.372";"489,3";"908,2";"108,7"
"08125";"Heilbronn";"Landkreis";"3,2";"30,5";"2,8";"4,3";"64,4";"86,0";"156,5";"96,7";"0,9";"4,8";"22,2";"28,6";"31,3";"0,63";"47,5";"51,9";"2.001";"3.289";"3.771";"592,6";"497,5";"67,8"
"08126";"Hohenlohekreis";"Landkreis";"2,6";"29,5";"2,3";"4,0";"66,6";"88,6";"90,9";"82,6";"0,0";"3,7";"23,7";"35,6";"39,1";"0,89";"47,3";"51,9";"1.931";"3.084";"3.559";"565,8";"939,7";"91,6"
"08127";"Schwäbisch Hall";"Landkreis";"3,1";"30,8";"2,6";"4,3";"64,2";"85,6";"73,7";"102,0";"0,0";"4,2";"25,7";"28,4";"33,9";"0,63";"45,2";"54,1";"1.915";"2.740";"3.283";"520,7";"693,2";"87,4"
"08128";"Main-Tauber-Kreis";"Landkreis";"2,9";"29,8";"3,2";"3,7";"64,0";"88,4";"56,7";"106,9";"0,8";"4,3";"28,5";"30,3";"33,6";"0,40";"47,3";"52,3";"1.852";"2.632";"3.189";"495,2";"493,8";"66,4"
"08135";"Heidenheim";"Landkreis";"4,7";"31,4";"3,6";"5,8";"62,4";"84,5";"103,7";"94,7";"0,4";"6,8";"24,5";"27,2";"32,3";"0,30";"45,5";"54,2";"1.829";"2.937";"3.580";"553,6";"483,0";"70,5"
"08136";"Ostalbkreis";"Landkreis";"3,1";"32,6";"2,3";"4,3";"61,7";"84,9";"111,1";"92,3";"0,0";"4,1";"28,5";"28,1";"31,8";"0,41";"46,8";"52,8";"1.994";"2.944";"3.672";"560,5";"686,2";"66,2"
"08211";"Baden-Baden, Stadt";"krsfr. Stadt";"5,1";"37,2";"3,5";"7,2";"59,5";"83,0";"295,0";"104,1";"0,0";"6,7";"29,5";"21,4";"68,5";"0,36";"23,7";"76,0";"2.460";"2.742";"3.303";"616,2";"1.006,7";"114,9"
"08212";"Karlsruhe, Stadt";"krsfr. Stadt";"4,5";"30,0";"3,2";"5,5";"54,2";"75,0";"1.358,1";"75,4";"0,3";"6,5";"29,9";"12,7";"68,3";"0,07";"15,6";"84,3";"1.830";"3.178";"3.682";"576,0";"1.129,9";"117,4"
"08215";"Karlsruhe";"Landkreis";"3,1";"24,2";"3,2";"3,9";"62,7";"85,0";"190,4";"102,5";"1,0";"4,5";"24,6";"19,0";"33,4";"0,38";"36,1";"63,6";"1.989";"2.848";"3.341";"605,5";"483,6";"62,7"
"08216";"Rastatt";"Landkreis";"3,0";"27,5";"2,7";"4,0";"65,1";"88,3";"156,4";"90,0";"0,0";"4,5";"25,1";"31,9";"27,9";"0,46";"53,1";"46,5";"1.894";"3.118";"3.764";"586,9";"745,1";"70,3"
"08221";"Heidelberg, Stadt";"krsfr. Stadt";"4,4";"30,2";"2,0";"5,6";"44,4";"63,0";"1.101,7";"77,6";"1,1";"5,8";"27,6";"13,1";"65,7";"0,15";"16,7";"83,2";"1.910";"2.996";"3.718";"527,7";"547,6";"96,6"
"08222";"Mannheim, Stadt";"krsfr. Stadt";"5,4";"38,3";"2,4";"6,6";"57,5";"77,5";"1.676,0";"74,1";"1,9";"8,6";"28,0";"24,5";"63,0";"0,12";"27,9";"71,9";"1.719";"3.229";"3.829";"539,9";"990,1";"135,9"
"08225";"Neckar-Odenwald-Kreis";"Landkreis";"3,6";"32,9";"3,5";"5,3";"62,2";"85,0";"58,9";"106,5";"1,6";"5,4";"22,3";"20,6";"28,1";"0,74";"42,0";"57,2";"1.812";"2.557";"3.148";"493,3";"484,5";"50,2"
"08226";"Rhein-Neckar-Kreis";"Landkreis";"4,0";"31,8";"3,4";"5,1";"61,3";"84,1";"218,8";"116,8";"0,7";"5,5";"27,2";"13,6";"33,9";"0,38";"28,6";"71,1";"1.999";"2.905";"3.517";"616,4";"832,5";"58,4"
"08231";"Pforzheim, Stadt";"Landkreis";"6,3";"29,0";"4,4";"5,9";"60,2";"80,7";"780,4";"84,8";"0,9";"8,8";"22,8";"20,8";"50,3";"0,09";"29,3";"70,6";"1.897";"2.717";"3.249";"445,9";"654,6";"92,2"
"08235";"Calw";"Landkreis";"3,3";"26,1";"2,5";"4,2";"63,7";"85,1";"82,4";"115,0";"0,4";"4,8";"23,5";"15,4";"29,0";"0,43";"34,6";"65,0";"1.932";"2.647";"3.187";"552,7";"387,2";"45,0"
"08236";"Enzkreis";"Landkreis";"2,6";"27,1";"2,4";"3,0";"63,5";"84,7";"143,9";"111,6";"0,5";"3,7";"20,9";"25,2";"21,7";"0,29";"53,5";"46,2";"2.063";"2.836";"3.275";"608,7";"482,8";"50,9"
"08237";"Freudenstadt";"Landkreis";"3,1";"31,2";"2,6";"4,4";"64,9";"88,3";"72,0";"96,6";"0,0";"4,5";"22,1";"27,6";"32,1";"0,27";"46,0";"53,7";"1.995";"2.736";"3.396";"548,7";"723,8";"66,5"
"08311";"Freiburg im Breisgau, Stadt";"krsfr. Stadt";"5,3";"32,0";"2,6";"5,9";"49,5";"74,5";"1.128,0";"82,9";"0,3";"7,4";"28,2";"9,8";"66,3";"0,16";"12,9";"87,0";"1.767";"2.750";"3.471";"513,6";"826,6";"84,7"
"08315";"Breisgau-Hochschwarzwald";"Landkreis";"3,0";"25,6";"2,3";"3,8";"59,8";"85,9";"86,0";"133,7";"2,8";"4,4";"27,9";"17,7";"29,7";"1,04";"36,9";"62,1";"1.985";"2.519";"3.086";"540,2";"453,6";"45,4"
"08316";"Emmendingen";"Landkreis";"2,7";"20,9";"2,5";"3,3";"63,1";"87,4";"108,2";"122,7";"0,0";"4,0";"28,2";"21,1";"26,2";"0,76";"44,3";"55,0";"1.888";"2.595";"3.203";"541,0";"449,1";"45,2"
"08317";"Ortenaukreis";"Landkreis";"3,2";"34,8";"2,5";"4,0";"64,5";"87,8";"130,2";"98,3";"0,4";"4,4";"28,4";"24,8";"38,3";"0,50";"39,0";"60,5";"1.893";"2.681";"3.189";"505,6";"676,4";"69,9"
"08325";"Rottweil";"Landkreis";"2,6";"24,4";"2,4";"3,3";"64,7";"88,2";"98,5";"96,0";"1,6";"3,8";"24,1";"32,0";"29,7";"0,36";"51,7";"48,0";"2.034";"2.850";"3.382";"555,2";"933,4";"71,0"
"08326";"Schwarzwald-Baar-Kreis";"Landkreis";"3,1";"23,8";"2,8";"3,8";"63,3";"86,0";"117,5";"96,9";"1,8";"4,4";"28,2";"27,9";"35,5";"0,21";"44,0";"55,8";"1.986";"2.778";"3.271";"523,4";"626,8";"67,8"
"08327";"Tuttlingen";"Landkreis";"2,7";"24,4";"2,5";"2,7";"65,0";"86,5";"116,2";"81,5";"0,5";"4,0";"25,3";"43,6";"26,8";"0,17";"61,9";"38,0";"2.100";"3.008";"3.493";"554,3";"905,7";"78,7"
"08335";"Konstanz";"Landkreis";"3,4";"22,8";"2,4";"4,1";"54,8";"83,2";"180,1";"107,8";"0,1";"4,9";"26,3";"15,2";"38,0";"0,96";"28,3";"70,7";"1.961";"2.606";"3.267";"561,2";"594,6";"56,7"
"08336";"Lörrach";"Landkreis";"3,2";"24,0";"2,3";"3,5";"50,7";"85,4";"132,4";"105,8";"0,0";"4,6";"25,5";"20,1";"32,1";"0,71";"38,2";"61,1";"2.118";"2.706";"3.382";"635,4";"548,8";"59,6"
"08337";"Waldshut";"Landkreis";"3,2";"25,4";"2,7";"3,5";"50,3";"84,1";"69,1";"114,6";"0,0";"4,3";"26,3";"18,2";"31,0";"0,51";"36,9";"62,6";"1.974";"2.545";"3.117";"559,4";"529,4";"55,9"
"08415";"Reutlingen";"Landkreis";"3,5";"30,6";"2,9";"3,7";"62,6";"84,9";"142,7";"97,6";"0,6";"5,2";"24,9";"24,0";"35,7";"0,46";"40,0";"59,5";"1.989";"2.905";"3.496";"592,8";"631,7";"69,7"
"08416";"Tübingen";"Landkreis";"2,9";"29,5";"2,1";"3,3";"55,1";"77,8";"220,3";"88,9";"0,4";"4,3";"26,2";"13,6";"36,9";"0,21";"26,9";"72,9";"1.878";"2.725";"3.484";"580,6";"402,1";"49,5"
"08417";"Zollernalbkreis";"Landkreis";"3,4";"30,7";"2,7";"4,2";"63,2";"85,9";"101,2";"108,7";"0,4";"4,4";"26,3";"26,6";"28,4";"0,38";"48,1";"51,5";"2.092";"2.745";"3.261";"528,0";"604,6";"64,0"
"08421";"Ulm, Stadt";"krsfr. Stadt";"3,8";"24,5";"3,5";"4,8";"59,6";"80,8";"1.031,7";"64,3";"0,4";"5,4";"27,2";"23,9";"85,9";"0,06";"21,8";"78,1";"2.457";"3.056";"3.650";"597,9";"1.021,8";"130,1"
"08425";"Alb-Donau-Kreis";"Landkreis";"2,7";"24,5";"2,7";"3,8";"64,3";"86,7";"57,5";"128,3";"1,3";"3,6";"22,0";"20,0";"21,2";"1,04";"48,0";"51,0";"1.901";"2.728";"3.239";"575,6";"575,6";"53,4"
"08426";"Biberach";"Landkreis";"2,4";"25,4";"2,6";"2,8";"64,5";"86,1";"78,4";"95,5";"0,3";"3,3";"26,0";"34,1";"27,9";"0,72";"54,6";"44,7";"1.903";"3.038";"3.716";"568,9";"1.099,7";"74,9"
"08435";"Bodenseekreis";"Landkreis";"2,8";"24,7";"2,2";"3,5";"64,2";"87,3";"185,4";"107,7";"0,7";"3,7";"28,8";"29,6";"35,5";"0,92";"45,0";"54,0";"2.140";"3.201";"3.896";"622,2";"669,9";"68,9"
"08436";"Ravensburg";"Landkreis";"2,8";"25,6";"2,6";"3,2";"62,0";"85,0";"99,3";"112,4";"0,3";"3,9";"24,4";"22,2";"39,0";"0,69";"36,0";"63,3";"1.906";"2.599";"3.250";"532,9";"575,3";"62,4"
"08437";"Sigmaringen";"Landkreis";"3,2";"24,7";"2,5";"4,2";"61,9";"85,5";"56,7";"106,8";"1,1";"4,1";"26,6";"24,1";"29,8";"0,95";"44,2";"54,8";"1.842";"2.683";"3.288";"486,4";"505,0";"55,8"
"09161";"Ingolstadt, Stadt";"krsfr. Stadt";"3,1";"23,6";"3,6";"4,2";"66,0";"85,7";"937,4";"53,6";"0,0";"4,3";"28,7";"60,2";"55,2";"0,12";"52,1";"47,8";"1.904";"4.049";"4.635";"663,2";"625,2";"137,1"
"09162";"München, Stadt";"krsfr. Stadt";"4,2";"26,8";"2,7";"6,1";"64,5";"84,4";"3.499,3";"90,0";"0,2";"6,1";"27,5";"13,5";"71,4";"0,06";"15,9";"84,1";"2.462";"3.632";"4.169";"813,9";"1.606,0";"150,8"
"09163";"Rosenheim, Stadt";"krsfr. Stadt";"4,6";"22,2";"4,6";"5,6";"59,2";"81,8";"1.304,7";"96,9";"3,6";"6,7";"29,4";"19,4";"65,2";"0,09";"22,9";"77,0";"1.844";"2.702";"3.291";"587,8";"583,2";"100,6"
"09171";"Altötting";"Landkreis";"3,3";"24,7";"3,2";"4,2";"62,3";"86,6";"108,0";"102,4";"0,0";"4,6";"22,9";"33,1";"30,7";"1,17";"51,2";"47,6";"1.897";"3.053";"3.524";"591,1";"1.275,8";"84,2"
"09172";"Berchtesgadener Land";"Landkreis";"3,9";"25,5";"2,7";"5,6";"52,8";"75,8";"63,7";"136,7";"0,0";"4,9";"28,3";"15,7";"36,4";"0,87";"29,9";"69,2";"1.839";"2.476";"2.923";"477,2";"472,6";"51,8"
"09173";"Bad Tölz-Wolfratshausen";"Landkreis";"2,5";"14,8";"2,4";"3,6";"60,9";"83,4";"50,9";"159,3";"0,0";"3,8";"25,8";"15,0";"29,4";"1,05";"33,4";"65,6";"2.118";"2.607";"3.104";"656,8";"471,6";"44,3"
"09174";"Dachau";"Landkreis";"2,2";"16,4";"2,3";"3,1";"65,4";"85,4";"104,3";"137,5";"0,0";"3,1";"29,7";"10,8";"28,8";"1,03";"27,1";"71,9";"2.024";"2.676";"3.085";"718,1";"502,0";"39,6"
"09175";"Ebersberg";"Landkreis";"2,0";"19,4";"2,0";"3,0";"62,8";"82,7";"104,4";"140,9";"0,0";"2,9";"27,3";"9,6";"32,8";"1,29";"22,3";"76,4";"2.205";"2.794";"3.103";"773,8";"468,1";"39,7"
"09176";"Eichstätt";"Landkreis";"1,5";"10,8";"1,8";"1,8";"63,0";"83,8";"46,1";"108,6";"2,1";"2,4";"22,4";"16,0";"28,2";"0,77";"35,9";"63,4";"1.966";"2.611";"3.219";"671,2";"441,9";"41,3"
"09177";"Erding";"Landkreis";"1,8";"16,0";"1,4";"2,8";"64,8";"85,4";"71,4";"143,7";"0,0";"2,7";"27,5";"9,9";"36,5";"1,02";"21,1";"77,8";"2.002";"2.602";"2.936";"685,6";"748,9";"44,0"
"09178";"Freising";"Landkreis";"2,1";"16,9";"2,0";"3,1";"64,8";"84,3";"129,1";"97,9";"0,0";"3,0";"21,9";"12,7";"52,1";"0,53";"19,4";"80,0";"1.920";"3.313";"3.440";"708,0";"848,0";"75,4"
"09179";"Fürstenfeldbruck";"Landkreis";"2,6";"20,4";"2,4";"3,6";"62,5";"84,8";"176,6";"145,9";"0,0";"3,9";"28,4";"9,1";"26,3";"0,43";"25,7";"73,9";"2.072";"2.780";"3.164";"749,3";"453,0";"36,9"
"09180";"Garmisch-Partenkirchen";"Landkreis";"3,4";"21,9";"2,9";"5,0";"58,3";"81,7";"44,0";"154,6";"0,0";"4,7";"30,9";"8,5";"42,5";"0,66";"16,5";"82,8";"1.989";"2.455";"2.843";"555,4";"432,3";"47,5"
"09181";"Landsberg am Lech";"Landkreis";"2,7";"18,0";"3,1";"3,7";"58,5";"80,7";"67,7";"139,1";"0,0";"4,2";"26,5";"15,7";"31,0";"1,02";"33,3";"65,6";"2.047";"2.814";"3.308";"661,1";"625,4";"41,9"
"09182";"Miesbach";"Landkreis";"2,6";"21,9";"1,9";"3,9";"61,0";"83,7";"57,6";"169,3";"4,4";"3,5";"29,0";"17,8";"36,8";"1,29";"32,1";"66,6";"2.328";"2.602";"3.099";"655,5";"708,6";"57,0"
"09183";"Mühldorf a.Inn";"Landkreis";"3,6";"28,0";"3,2";"4,2";"61,7";"82,5";"68,6";"138,9";"0,0";"5,0";"24,0";"22,9";"29,2";"0,64";"43,7";"55,7";"1.901";"2.580";"3.074";"535,5";"564,0";"53,2"
"09184";"München";"Landkreis";"2,6";"27,6";"2,0";"3,8";"61,5";"81,3";"415,0";"96,5";"0,3";"3,6";"25,6";"21,7";"79,0";"0,19";"21,5";"78,3";"2.479";"3.868";"4.227";"830,3";"2.235,0";"137,9"
"09185";"Neuburg-Schrobenhausen";"Landkreis";"2,1";"16,3";"2,3";"2,6";"64,6";"86,3";"60,9";"121,8";"1,4";"3,2";"25,5";"23,1";"26,9";"0,74";"45,8";"53,5";"1.869";"2.536";"3.209";"573,7";"456,4";"51,1"
"09186";"Pfaffenhofen a.d.Ilm";"Landkreis";"1,8";"10,5";"1,9";"2,7";"63,9";"84,3";"71,2";"133,5";"0,0";"2,7";"23,6";"18,7";"28,0";"0,93";"39,8";"59,3";"2.066";"3.154";"3.282";"661,7";"649,2";"46,6"
"09187";"Rosenheim";"Landkreis";"2,5";"21,8";"2,3";"3,4";"59,3";"82,1";"83,8";"151,8";"0,8";"3,5";"26,0";"16,1";"31,8";"0,88";"33,3";"65,8";"2.038";"2.602";"3.023";"585,5";"459,6";"46,8"
"09188";"Starnberg";"Landkreis";"2,8";"21,9";"2,6";"4,1";"56,3";"77,2";"141,1";"143,9";"0,0";"3,7";"27,4";"17,4";"40,1";"0,41";"30,2";"69,4";"2.904";"3.128";"3.656";"843,4";"800,9";"64,1"
"09189";"Traunstein";"Landkreis";"2,9";"23,3";"2,7";"3,9";"60,6";"83,4";"61,8";"133,0";"1,5";"4,0";"26,7";"25,6";"32,7";"0,87";"43,6";"55,6";"1.985";"2.757";"3.249";"539,2";"680,4";"61,8"
"09190";"Weilheim-Schongau";"Landkreis";"2,6";"24,3";"2,1";"3,3";"61,7";"83,5";"72,8";"129,4";"0,0";"3,6";"28,2";"24,9";"29,6";"0,80";"45,3";"53,9";"1.967";"2.806";"3.509";"627,4";"650,3";"56,1"
"09261";"Landshut, Stadt";"krsfr. Stadt";"4,2";"24,2";"4,1";"4,9";"60,5";"82,1";"857,5";"76,1";"0,0";"6,2";"27,0";"15,1";"65,7";"0,18";"18,7";"81,1";"1.976";"2.662";"3.140";"599,1";"777,5";"85,6"
"09262";"Passau, Stadt";"krsfr. Stadt";"4,6";"20,9";"3,6";"5,4";"50,6";"76,2";"749,1";"76,6";"0,0";"7,1";"28,8";"27,4";"81,8";"0,07";"25,1";"74,9";"1.719";"2.653";"3.265";"497,2";"760,9";"117,5"
"09263";"Straubing, Stadt";"krsfr. Stadt";"4,6";"26,1";"5,2";"5,9";"60,0";"81,4";"598,8";"82,3";"0,0";"7,8";"27,1";"22,9";"69,2";"0,22";"24,9";"74,9";"1.805";"2.607";"3.007";"498,8";"669,2";"104,2"
"09271";"Deggendorf";"Landkreis";"2,8";"18,0";"2,2";"4,2";"61,5";"84,5";"80,5";"110,9";"1,7";"4,5";"24,7";"25,3";"36,3";"0,90";"40,6";"58,4";"1.807";"2.624";"3.056";"490,7";"439,6";"59,0"
"09272";"Freyung-Grafenau";"Landkreis";"3,0";"17,3";"2,2";"4,8";"59,5";"83,1";"37,9";"138,6";"0,0";"4,0";"22,3";"20,4";"26,3";"0,79";"43,3";"55,9";"1.675";"2.237";"2.773";"391,8";"393,0";"40,1"
"09273";"Kelheim";"Landkreis";"2,6";"21,8";"2,7";"3,6";"63,4";"84,5";"50,7";"131,3";"0,0";"3,9";"19,9";"21,1";"25,5";"1,23";"44,7";"54,1";"1.863";"2.551";"3.094";"545,4";"546,5";"50,6"
"09274";"Landshut";"Landkreis";"2,5";"26,9";"2,6";"3,5";"63,3";"85,8";"47,0";"145,1";"2,8";"3,6";"24,1";"21,1";"24,2";"1,32";"46,0";"52,7";"1.908";"2.660";"3.096";"585,2";"632,8";"49,7"
"09275";"Passau";"Landkreis";"3,3";"20,6";"2,9";"4,6";"60,1";"84,0";"57,3";"151,9";"1,0";"4,6";"23,4";"20,5";"26,4";"0,96";"43,2";"55,8";"1.759";"2.339";"2.749";"441,8";"474,2";"43,7"
"09276";"Regen";"Landkreis";"3,6";"18,3";"3,3";"5,3";"59,8";"84,1";"40,8";"134,1";"0,7";"5,0";"21,8";"24,5";"28,4";"0,82";"45,9";"53,2";"1.701";"2.335";"2.888";"423,5";"439,8";"51,7"
"09277";"Rottal-Inn";"Landkreis";"3,0";"28,3";"2,6";"4,1";"59,9";"83,1";"44,0";"163,4";"0,0";"4,2";"24,0";"19,3";"28,5";"1,07";"40,0";"58,9";"1.839";"2.348";"2.796";"486,6";"514,2";"50,3"
"09278";"Straubing-Bogen";"Landkreis";"2,4";"18,4";"2,4";"3,7";"62,7";"86,0";"33,0";"151,8";"0,0";"3,6";"22,8";"18,5";"19,9";"2,61";"46,9";"50,5";"1.813";"2.319";"2.834";"512,1";"475,6";"33,5"
"09279";"Dingolfing-Landau";"Landkreis";"2,6";"18,2";"3,0";"3,8";"67,3";"92,7";"76,4";"78,5";"0,0";"3,6";"24,6";"45,9";"31,4";"1,98";"58,2";"39,8";"1.912";"3.435";"3.911";"570,8";"1.394,6";"94,9"
"09361";"Amberg, Stadt";"krsfr. Stadt";"5,3";"28,4";"5,4";"5,8";"60,3";"85,0";"714,5";"77,3";"0,0";"8,0";"27,0";"42,2";"57,2";"0,18";"42,4";"57,4";"1.788";"2.828";"3.416";"538,0";"703,6";"90,2"
"09362";"Regensburg, Stadt";"krsfr. Stadt";"3,3";"20,0";"2,7";"3,9";"58,6";"79,7";"1.926,4";"64,7";"0,1";"5,5";"29,8";"35,5";"78,7";"0,11";"31,0";"68,9";"1.803";"3.250";"3.676";"610,7";"1.533,1";"146,0"
"09363";"Weiden i.d.OPf., Stadt";"krsfr. Stadt";"6,1";"30,2";"6,6";"6,8";"58,8";"84,6";"592,1";"72,0";"0,0";"9,0";"30,5";"20,3";"79,5";"0,29";"20,3";"79,4";"1.726";"2.386";"2.823";"493,4";"587,2";"101,8"
"09371";"Amberg-Sulzbach";"Landkreis";"2,7";"22,0";"2,6";"3,5";"63,1";"86,3";"31,6";"135,6";"0,0";"4,0";"23,5";"18,1";"22,8";"0,75";"44,0";"55,3";"1.790";"2.523";"3.107";"524,4";"351,6";"42,3"
"09372";"Cham";"Landkreis";"2,7";"14,7";"2,3";"4,0";"62,2";"84,8";"47,5";"126,8";"0,1";"4,0";"23,5";"30,1";"30,9";"0,81";"49,0";"50,2";"1.766";"2.345";"2.821";"435,9";"503,5";"52,8"
"09373";"Neumarkt i.d.OPf.";"Landkreis";"1,9";"19,1";"1,5";"2,7";"62,5";"83,6";"48,8";"123,4";"0,2";"2,9";"25,8";"23,6";"30,2";"0,43";"43,7";"55,9";"1.903";"2.600";"3.182";"534,8";"504,2";"49,5"
"09374";"Neustadt a.d.Waldnaab";"Landkreis";"3,3";"28,6";"3,1";"4,6";"61,4";"85,3";"27,9";"139,0";"4,0";"4,6";"24,5";"24,0";"24,0";"1,00";"49,5";"49,5";"1.762";"2.466";"2.942";"481,6";"503,5";"43,1"
"09375";"Regensburg";"Landkreis";"1,9";"17,4";"2,0";"2,5";"63,3";"85,8";"47,4";"140,1";"0,2";"3,0";"25,4";"14,4";"20,9";"0,98";"40,5";"58,5";"1.911";"2.640";"3.111";"617,3";"312,0";"31,3"
"09376";"Schwandorf";"Landkreis";"2,8";"23,5";"2,7";"3,9";"63,4";"85,4";"51,8";"109,0";"0,5";"4,0";"22,6";"24,3";"31,3";"0,79";"43,3";"55,9";"1.741";"2.523";"2.965";"501,4";"529,2";"54,5"
"09377";"Tirschenreuth";"Landkreis";"3,5";"31,8";"3,3";"5,3";"61,4";"86,0";"32,0";"133,2";"0,0";"5,1";"25,1";"27,0";"24,8";"1,29";"51,4";"47,3";"1.762";"2.507";"2.887";"462,5";"509,5";"48,9"
"09461";"Bamberg, Stadt";"krsfr. Stadt";"4,5";"25,3";"4,2";"5,2";"52,4";"74,9";"1.376,7";"70,6";"0,0";"6,6";"27,5";"33,5";"68,5";"0,19";"32,8";"67,0";"1.725";"2.628";"3.367";"537,4";"748,5";"115,2"
"09462";"Bayreuth, Stadt";"krsfr. Stadt";"5,0";"25,6";"3,7";"6,2";"52,7";"77,5";"990,9";"72,4";"0,0";"7,7";"30,7";"20,7";"73,6";"0,29";"21,9";"77,9";"1.731";"2.715";"3.137";"515,3";"1.506,4";"104,5"
"09463";"Coburg, Stadt";"krsfr. Stadt";"5,0";"27,3";"5,5";"6,0";"62,5";"84,0";"882,1";"67,2";"0,6";"8,0";"30,2";"38,8";"86,6";"0,13";"30,9";"69,0";"1.997";"3.236";"3.551";"576,4";"1.843,2";"172,6"
"09464";"Hof, Stadt";"krsfr. Stadt";"7,1";"24,6";"8,8";"6,8";"57,9";"80,9";"585,3";"89,7";"0,0";"11,9";"20,9";"17,8";"65,9";"0,18";"21,2";"78,6";"1.653";"2.451";"2.668";"428,4";"535,1";"86,2"
"09471";"Bamberg";"Landkreis";"2,3";"20,3";"2,4";"3,5";"65,0";"88,4";"44,9";"130,8";"0,4";"3,3";"28,3";"16,8";"21,1";"0,83";"43,9";"55,3";"1.884";"2.491";"2.888";"544,3";"501,9";"37,4"
"09472";"Bayreuth";"Landkreis";"3,1";"23,5";"2,5";"5,1";"63,4";"88,0";"27,0";"164,0";"3,0";"4,3";"28,3";"14,1";"20,1";"1,52";"40,6";"57,9";"1.796";"2.502";"2.849";"526,1";"282,5";"35,7"
"09473";"Coburg";"Landkreis";"3,1";"24,2";"3,4";"4,2";"67,5";"88,8";"62,8";"117,4";"5,5";"4,6";"28,1";"27,1";"23,5";"0,61";"53,2";"46,2";"2.088";"2.360";"2.655";"516,2";"362,3";"59,9"
"09474";"Forchheim";"Landkreis";"2,7";"21,7";"2,3";"3,9";"64,5";"86,4";"68,4";"139,1";"0,5";"3,8";"24,0";"16,0";"23,7";"1,02";"40,0";"59,0";"1.929";"2.650";"3.088";"641,1";"299,8";"35,3"
"09475";"Hof";"Landkreis";"3,1";"21,8";"3,2";"4,3";"62,0";"83,9";"54,7";"112,7";"4,3";"4,6";"25,1";"29,9";"31,7";"0,58";"48,2";"51,2";"1.785";"2.564";"2.698";"448,8";"489,0";"58,7"
"09476";"Kronach";"Landkreis";"3,1";"20,4";"2,8";"4,9";"64,9";"87,4";"51,7";"119,4";"2,1";"4,5";"24,3";"31,4";"26,6";"0,82";"53,7";"45,5";"1.846";"2.402";"2.745";"469,5";"416,6";"62,0"
"09477";"Kulmbach";"Landkreis";"3,8";"30,2";"3,9";"5,4";"65,0";"88,2";"56,2";"116,5";"4,3";"5,2";"33,3";"24,0";"33,6";"0,45";"41,4";"58,1";"1.878";"2.565";"2.956";"505,7";"483,3";"63,6"
"09478";"Lichtenfels";"Landkreis";"3,5";"25,3";"3,4";"5,2";"65,7";"88,4";"71,3";"98,9";"2,1";"4,9";"25,4";"25,3";"39,3";"0,50";"39,0";"60,5";"1.763";"2.501";"2.724";"448,1";"575,4";"69,5"
"09479";"Wunsiedel i.Fichtelgebirge";"Landkreis";"4,5";"27,2";"4,9";"5,4";"60,9";"83,8";"63,4";"120,1";"0,9";"7,4";"21,7";"29,3";"33,8";"0,61";"46,1";"53,2";"1.842";"2.553";"2.887";"442,8";"429,0";"62,3"
"09561";"Ansbach, Stadt";"krsfr. Stadt";"4,2";"23,7";"4,1";"4,9";"61,8";"85,1";"368,9";"71,9";"0,0";"6,3";"31,0";"25,9";"73,3";"0,50";"26,0";"73,5";"1.720";"2.723";"3.171";"556,2";"477,0";"94,8"
"09562";"Erlangen, Stadt";"krsfr. Stadt";"3,9";"34,1";"3,5";"5,2";"60,0";"80,2";"1.471,0";"51,7";"0,4";"4,9";"27,7";"38,6";"78,2";"0,07";"33,0";"66,9";"1.944";"3.858";"4.633";"784,2";"798,2";"151,3"
"09563";"Fürth, Stadt";"krsfr. Stadt";"5,3";"35,0";"4,9";"6,2";"63,7";"84,5";"967,8";"105,5";"1,0";"7,9";"26,5";"15,0";"40,0";"0,36";"27,2";"72,4";"1.912";"2.952";"3.221";"583,2";"550,3";"72,4"
"09564";"Nürnberg, Stadt";"krsfr. Stadt";"6,0";"28,8";"5,5";"6,9";"61,5";"83,6";"2.084,5";"77,1";"0,3";"9,2";"26,4";"18,1";"70,7";"0,38";"20,3";"79,3";"1.812";"3.103";"3.470";"578,6";"901,9";"128,3"
"09565";"Schwabach, Stadt";"krsfr. Stadt";"3,4";"27,2";"4,0";"3,9";"62,3";"84,1";"552,2";"100,6";"0,0";"5,3";"29,3";"20,3";"40,8";"0,19";"33,1";"66,7";"2.111";"2.689";"3.011";"610,5";"680,9";"67,4"
"09571";"Ansbach";"Landkreis";"2,7";"26,6";"2,4";"4,0";"64,2";"86,1";"41,9";"125,5";"1,8";"3,5";"23,6";"24,5";"24,4";"1,20";"49,5";"49,3";"1.881";"2.424";"2.865";"500,2";"445,3";"50,8"
"09572";"Erlangen-Höchstadt";"Landkreis";"2,0";"20,5";"2,1";"2,9";"65,7";"86,1";"113,8";"94,1";"0,0";"2,9";"27,6";"30,8";"26,6";"0,41";"53,5";"46,1";"2.091";"2.931";"3.953";"739,9";"614,6";"54,5"
"09573";"Fürth";"Landkreis";"2,7";"29,5";"2,0";"3,9";"65,5";"87,8";"115,7";"157,0";"0,9";"3,4";"27,0";"13,0";"19,7";"0,58";"39,6";"59,9";"2.013";"2.415";"2.862";"672,4";"326,5";"32,8"
"09574";"Nürnberger Land";"Landkreis";"2,5";"19,5";"2,6";"3,4";"63,7";"85,3";"94,5";"120,3";"0,0";"3,7";"23,7";"20,3";"28,9";"0,27";"41,1";"58,6";"2.075";"2.710";"3.143";"639,3";"500,5";"51,4"
"09575";"Neustadt a.d.Aisch-Bad Windsheim";"Landkreis";"2,2";"17,7";"2,5";"2,5";"63,9";"85,6";"36,2";"135,9";"0,4";"3,2";"25,0";"18,4";"30,2";"1,79";"37,1";"61,1";"1.860";"2.313";"2.765";"509,0";"413,4";"46,9"
"09576";"Roth";"Landkreis";"2,4";"22,8";"2,2";"3,6";"63,7";"85,6";"60,3";"132,9";"0,0";"3,3";"24,2";"18,4";"27,0";"0,66";"40,2";"59,1";"1.963";"2.507";"2.975";"599,1";"420,0";"43,3"
"09577";"Weißenburg-Gunzenhausen";"Landkreis";"3,1";"23,3";"2,4";"4,3";"62,9";"85,6";"46,8";"124,1";"0,0";"4,3";"28,7";"22,4";"30,6";"0,73";"42,0";"57,3";"1.831";"2.432";"3.029";"477,1";"413,1";"48,3"
"09661";"Aschaffenburg, Stadt";"krsfr. Stadt";"5,1";"25,3";"5,4";"5,0";"60,6";"85,1";"976,2";"86,8";"1,2";"8,1";"29,1";"0,0";"70,9";"0,00";"0,0";"72,6";"1.990";"2.847";"3.327";"586,0";"842,9";"120,4"
"09662";"Schweinfurt, Stadt";"krsfr. Stadt";"6,3";"31,7";"5,6";"6,5";"58,7";"81,5";"1.840,0";"55,2";"0,0";"10,6";"28,2";"0,0";"77,6";"0,00";"0,0";"49,3";"1.745";"3.267";"3.962";"475,8";"1.315,2";"179,0"
"09663";"Würzburg, Stadt";"krsfr. Stadt";"3,8";"26,8";"2,5";"5,0";"56,7";"82,6";"1.402,3";"73,6";"0,3";"6,0";"31,1";"13,4";"86,6";"0,20";"13,4";"86,4";"1.940";"2.675";"3.317";"592,3";"686,4";"118,6"
"09671";"Aschaffenburg";"Landkreis";"2,9";"24,3";"3,3";"3,7";"62,2";"86,3";"101,6";"129,7";"0,3";"4,2";"26,3";"18,5";"26,3";"0,76";"41,0";"58,2";"1.981";"2.657";"3.070";"628,3";"636,1";"51,6"
"09672";"Bad Kissingen";"Landkreis";"3,3";"29,2";"2,6";"4,6";"62,5";"86,6";"47,7";"109,1";"0,0";"4,9";"26,4";"16,0";"35,7";"0,87";"30,7";"68,4";"1.812";"2.379";"2.887";"466,8";"373,2";"46,5"
"09673";"Rhön-Grabfeld";"Landkreis";"2,6";"26,1";"2,2";"3,9";"63,6";"86,6";"41,7";"105,0";"0,0";"3,9";"26,9";"26,9";"33,0";"0,75";"44,6";"54,7";"1.794";"2.598";"3.117";"473,8";"370,6";"58,1"
"09674";"Haßberge";"Landkreis";"2,7";"22,3";"2,4";"3,9";"63,4";"88,5";"42,3";"112,5";"0,0";"3,9";"24,8";"25,6";"22,7";"0,69";"52,7";"46,6";"1.764";"2.389";"3.128";"493,4";"403,3";"49,1"
"09675";"Kitzingen";"Landkreis";"2,5";"15,1";"2,8";"3,1";"62,6";"85,6";"67,1";"128,1";"0,0";"3,9";"28,3";"21,2";"30,4";"2,79";"39,9";"57,3";"1.974";"2.466";"3.064";"491,3";"691,0";"56,4"
"09676";"Miltenberg";"Landkreis";"2,9";"18,2";"3,1";"3,6";"62,6";"86,4";"83,7";"116,0";"0,8";"4,0";"22,1";"24,4";"26,1";"0,51";"48,1";"51,4";"1.878";"2.578";"3.108";"537,1";"471,0";"51,9"
"09677";"Main-Spessart";"Landkreis";"2,0";"18,5";"2,0";"2,9";"65,3";"89,4";"47,1";"105,3";"0,3";"3,0";"24,3";"30,2";"25,4";"0,87";"53,8";"45,3";"1.876";"2.852";"3.400";"576,4";"523,3";"59,9"
"09678";"Schweinfurt";"Landkreis";"2,5";"23,4";"2,5";"3,5";"64,5";"87,4";"42,5";"137,8";"0,0";"3,7";"23,8";"9,1";"24,9";"1,70";"26,3";"72,0";"1.825";"2.300";"2.709";"569,2";"336,1";"32,6"
"09679";"Würzburg";"Landkreis";"2,1";"20,6";"2,5";"2,8";"62,1";"87,2";"58,7";"139,3";"0,0";"3,3";"25,3";"12,5";"23,6";"1,41";"34,1";"64,5";"1.893";"2.469";"2.980";"587,0";"399,1";"37,6"
"09761";"Augsburg, Stadt";"krsfr. Stadt";"5,4";"26,7";"4,5";"6,8";"59,0";"80,5";"1.328,5";"77,7";"3,3";"8,0";"23,5";"17,9";"54,3";"0,09";"24,8";"75,1";"1.591";"2.972";"3.550";"497,5";"749,3";"95,3"
"09762";"Kaufbeuren, Stadt";"krsfr. Stadt";"4,6";"34,5";"4,4";"5,7";"62,3";"86,2";"629,4";"102,7";"0,1";"6,8";"24,3";"16,5";"49,0";"0,10";"25,2";"74,7";"1.817";"2.452";"3.064";"489,0";"365,3";"55,5"
"09763";"Kempten (Allgäu), Stadt";"krsfr. Stadt";"3,7";"22,3";"3,6";"5,1";"60,9";"82,6";"840,5";"85,6";"0,0";"5,5";"27,2";"15,9";"67,4";"0,46";"19,0";"80,6";"1.788";"2.654";"3.161";"514,4";"704,5";"93,1"
"09764";"Memmingen, Stadt";"krsfr. Stadt";"3,5";"23,0";"3,6";"5,1";"63,2";"85,4";"545,6";"75,4";"0,0";"5,5";"27,5";"42,4";"64,7";"0,25";"39,5";"60,3";"2.233";"2.740";"3.259";"533,3";"945,7";"104,3"
"09771";"Aichach-Friedberg";"Landkreis";"2,2";"17,7";"2,0";"3,3";"62,3";"86,0";"69,2";"146,5";"0,0";"3,3";"24,6";"16,2";"23,7";"1,62";"39,9";"58,5";"2.059";"2.351";"2.973";"629,2";"415,7";"42,1"
"09772";"Augsburg";"Landkreis";"2,5";"16,6";"2,7";"3,5";"61,8";"84,4";"97,3";"125,2";"0,0";"3,8";"21,8";"16,7";"27,5";"0,63";"37,5";"61,8";"1.996";"2.589";"2.922";"621,6";"493,1";"44,1"
"09773";"Dillingen a.d.Donau";"Landkreis";"2,1";"19,0";"1,7";"3,3";"64,5";"85,7";"58,3";"112,5";"0,0";"3,4";"21,3";"23,2";"28,4";"1,42";"44,4";"54,2";"1.930";"2.595";"3.140";"551,5";"630,8";"53,6"
"09774";"Günzburg";"Landkreis";"2,2";"22,6";"2,0";"3,2";"64,9";"85,6";"89,0";"106,5";"0,0";"3,1";"23,7";"24,9";"36,2";"0,44";"40,6";"58,9";"1.944";"2.672";"3.116";"529,4";"424,4";"60,0"
"09775";"Neu-Ulm";"Landkreis";"2,3";"17,1";"2,0";"3,2";"64,1";"86,2";"166,9";"98,7";"0,0";"3,5";"25,2";"23,6";"32,3";"0,43";"42,0";"57,5";"1.950";"2.879";"3.392";"610,9";"633,6";"60,9"
"09776";"Lindau (Bodensee)";"Landkreis";"2,4";"17,7";"2,1";"3,2";"60,0";"83,7";"135,8";"130,8";"0,4";"3,3";"33,9";"27,9";"32,0";"0,75";"46,2";"53,0";"2.048";"2.802";"3.334";"576,9";"552,2";"58,9"
"09777";"Ostallgäu";"Landkreis";"2,4";"20,7";"2,1";"3,6";"61,6";"85,0";"48,9";"156,8";"0,3";"3,5";"24,0";"25,2";"25,7";"0,80";"49,1";"50,1";"1.936";"2.699";"3.231";"524,3";"584,1";"50,1"
"09778";"Unterallgäu";"Landkreis";"1,9";"20,1";"1,8";"3,1";"63,9";"85,3";"56,5";"141,3";"0,2";"2,7";"21,5";"28,0";"24,2";"1,17";"53,1";"45,8";"2.072";"2.771";"3.297";"519,2";"646,5";"48,4"
"09779";"Donau-Ries";"Landkreis";"1,9";"22,0";"1,6";"3,0";"64,5";"87,5";"63,3";"98,5";"0,0";"2,8";"23,8";"31,9";"36,0";"1,20";"46,4";"52,4";"1.998";"2.856";"3.368";"560,3";"745,5";"70,6"
"09780";"Oberallgäu";"Landkreis";"2,6";"20,8";"2,5";"4,0";"62,0";"86,2";"48,8";"158,8";"0,0";"3,6";"31,4";"19,8";"31,7";"1,28";"37,9";"60,8";"1.950";"2.486";"2.978";"544,1";"430,9";"49,5"
"10041";"Regionalverband Saarbrücken";"Landkreis";"9,3";"37,2";"7,1";"8,2";"53,6";"78,7";"508,8";"78,2";"1,3";"14,3";"25,1";"16,9";"53,2";"0,11";"24,0";"75,9";"1.639";"2.726";"3.431";"343,2";"606,8";"93,7"
"10042";"Merzig-Wadern";"Landkreis";"4,7";"32,7";"4,1";"5,4";"50,6";"80,4";"79,5";"88,0";"0,0";"7,1";"23,6";"13,2";"31,6";"0,79";"29,2";"70,0";"1.590";"2.350";"3.028";"308,4";"337,2";"49,9"
"10043";"Neunkirchen";"Landkreis";"7,6";"35,6";"8,5";"6,9";"57,6";"82,6";"220,6";"92,1";"0,0";"11,1";"24,8";"14,8";"31,2";"0,20";"32,1";"67,7";"1.676";"2.417";"3.190";"343,1";"318,6";"51,9"
"10044";"Saarlouis";"Landkreis";"5,2";"35,6";"2,7";"5,0";"57,8";"81,3";"207,9";"86,3";"0,4";"8,3";"22,2";"23,2";"33,1";"0,23";"41,1";"58,6";"1.744";"2.605";"3.268";"363,4";"362,7";"73,7"
"10045";"Saarpfalz-Kreis";"Landkreis";"5,3";"33,7";"4,3";"6,2";"59,3";"82,7";"199,8";"76,2";"1,4";"8,4";"24,5";"28,4";"43,1";"0,25";"39,7";"60,1";"1.902";"2.784";"3.494";"416,5";"526,9";"84,4"
"10046";"St. Wendel";"Landkreis";"3,5";"27,9";"2,1";"4,0";"59,0";"83,1";"79,3";"82,7";"0,0";"6,0";"25,3";"17,6";"29,3";"0,47";"37,3";"62,2";"1.784";"2.187";"3.102";"371,1";"369,0";"52,0"
"11000";"Berlin, Stadt";"krsfr. Stadt";"9,0";"28,9";"9,6";"9,0";"53,7";"78,1";"2.125,9";"119,3";"0,4";"12,9";"28,3";"8,0";"51,0";"0,03";"13,6";"86,4";"1.631";"2.804";"3.126";"401,6";"539,2";"65,0"
"12051";"Brandenburg an der Havel, Stadt";"krsfr. Stadt";"9,3";"45,0";"12,0";"9,3";"61,5";"84,9";"167,3";"96,9";"0,0";"13,7";"28,0";"0,0";"50,0";"0,00";"0,0";"74,7";"1.466";"2.392";"2.765";"284,5";"390,2";"65,7"
"12052";"Cottbus, Stadt";"krsfr. Stadt";"8,8";"37,7";"6,8";"8,5";"57,7";"81,2";"378,7";"94,9";"0,3";"13,4";"30,5";"6,8";"64,5";"0,41";"9,5";"90,1";"1.659";"2.370";"2.653";"332,9";"364,3";"82,4"
"12053";"Frankfurt (Oder), Stadt";"krsfr. Stadt";"8,9";"40,4";"10,0";"8,2";"57,9";"81,2";"252,5";"91,1";"0,0";"13,7";"28,0";"8,9";"66,2";"0,51";"11,8";"87,7";"1.447";"2.398";"2.692";"321,3";"270,8";"77,9"
"12054";"Potsdam, Stadt";"krsfr. Stadt";"6,0";"32,7";"6,1";"6,3";"59,2";"78,6";"586,5";"89,1";"0,5";"8,4";"27,4";"5,5";"67,7";"0,09";"7,5";"92,4";"1.610";"2.610";"2.979";"384,9";"627,3";"79,1"
"12060";"Barnim";"Landkreis";"6,3";"39,4";"9,0";"7,3";"62,9";"84,0";"45,2";"142,1";"0,0";"8,5";"29,8";"9,5";"32,6";"1,77";"22,2";"76,1";"1.633";"2.234";"2.402";"361,2";"234,3";"35,7"
"12061";"Dahme-Spreewald";"Landkreis";"4,7";"34,9";"2,2";"6,1";"64,1";"84,3";"32,2";"124,6";"0,6";"6,6";"28,3";"12,1";"43,6";"3,53";"21,0";"75,5";"1.665";"2.411";"2.518";"346,2";"1.243,2";"51,5"
"12062";"Elbe-Elster";"Landkreis";"8,1";"47,0";"5,7";"10,9";"62,5";"86,5";"23,4";"132,6";"0,0";"10,7";"30,3";"17,3";"32,6";"4,58";"33,1";"62,4";"1.518";"2.161";"2.215";"238,8";"213,0";"42,2"
"12063";"Havelland";"Landkreis";"6,4";"43,3";"8,3";"7,9";"61,7";"83,3";"33,5";"134,6";"0,0";"8,9";"27,6";"11,9";"29,1";"2,65";"28,2";"69,2";"1.612";"2.148";"2.227";"352,0";"251,3";"35,9"
"12064";"Märkisch-Oderland";"Landkreis";"6,6";"36,2";"8,6";"7,9";"61,2";"83,2";"31,5";"151,1";"0,1";"9,0";"31,3";"9,0";"30,5";"3,21";"22,0";"74,8";"1.613";"2.236";"2.408";"345,3";"240,4";"33,5"
"12065";"Oberhavel";"Landkreis";"6,2";"44,9";"7,5";"6,7";"61,5";"83,7";"43,3";"137,2";"2,4";"8,5";"27,5";"12,6";"28,0";"1,83";"30,4";"67,7";"1.722";"2.398";"2.591";"373,7";"528,8";"51,0"
"12066";"Oberspreewald-Lausitz";"Landkreis";"9,2";"45,5";"6,3";"10,5";"62,9";"88,4";"40,3";"115,5";"1,3";"12,8";"30,5";"20,9";"38,8";"2,34";"34,2";"63,5";"1.562";"2.301";"2.490";"274,8";"308,9";"60,8"
"12067";"Oder-Spree";"Landkreis";"7,3";"48,6";"10,7";"8,4";"62,7";"85,1";"32,6";"119,0";"0,6";"9,8";"0,0";"15,1";"33,9";"2,37";"30,1";"67,5";"1.615";"2.353";"2.532";"332,3";"252,9";"44,4"
"12068";"Ostprignitz-Ruppin";"Landkreis";"7,7";"33,6";"10,5";"7,3";"60,6";"82,4";"18,6";"125,2";"1,5";"12,7";"29,6";"14,6";"38,6";"5,45";"25,9";"68,6";"1.491";"2.164";"2.310";"266,9";"325,2";"46,8"
"12069";"Potsdam-Mittelmark";"Landkreis";"4,9";"39,0";"5,6";"6,1";"62,4";"83,5";"33,8";"132,3";"0,3";"6,1";"30,8";"10,1";"33,3";"3,33";"22,5";"74,2";"1.807";"2.279";"2.479";"421,8";"281,4";"39,9"
"12070";"Prignitz";"Landkreis";"9,1";"42,3";"10,8";"9,5";"61,2";"84,9";"16,2";"136,6";"0,0";"13,3";"26,2";"17,2";"36,4";"5,46";"30,3";"64,2";"1.526";"2.128";"2.239";"252,3";"288,9";"44,4"
"12071";"Spree-Neiße";"Landkreis";"7,4";"38,9";"6,1";"7,8";"62,8";"87,0";"27,5";"129,4";"0,5";"10,8";"30,4";"23,7";"26,6";"2,78";"45,8";"51,4";"1.610";"2.351";"2.532";"310,7";"232,3";"59,6"
"12072";"Teltow-Fläming";"Landkreis";"5,6";"39,8";"6,5";"6,4";"64,6";"84,3";"35,5";"117,8";"0,6";"7,6";"25,6";"18,9";"36,8";"2,50";"33,0";"64,5";"1.611";"2.496";"2.441";"342,5";"628,8";"56,8"
"12073";"Uckermark";"Landkreis";"12,4";"49,4";"16,5";"12,3";"58,2";"84,3";"16,8";"117,2";"0,3";"17,3";"28,6";"14,7";"35,3";"5,28";"27,9";"66,9";"1.470";"2.211";"2.334";"266,6";"276,5";"45,6"
"13003";"Rostock, Stadt";"krsfr. Stadt";"8,7";"32,0";"9,0";"8,8";"58,0";"79,4";"634,9";"72,2";"0,6";"12,6";"30,5";"10,5";"55,3";"0,05";"15,9";"84,0";"1.476";"2.455";"2.763";"281,3";"588,0";"74,6"
"13004";"Schwerin, Stadt";"krsfr. Stadt";"9,1";"30,5";"14,3";"7,7";"59,2";"82,0";"501,7";"71,3";"0,0";"14,2";"25,2";"13,1";"71,9";"0,11";"15,4";"84,5";"1.541";"2.483";"2.795";"306,9";"368,2";"88,3"
"13071";"Mecklenburgische Seenplatte";"Landkreis";"10,6";"43,2";"12,5";"11,4";"59,6";"82,7";"22,0";"103,4";"1,2";"14,1";"28,8";"12,4";"43,0";"3,30";"21,6";"75,1";"1.507";"2.205";"2.325";"250,7";"310,2";"52,2"
"13072";"Landkreis Rostock";"Landkreis";"6,6";"35,6";"8,7";"7,3";"60,6";"80,6";"26,3";"114,0";"0,5";"9,3";"30,8";"11,5";"36,1";"4,18";"23,1";"72,7";"1.601";"2.105";"2.239";"279,5";"294,8";"39,6"
"13073";"Vorpommern-Rügen";"Landkreis";"9,9";"27,4";"10,6";"10,6";"59,3";"80,6";"31,3";"118,1";"1,9";"13,6";"28,4";"8,3";"42,5";"3,06";"15,8";"81,1";"1.521";"2.105";"2.194";"238,8";"312,3";"46,4"
"13074";"Nordwestmecklenburg";"Landkreis";"6,9";"36,1";"8,1";"8,0";"62,1";"82,6";"28,1";"110,7";"0,0";"9,5";"32,3";"15,9";"29,1";"3,40";"34,2";"62,4";"1.537";"2.223";"2.495";"268,5";"351,8";"42,6"
"13075";"Vorpommern-Greifswald";"Landkreis";"10,2";"37,4";"12,0";"11,0";"56,9";"78,4";"26,9";"103,1";"0,0";"14,3";"28,2";"10,5";"43,1";"2,78";"19,0";"78,2";"1.445";"2.152";"2.244";"235,5";"254,3";"46,3"
"13076";"Ludwigslust-Parchim";"Landkreis";"6,0";"32,8";"8,0";"6,7";"64,5";"83,8";"18,0";"105,7";"2,4";"9,1";"27,9";"15,6";"29,3";"5,91";"32,7";"61,4";"1.602";"2.090";"2.295";"276,3";"349,0";"40,6"
"14511";"Chemnitz, Stadt";"krsfr. Stadt";"7,6";"36,4";"8,9";"8,7";"61,6";"83,4";"665,6";"86,8";"0,7";"10,7";"27,7";"17,4";"60,8";"0,16";"22,2";"77,7";"1.646";"2.401";"2.633";"284,4";"430,7";"88,1"
"14521";"Erzgebirgskreis";"Landkreis";"5,4";"37,6";"5,9";"6,8";"67,3";"89,1";"83,8";"127,2";"0,3";"7,5";"28,9";"24,8";"32,1";"1,61";"42,9";"55,5";"1.610";"2.045";"2.191";"232,0";"295,9";"51,1"
"14522";"Mittelsachsen";"Landkreis";"5,9";"41,9";"6,3";"7,7";"66,4";"88,2";"68,3";"113,9";"5,9";"7,9";"30,7";"22,1";"36,1";"2,78";"36,9";"60,3";"1.624";"2.181";"2.243";"266,8";"341,2";"60,3"
"14523";"Vogtlandkreis";"Landkreis";"5,9";"30,4";"7,6";"7,3";"65,4";"86,3";"75,2";"126,5";"0,6";"8,4";"31,1";"21,9";"37,3";"1,57";"36,5";"62,0";"1.614";"2.132";"2.241";"245,8";"324,1";"57,6"
"14524";"Zwickau";"Landkreis";"5,8";"38,7";"6,1";"7,6";"67,4";"88,6";"168,4";"108,1";"0,9";"8,0";"31,6";"24,7";"40,7";"1,00";"37,3";"61,7";"1.670";"2.327";"2.484";"273,5";"352,4";"71,8"
"14612";"Dresden, Stadt";"krsfr. Stadt";"6,6";"35,8";"6,4";"8,5";"62,6";"82,0";"989,2";"84,9";"0,3";"9,2";"30,2";"12,9";"60,6";"0,17";"17,5";"82,3";"1.572";"2.615";"2.987";"323,4";"631,8";"81,9"
"14625";"Bautzen";"Landkreis";"6,2";"46,3";"5,8";"8,1";"66,3";"87,0";"60,4";"109,4";"0,8";"8,3";"31,0";"21,6";"39,2";"1,74";"34,9";"63,3";"1.626";"2.170";"2.283";"269,9";"355,5";"61,0"
"14626";"Görlitz";"Landkreis";"9,2";"45,5";"8,6";"12,0";"61,5";"84,5";"54,4";"115,2";"1,2";"12,1";"31,1";"17,3";"37,7";"2,20";"30,8";"67,0";"1.529";"2.143";"2.183";"223,9";"280,7";"55,0"
"14627";"Meißen";"Landkreis";"6,5";"37,0";"5,9";"8,7";"65,8";"86,6";"78,7";"115,9";"2,6";"8,6";"30,9";"21,9";"37,9";"2,52";"35,7";"61,8";"1.673";"2.327";"2.418";"295,2";"381,6";"61,4"
"14628";"Sächsische Schweiz-Osterzgebirge";"Landkreis";"5,7";"38,5";"6,6";"7,4";"66,8";"87,7";"61,5";"130,2";"0,2";"7,9";"33,8";"19,2";"33,3";"2,10";"35,8";"62,1";"1.651";"2.177";"2.298";"274,8";"302,9";"49,3"
"14713";"Leipzig, Stadt";"krsfr. Stadt";"7,7";"29,6";"8,2";"8,8";"59,2";"77,6";"1.103,8";"88,3";"0,0";"11,5";"28,4";"10,8";"57,8";"0,09";"15,7";"84,2";"1.467";"2.535";"2.807";"270,2";"498,8";"79,8"
"14729";"Leipzig";"Landkreis";"6,1";"36,1";"7,4";"7,2";"65,6";"85,4";"61,7";"135,7";"0,0";"8,7";"30,4";"15,7";"32,1";"2,14";"32,1";"65,8";"1.703";"2.206";"2.275";"301,7";"350,0";"53,6"
"14730";"Nordsachsen";"Landkreis";"7,8";"44,0";"9,6";"10,0";"65,7";"86,8";"45,8";"116,7";"0,3";"9,9";"28,8";"17,0";"39,8";"3,21";"28,9";"67,9";"1.580";"2.313";"2.371";"274,0";"317,3";"58,5"
"15001";"Dessau-Roßlau, Stadt";"krsfr. Stadt";"8,8";"41,6";"10,6";"9,3";"63,3";"86,2";"173,3";"83,3";"1,8";"12,4";"26,1";"18,4";"51,6";"0,85";"26,1";"73,0";"1.612";"2.444";"2.664";"279,2";"267,2";"72,9"
"15002";"Halle (Saale), Stadt";"krsfr. Stadt";"9,9";"34,8";"10,5";"9,4";"56,5";"77,5";"937,3";"67,9";"0,0";"15,0";"25,3";"7,5";"55,8";"0,04";"11,8";"88,1";"1.432";"2.421";"2.806";"258,2";"241,2";"69,7"
"15003";"Magdeburg, Stadt";"krsfr. Stadt";"9,3";"34,0";"10,4";"9,2";"60,5";"81,7";"685,2";"71,0";"0,8";"14,1";"25,9";"11,5";"60,9";"0,05";"15,8";"84,1";"1.509";"2.422";"2.760";"280,9";"453,9";"85,0"
"15081";"Altmarkkreis Salzwedel";"Landkreis";"7,8";"39,0";"8,4";"8,4";"66,4";"86,8";"16,2";"102,5";"0,0";"10,1";"28,5";"15,0";"33,0";"5,48";"29,6";"64,9";"1.613";"2.176";"2.266";"259,4";"250,3";"48,2"
"15082";"Anhalt-Bitterfeld";"Landkreis";"8,1";"40,1";"11,0";"8,5";"63,1";"84,9";"48,2";"94,3";"0,2";"12,0";"25,2";"20,9";"34,3";"2,47";"37,0";"60,6";"1.564";"2.251";"2.321";"242,6";"411,8";"58,1"
"15083";"Börde";"Landkreis";"5,9";"39,0";"7,4";"6,8";"67,2";"86,3";"30,7";"91,6";"0,3";"8,6";"27,0";"19,6";"33,2";"3,09";"35,9";"61,0";"1.651";"2.320";"2.513";"306,2";"351,5";"56,8"
"15084";"Burgenlandkreis";"Landkreis";"8,1";"37,6";"10,5";"8,4";"64,8";"84,7";"52,2";"104,1";"0,2";"11,8";"27,0";"17,1";"34,7";"1,97";"32,4";"65,6";"1.560";"2.245";"2.383";"235,8";"532,2";"50,8"
"15085";"Harz";"Landkreis";"6,4";"30,8";"6,5";"6,6";"64,2";"83,1";"44,3";"100,4";"1,7";"9,5";"27,3";"17,6";"36,9";"1,91";"31,6";"66,5";"1.572";"2.206";"2.450";"257,4";"290,6";"54,1"
"15086";"Jerichower Land";"Landkreis";"7,8";"38,9";"9,0";"9,2";"63,2";"84,6";"23,5";"104,5";"0,0";"11,2";"25,9";"17,5";"29,2";"4,23";"35,9";"59,9";"1.639";"2.241";"2.352";"286,4";"256,9";"46,7"
"15087";"Mansfeld-Südharz";"Landkreis";"11,1";"49,0";"12,7";"12,5";"61,1";"83,7";"36,4";"105,4";"2,7";"15,0";"29,2";"15,5";"33,6";"2,41";"30,7";"66,9";"1.526";"2.106";"2.324";"213,4";"182,9";"42,4"
"15088";"Saalekreis";"Landkreis";"7,6";"41,2";"9,7";"7,5";"66,1";"86,3";"58,8";"90,3";"0,0";"10,8";"26,8";"20,4";"38,0";"1,95";"34,2";"63,8";"1.641";"2.405";"2.528";"298,1";"638,9";"61,6"
"15089";"Salzlandkreis";"Landkreis";"9,8";"35,8";"7,7";"9,7";"61,4";"82,7";"56,5";"93,1";"0,0";"14,5";"25,5";"17,3";"35,2";"1,72";"32,4";"65,8";"1.526";"2.214";"2.449";"236,7";"328,3";"51,1"
"15090";"Stendal";"Landkreis";"10,1";"39,1";"11,3";"9,7";"59,0";"81,3";"19,7";"106,1";"0,0";"14,8";"26,1";"13,6";"34,3";"4,84";"27,0";"68,1";"1.499";"2.177";"2.358";"230,1";"227,7";"46,5"
"15091";"Wittenberg";"Landkreis";"7,9";"40,1";"8,1";"8,7";"65,3";"86,3";"27,5";"106,7";"0,0";"10,6";"28,9";"19,0";"34,1";"3,21";"34,6";"62,2";"1.599";"2.242";"2.293";"240,1";"302,5";"52,5"
"16051";"Erfurt, Stadt";"krsfr. Stadt";"6,8";"31,4";"5,7";"7,8";"59,8";"79,3";"524,1";"79,1";"0,4";"9,6";"29,6";"11,2";"67,9";"0,27";"14,1";"85,6";"1.546";"2.501";"2.679";"317,2";"449,2";"87,6"
"16052";"Gera, Stadt";"krsfr. Stadt";"9,8";"37,8";"16,1";"9,7";"60,9";"83,5";"322,3";"101,8";"3,5";"14,3";"24,7";"12,0";"52,2";"0,30";"18,6";"81,1";"1.585";"2.353";"2.390";"267,6";"273,6";"70,7"
"16053";"Jena, Stadt";"krsfr. Stadt";"6,1";"35,4";"6,3";"6,7";"56,0";"74,9";"599,5";"71,2";"0,4";"8,4";"32,8";"0,0";"59,2";"0,00";"0,0";"78,1";"1.497";"2.732";"3.066";"338,9";"574,3";"74,6"
"16054";"Suhl, Stadt";"krsfr. Stadt";"5,3";"33,0";"6,7";"5,8";"64,4";"88,4";"205,9";"99,5";"0,0";"8,0";"34,0";"0,0";"60,7";"0,00";"0,0";"78,3";"1.753";"2.327";"2.540";"333,2";"295,7";"83,9"
"16055";"Weimar, Stadt";"krsfr. Stadt";"6,5";"32,2";"6,0";"6,7";"56,2";"76,4";"406,5";"103,8";"0,0";"10,3";"33,6";"0,0";"49,7";"0,00";"0,0";"84,6";"1.550";"2.415";"2.902";"305,4";"255,9";"53,8"
"16056";"Eisenach, Stadt";"krsfr. Stadt";"7,1";"29,9";"9,1";"7,4";"64,2";"83,1";"279,1";"79,2";"0,0";"12,4";"28,5";"29,6";"60,4";"0,26";"32,8";"66,9";"1.585";"2.448";"2.721";"287,0";"352,1";"92,0"
"16061";"Eichsfeld";"Landkreis";"4,3";"32,1";"4,0";"6,6";"66,7";"86,3";"49,3";"115,5";"0,3";"6,3";"27,0";"23,3";"32,9";"1,72";"40,8";"57,5";"1.596";"2.167";"2.360";"247,6";"320,0";"46,7"
"16062";"Nordhausen";"Landkreis";"7,5";"33,3";"8,3";"7,4";"62,2";"82,5";"55,2";"101,7";"0,0";"11,4";"27,2";"18,3";"38,9";"1,62";"31,5";"66,9";"1.495";"2.288";"2.467";"245,8";"271,4";"56,1"
"16063";"Wartburgkreis";"Landkreis";"4,4";"37,7";"5,1";"5,7";"69,2";"89,4";"41,0";"104,2";"0,9";"6,0";"26,4";"25,7";"26,4";"2,49";"48,1";"49,4";"1.659";"2.342";"2.514";"290,2";"401,5";"48,9"
"16064";"Unstrut-Hainich-Kreis";"Landkreis";"8,2";"40,2";"9,8";"10,7";"64,6";"86,7";"47,8";"110,9";"1,0";"10,2";"27,5";"16,9";"36,9";"2,80";"30,6";"66,6";"1.527";"2.168";"2.242";"240,6";"312,6";"45,9"
"16065";"Kyffhäuserkreis";"Landkreis";"8,7";"40,2";"7,6";"10,1";"61,4";"84,2";"28,1";"122,0";"0,0";"12,7";"23,8";"15,1";"27,5";"3,21";"34,2";"62,6";"1.480";"2.234";"2.427";"229,1";"253,9";"38,8"
"16066";"Schmalkalden-Meiningen";"Landkreis";"4,5";"30,2";"5,8";"5,2";"66,8";"87,6";"48,9";"113,1";"0,5";"6,5";"28,7";"22,7";"32,9";"1,73";"40,2";"58,1";"1.674";"2.213";"2.352";"275,6";"315,0";"50,6"
"16067";"Gotha";"Landkreis";"5,7";"31,9";"6,8";"7,2";"66,1";"86,6";"68,0";"101,2";"0,1";"7,6";"27,0";"22,3";"34,5";"1,68";"38,6";"59,7";"1.573";"2.297";"2.468";"276,1";"349,6";"55,8"
"16068";"Sömmerda";"Landkreis";"6,1";"33,1";"7,7";"8,1";"64,4";"86,0";"36,4";"106,4";"0,0";"8,5";"26,8";"23,0";"28,7";"4,10";"42,7";"53,2";"1.571";"2.219";"2.388";"267,2";"353,7";"45,0"
"16069";"Hildburghausen";"Landkreis";"3,9";"31,0";"4,7";"5,1";"69,8";"88,5";"27,8";"117,2";"0,0";"5,3";"30,2";"22,2";"25,5";"3,48";"44,9";"51,6";"1.630";"2.234";"2.311";"276,4";"350,1";"43,0"
"16070";"Ilm-Kreis";"Landkreis";"5,8";"33,2";"6,5";"7,0";"63,3";"84,2";"58,8";"113,3";"0,0";"9,0";"30,1";"24,4";"31,8";"1,28";"42,8";"55,9";"1.561";"2.338";"2.509";"275,3";"469,4";"53,1"
"16071";"Weimarer Land";"Landkreis";"4,5";"29,1";"4,4";"5,6";"66,4";"86,5";"41,1";"120,1";"0,0";"7,1";"31,4";"16,6";"31,8";"3,05";"33,2";"63,7";"1.586";"2.308";"2.372";"284,4";"311,9";"44,3"
"16072";"Sonneberg";"Landkreis";"3,6";"22,6";"4,2";"4,3";"67,5";"86,6";"62,6";"107,6";"3,5";"5,9";"23,7";"28,7";"31,9";"1,33";"46,8";"51,9";"1.671";"2.200";"2.362";"275,7";"376,9";"54,5"
"16073";"Saalfeld-Rudolstadt";"Landkreis";"5,9";"36,3";"6,8";"7,6";"66,9";"88,7";"46,5";"113,3";"0,0";"8,3";"29,1";"21,6";"33,9";"1,94";"38,2";"59,9";"1.620";"2.276";"2.466";"262,6";"320,0";"56,0"
"16074";"Saale-Holzland-Kreis";"Landkreis";"5,0";"35,1";"5,4";"6,3";"66,4";"87,0";"42,3";"119,5";"0,0";"6,5";"33,4";"19,7";"30,0";"4,75";"37,8";"57,5";"1.598";"2.255";"2.288";"286,0";"296,4";"48,8"
"16075";"Saale-Orla-Kreis";"Landkreis";"5,2";"33,4";"5,2";"7,4";"67,8";"88,2";"34,1";"116,1";"0,0";"7,4";"28,2";"27,9";"29,6";"4,71";"46,2";"49,1";"1.590";"2.132";"2.253";"245,0";"395,9";"57,6"
"16076";"Greiz";"Landkreis";"5,7";"38,3";"5,9";"7,2";"64,2";"85,5";"47,0";"138,2";"1,7";"8,2";"28,7";"20,3";"28,9";"3,10";"40,0";"56,9";"1.637";"2.190";"2.233";"257,6";"306,8";"43,4"
"16077";"Altenburger Land";"Landkreis";"8,6";"43,3";"11,0";"10,1";"63,5";"87,0";"63,3";"116,8";"0,0";"11,9";"27,5";"19,2";"31,0";"2,48";"37,3";"60,3";"1.575";"2.138";"2.218";"235,9";"245,5";"45,8"
