Kennziffer;Raumeinheit;Aggregat;Einwohner unter 3 Jahren;Einwohner von 3 bis unter 6 Jahren;Einwohner von 6 bis unter 18 Jahren;Einwohner von 18 bis unter 25 Jahren;Einwohner von 25 bis unter 30 Jahren;Einwohner von 30 bis unter 50 Jahren;Einwohner von 50 bis unter 65 Jahren;Einwohner von 65 bis unter 75 Jahren;Einwohner von 75 bis unter 85 Jahren;Einwohner 85 Jahre und älter;Durchschnittsalter der Bevölkerung ;Bevölkerungsentwicklung (zensusbasiert);Frauenanteil;Abhängigenquote Junge;Abhängigenquote Alte;Ausländeranteil;Gesamtwanderungssaldo;Zuzugsrate;Fortzugsrate;Geborene;Gestorbene;Fertilitätsrate;Lebenserwartung
;;;2017;2017;2017;2017;2017;2017;2017;2017;2017;2017;2017;2012-2017;2017;2017;2017;2017;2017;2017;2017;2017;2017;2017;2017
"01001";"Flensburg, Stadt";"krsfr. Stadt";"2,9";"2,6";"9,8";"11,9";"9,1";"23,8";"19,6";"9,6";"8,2";"2,4";"42,2";"6,1";"50,2";"19,0";"30,2";"13,3";"14,3";"99,3";"85,0";"10,0";"11,7";"0,75";"78,80"
"01002";"Kiel, Stadt";"krsfr. Stadt";"2,8";"2,5";"9,4";"11,0";"10,2";"26,5";"19,1";"8,8";"7,5";"2,3";"41,5";"3,4";"51,3";"17,8";"26,7";"11,3";"1,6";"63,5";"61,9";"10,1";"10,0";"0,64";"80,05"
"01003";"Lübeck, Stadt";"krsfr. Stadt";"2,7";"2,5";"10,0";"8,2";"7,0";"25,0";"21,5";"10,5";"9,6";"3,1";"44,7";"2,2";"52,0";"19,5";"36,1";"9,7";"1,7";"48,0";"46,3";"9,1";"12,7";"0,72";"79,62"
"01004";"Neumünster, Stadt";"krsfr. Stadt";"2,7";"2,6";"11,3";"8,2";"6,5";"24,3";"21,8";"10,4";"9,4";"2,8";"44,2";"3,1";"50,6";"21,0";"35,3";"11,0";"1,0";"80,4";"79,3";"8,9";"14,4";"0,71";"78,65"
"01051";"Dithmarschen";"Landkreis";"2,4";"2,4";"11,2";"7,8";"5,2";"22,6";"23,8";"11,9";"9,9";"2,8";"45,8";"0,4";"50,6";"20,5";"39,2";"5,6";"4,6";"42,4";"37,7";"8,0";"13,3";"0,77";"79,28"
"01053";"Herzogtum Lauenburg";"Landkreis";"2,8";"2,8";"11,8";"6,8";"4,9";"24,9";"23,8";"10,2";"9,3";"2,8";"44,6";"4,3";"50,9";"22,2";"35,0";"7,5";"8,3";"51,6";"43,2";"9,1";"12,1";"0,87";"80,58"
"01054";"Nordfriesland";"Landkreis";"2,5";"2,4";"11,1";"7,8";"5,6";"23,1";"23,6";"11,6";"9,6";"2,8";"45,4";"2,0";"51,0";"20,1";"37,8";"6,8";"7,0";"50,3";"43,3";"8,1";"11,7";"0,73";"80,28"
"01055";"Ostholstein";"Landkreis";"2,1";"2,2";"10,3";"6,4";"4,6";"22,4";"24,7";"13,0";"11,2";"3,1";"47,7";"1,4";"51,7";"19,2";"44,8";"5,5";"5,8";"47,9";"42,1";"7,1";"14,0";"0,78";"80,39"
"01056";"Pinneberg";"Landkreis";"2,8";"2,7";"11,5";"7,2";"5,2";"25,4";"23,1";"10,3";"9,2";"2,5";"44,4";"4,6";"50,9";"21,8";"34,5";"10,1";"8,5";"53,0";"44,5";"9,1";"11,3";"0,82";"81,04"
"01057";"Plön";"Landkreis";"2,4";"2,4";"11,2";"6,6";"4,3";"22,8";"24,5";"12,3";"10,7";"2,8";"46,7";"1,7";"51,4";"20,9";"42,1";"4,7";"5,2";"49,1";"44,0";"7,4";"11,4";"0,78";"81,88"
"01058";"Rendsburg-Eckernförde";"Landkreis";"2,5";"2,6";"11,8";"7,1";"4,8";"23,8";"24,1";"11,2";"9,4";"2,6";"45,2";"1,9";"50,8";"21,6";"36,8";"5,0";"6,1";"48,1";"42,0";"8,2";"11,9";"0,83";"81,19"
"01059";"Schleswig-Flensburg";"Landkreis";"2,7";"2,6";"11,8";"7,1";"5,0";"23,4";"23,8";"11,5";"9,5";"2,6";"45,1";"2,4";"50,5";"22,0";"37,6";"5,1";"7,8";"49,6";"41,8";"8,6";"12,4";"0,83";"80,19"
"01060";"Segeberg";"Landkreis";"2,7";"2,8";"11,6";"7,1";"5,2";"25,8";"23,2";"10,5";"8,9";"2,3";"44,3";"4,6";"50,6";"21,6";"33,8";"8,1";"8,7";"54,7";"46,0";"8,8";"11,0";"0,81";"81,01"
"01061";"Steinburg";"Landkreis";"2,6";"2,5";"11,3";"7,4";"5,2";"23,8";"24,6";"10,6";"9,4";"2,6";"45,1";"1,1";"50,6";"20,5";"35,2";"6,6";"2,1";"51,9";"49,8";"8,7";"12,4";"0,87";"79,69"
"01062";"Stormarn";"Landkreis";"2,7";"2,8";"11,8";"6,7";"4,4";"25,4";"23,3";"10,6";"9,5";"2,9";"45,0";"4,1";"51,1";"22,6";"36,6";"7,0";"5,7";"52,5";"46,8";"8,4";"11,5";"0,79";"81,87"
"02000";"Hamburg, Stadt";"krsfr. Stadt";"3,3";"2,9";"10,3";"8,0";"8,2";"29,7";"19,2";"8,6";"7,4";"2,4";"41,7";"5,6";"51,0";"20,7";"27,2";"16,2";"9,8";"54,9";"45,1";"11,5";"9,6";"1,51";"80,95"
"03101";"Braunschweig, Stadt";"krsfr. Stadt";"2,8";"2,4";"9,4";"8,9";"8,6";"26,8";"20,1";"9,4";"8,6";"3,0";"43,4";"0,9";"50,5";"18,2";"31,5";"9,7";"-0,6";"64,3";"64,9";"9,5";"11,6";"0,67";"80,62"
"03102";"Salzgitter, Stadt";"krsfr. Stadt";"3,2";"2,9";"11,5";"8,2";"6,0";"23,5";"21,8";"10,7";"9,1";"3,0";"43,9";"6,6";"50,3";"23,2";"36,3";"16,9";"11,7";"66,0";"54,3";"10,5";"13,9";"0,94";"78,73"
"03103";"Wolfsburg, Stadt";"krsfr. Stadt";"3,2";"2,9";"10,2";"7,1";"7,0";"26,3";"21,0";"9,6";"9,8";"2,9";"44,1";"1,8";"50,3";"21,3";"34,9";"14,3";"1,9";"53,5";"51,6";"10,3";"12,0";"0,81";"80,46"
"03151";"Gifhorn";"Landkreis";"3,0";"2,9";"12,0";"7,4";"5,3";"25,0";"24,6";"9,6";"7,8";"2,3";"43,5";"2,4";"49,9";"22,2";"30,1";"6,2";"2,7";"41,3";"38,6";"9,4";"10,2";"0,84";"80,85"
"03153";"Goslar";"Landkreis";"2,1";"2,0";"9,5";"7,7";"5,6";"22,2";"23,6";"12,3";"11,1";"3,8";"47,5";"-0,8";"50,6";"17,6";"43,9";"8,9";"5,4";"50,7";"45,3";"7,0";"15,4";"0,73";"79,65"
"03154";"Helmstedt";"Landkreis";"2,7";"2,5";"10,5";"6,8";"5,3";"24,3";"24,7";"10,8";"9,3";"3,2";"45,6";"1,5";"50,4";"20,1";"36,4";"6,6";"1,6";"47,0";"45,4";"9,1";"14,5";"0,83";"78,60"
"03155";"Northeim";"Landkreis";"2,4";"2,4";"10,4";"7,1";"5,0";"22,5";"25,0";"11,5";"10,2";"3,5";"46,7";"-1,8";"50,8";"19,5";"40,4";"5,9";"2,7";"37,4";"34,7";"7,7";"14,4";"0,77";"80,34"
"03157";"Peine";"Landkreis";"2,8";"2,8";"11,9";"7,3";"5,0";"24,9";"23,8";"10,0";"8,7";"2,8";"44,2";"2,6";"50,6";"22,1";"33,3";"7,2";"5,9";"42,5";"36,7";"9,2";"12,1";"0,85";"80,06"
"03158";"Wolfenbüttel";"Landkreis";"2,5";"2,4";"10,9";"7,6";"5,1";"23,7";"24,4";"11,1";"9,5";"2,9";"45,6";"0,3";"50,5";"19,8";"36,7";"5,9";"0,4";"42,9";"42,5";"8,0";"12,4";"0,84";"80,28"
"03159";"Göttingen";"Landkreis";"2,5";"2,4";"10,2";"9,4";"7,1";"23,5";"22,4";"10,5";"8,8";"3,0";"44,3";"1,5";"50,9";"18,9";"34,2";"8,1";"7,3";"85,6";"78,3";"8,5";"12,1";"0,69";"80,43"
"03241";"Region Hannover";"Landkreis";"2,9";"2,7";"10,8";"8,1";"6,8";"26,1";"21,5";"9,6";"8,7";"2,8";"43,5";"3,6";"51,1";"20,9";"32,3";"13,1";"4,6";"40,9";"36,2";"9,8";"11,0";"0,75";"80,84"
"03251";"Diepholz";"Landkreis";"2,7";"2,6";"11,5";"7,4";"5,3";"24,2";"24,2";"10,5";"9,0";"2,7";"44,8";"3,0";"50,3";"21,0";"34,5";"7,8";"7,1";"54,6";"47,5";"8,5";"11,4";"0,82";"80,34"
"03252";"Hameln-Pyrmont";"Landkreis";"2,5";"2,5";"10,7";"7,1";"5,1";"22,7";"24,1";"11,3";"10,4";"3,7";"46,4";"-0,2";"51,7";"20,6";"41,0";"9,7";"5,7";"44,0";"38,3";"8,2";"13,8";"0,81";"79,84"
"03254";"Hildesheim";"Landkreis";"2,5";"2,4";"10,7";"8,4";"5,8";"23,5";"23,4";"10,7";"9,4";"3,1";"45,1";"0,5";"51,3";"19,6";"36,2";"7,6";"3,4";"40,4";"36,9";"7,9";"13,6";"0,70";"79,79"
"03255";"Holzminden";"Landkreis";"2,4";"2,3";"10,5";"7,5";"5,2";"22,0";"24,1";"11,8";"10,5";"3,7";"46,7";"-1,8";"50,5";"19,5";"42,0";"7,0";"2,1";"46,5";"44,4";"7,6";"14,8";"0,77";"80,14"
"03256";"Nienburg (Weser)";"Landkreis";"2,7";"2,6";"11,7";"7,7";"5,3";"23,5";"24,5";"10,2";"8,8";"3,0";"44,6";"1,0";"50,3";"21,3";"34,2";"7,7";"4,2";"60,1";"55,9";"8,6";"13,1";"0,85";"79,48"
"03257";"Schaumburg";"Landkreis";"2,5";"2,4";"10,9";"7,3";"5,0";"23,2";"24,3";"11,1";"9,9";"3,4";"46,0";"1,2";"51,1";"20,1";"38,7";"8,2";"8,3";"47,3";"39,0";"7,8";"14,4";"0,80";"79,31"
"03351";"Celle";"Landkreis";"2,8";"2,8";"11,8";"7,2";"5,4";"23,7";"23,2";"11,0";"9,1";"3,0";"44,7";"1,7";"50,8";"22,4";"36,9";"7,4";"6,2";"42,7";"36,6";"8,9";"12,5";"0,82";"80,19"
"03352";"Cuxhaven";"Landkreis";"2,5";"2,5";"11,2";"6,9";"4,8";"23,1";"23,9";"12,3";"9,7";"3,1";"46,0";"0,3";"51,0";"21,2";"40,4";"6,2";"2,5";"42,0";"39,5";"8,4";"13,8";"0,85";"79,99"
"03353";"Harburg";"Landkreis";"2,8";"2,8";"11,7";"7,1";"4,7";"25,0";"23,7";"10,7";"9,1";"2,4";"44,6";"4,6";"50,7";"22,2";"34,9";"7,3";"6,0";"52,9";"46,9";"9,1";"10,3";"0,89";"81,82"
"03354";"Lüchow-Dannenberg";"Landkreis";"2,2";"2,4";"10,8";"6,2";"4,4";"21,6";"24,9";"13,0";"11,0";"3,6";"47,7";"-1,2";"50,9";"20,1";"45,7";"5,3";"-1,9";"44,3";"46,1";"7,2";"15,3";"0,83";"79,02"
"03355";"Lüneburg";"Landkreis";"2,8";"2,8";"11,7";"8,6";"6,1";"25,7";"22,5";"9,6";"7,7";"2,5";"43,0";"4,2";"51,1";"21,4";"29,9";"6,6";"8,7";"53,0";"44,2";"9,0";"10,4";"0,74";"80,46"
"03356";"Osterholz";"Landkreis";"2,7";"2,6";"11,4";"7,0";"4,5";"24,1";"24,5";"11,4";"9,3";"2,5";"45,3";"2,1";"50,8";"21,4";"36,8";"5,3";"6,8";"44,8";"38,0";"8,5";"11,7";"0,83";"80,78"
"03357";"Rotenburg (Wümme)";"Landkreis";"2,6";"2,5";"12,1";"8,0";"5,6";"24,5";"23,7";"10,2";"8,2";"2,5";"43,9";"1,0";"49,7";"21,0";"31,9";"6,0";"2,9";"44,1";"41,2";"8,7";"11,9";"0,80";"80,29"
"03358";"Heidekreis";"Landkreis";"2,6";"2,6";"11,6";"7,7";"5,7";"23,9";"23,5";"10,3";"9,0";"2,9";"44,5";"2,5";"50,1";"21,2";"34,8";"7,7";"-0,1";"85,3";"85,4";"8,5";"12,3";"0,80";"80,47"
"03359";"Stade";"Landkreis";"2,9";"2,8";"12,0";"7,7";"5,7";"25,0";"22,7";"10,5";"8,4";"2,3";"43,6";"3,1";"50,3";"22,2";"32,9";"8,0";"2,5";"46,5";"44,0";"9,5";"10,7";"0,83";"80,76"
"03360";"Uelzen";"Landkreis";"2,3";"2,3";"10,8";"7,3";"5,0";"22,8";"24,5";"11,2";"10,4";"3,3";"46,5";"-0,1";"51,1";"19,7";"39,9";"5,5";"4,4";"43,9";"39,5";"7,6";"14,4";"0,77";"79,27"
"03361";"Verden";"Landkreis";"3,0";"2,9";"11,7";"7,5";"5,2";"24,3";"23,4";"10,9";"8,5";"2,6";"44,1";"3,4";"50,8";"22,6";"34,5";"7,2";"7,0";"45,8";"38,9";"10,1";"11,8";"0,98";"80,71"
"03401";"Delmenhorst, Stadt";"krsfr. Stadt";"3,2";"2,8";"11,3";"8,0";"6,4";"24,2";"22,1";"10,8";"8,8";"2,4";"43,7";"5,3";"50,5";"22,2";"34,4";"14,6";"6,1";"63,5";"57,4";"11,1";"11,2";"0,95";"80,03"
"03402";"Emden, Stadt";"krsfr. Stadt";"2,9";"2,7";"11,1";"9,5";"7,2";"24,7";"20,8";"10,3";"8,1";"2,6";"43,0";"1,7";"49,9";"20,9";"32,2";"9,7";"5,2";"60,7";"55,5";"9,5";"12,4";"0,69";"78,19"
"03403";"Oldenburg (Oldenburg), Stadt";"krsfr. Stadt";"2,7";"2,6";"10,3";"9,9";"8,8";"26,1";"20,7";"9,1";"7,4";"2,4";"42,2";"5,3";"52,2";"18,7";"27,7";"9,3";"8,5";"78,8";"70,3";"9,8";"10,3";"0,67";"80,45"
"03404";"Osnabrück, Stadt";"krsfr. Stadt";"2,8";"2,5";"9,7";"12,0";"9,5";"25,8";"19,1";"8,4";"7,6";"2,6";"41,6";"5,6";"51,6";"18,1";"27,1";"12,7";"2,3";"79,4";"77,0";"10,2";"9,7";"0,69";"81,39"
"03405";"Wilhelmshaven, Stadt";"krsfr. Stadt";"2,6";"2,3";"9,4";"9,2";"7,3";"21,1";"21,8";"12,0";"11,0";"3,2";"45,9";"-0,3";"50,8";"19,0";"42,2";"8,5";"8,0";"71,6";"63,7";"9,3";"15,5";"0,79";"78,74"
"03451";"Ammerland";"Landkreis";"2,7";"2,7";"12,0";"7,4";"5,1";"24,2";"23,1";"11,1";"9,2";"2,5";"44,6";"4,1";"51,1";"22,2";"36,1";"5,6";"7,6";"53,7";"46,1";"8,5";"10,6";"0,81";"81,07"
"03452";"Aurich";"Landkreis";"2,6";"2,5";"11,6";"7,9";"5,5";"23,8";"23,5";"11,7";"8,4";"2,5";"44,6";"1,8";"50,7";"20,8";"35,2";"5,4";"3,3";"40,2";"36,9";"9,0";"12,9";"0,87";"78,80"
"03453";"Cloppenburg";"Landkreis";"3,4";"3,2";"13,9";"9,4";"6,6";"25,7";"21,6";"7,7";"6,4";"2,1";"40,3";"4,9";"49,4";"24,7";"24,1";"10,1";"9,8";"87,7";"77,9";"11,4";"9,6";"0,93";"80,38"
"03454";"Emsland";"Landkreis";"3,0";"2,8";"12,5";"8,4";"6,3";"25,8";"22,5";"9,3";"7,2";"2,2";"42,3";"3,4";"49,2";"22,2";"28,1";"10,3";"6,8";"53,4";"46,6";"10,0";"9,9";"0,87";"80,33"
"03455";"Friesland";"Landkreis";"2,6";"2,4";"11,0";"7,2";"4,8";"22,3";"23,9";"12,4";"10,5";"2,9";"46,4";"1,2";"51,2";"20,8";"42,1";"4,3";"5,4";"48,0";"42,6";"8,0";"12,4";"0,81";"80,53"
"03456";"Grafschaft Bentheim";"Landkreis";"2,8";"2,8";"12,5";"8,1";"5,7";"24,7";"22,9";"10,0";"7,8";"2,7";"43,2";"1,7";"50,0";"22,7";"31,5";"14,1";"1,9";"34,4";"32,5";"9,6";"10,8";"0,84";"81,03"
"03457";"Leer";"Landkreis";"2,8";"2,7";"11,9";"8,1";"5,8";"24,6";"22,9";"10,6";"8,1";"2,4";"43,6";"2,9";"50,1";"21,5";"32,5";"7,5";"6,2";"43,3";"37,1";"9,3";"11,6";"0,80";"79,71"
"03458";"Oldenburg";"Landkreis";"2,7";"2,7";"12,0";"7,7";"5,0";"24,6";"24,3";"10,2";"8,3";"2,5";"44,1";"3,6";"50,4";"21,4";"32,2";"8,1";"5,5";"77,2";"71,7";"9,0";"11,1";"0,90";"80,65"
"03459";"Osnabrück";"Landkreis";"2,9";"2,8";"12,2";"8,0";"5,6";"24,5";"23,6";"9,4";"8,2";"2,8";"43,5";"1,6";"50,3";"22,3";"31,4";"7,7";"4,6";"55,5";"50,8";"9,6";"10,6";"0,87";"81,52"
"03460";"Vechta";"Landkreis";"3,3";"3,1";"13,4";"9,7";"6,8";"26,1";"21,6";"7,7";"6,1";"2,1";"40,3";"5,3";"49,4";"23,7";"23,4";"11,7";"3,0";"74,4";"71,4";"11,0";"8,0";"0,89";"82,04"
"03461";"Wesermarsch";"Landkreis";"2,5";"2,4";"11,3";"7,8";"5,3";"22,9";"24,5";"11,1";"9,2";"2,9";"45,3";"-0,1";"49,9";"20,3";"36,3";"7,5";"1,6";"43,3";"41,8";"8,5";"13,2";"0,83";"79,68"
"03462";"Wittmund";"Landkreis";"2,5";"2,5";"11,6";"7,6";"5,2";"22,8";"23,7";"12,4";"8,9";"3,0";"45,4";"0,7";"50,8";"21,0";"38,7";"4,3";"2,5";"50,1";"47,6";"8,0";"13,0";"0,70";"79,49"
"04011";"Bremen, Stadt";"krsfr. Stadt";"2,9";"2,6";"10,2";"8,7";"7,6";"26,3";"20,6";"9,8";"8,4";"2,8";"43,2";"3,9";"50,6";"19,9";"31,8";"17,5";"5,3";"52,8";"47,6";"10,2";"11,2";"0,74";"80,29"
"04012";"Bremerhaven, Stadt";"krsfr. Stadt";"3,2";"2,9";"11,3";"8,4";"6,6";"24,2";"21,6";"10,6";"8,6";"2,6";"43,4";"4,3";"50,3";"22,7";"34,2";"16,9";"2,5";"72,0";"69,5";"10,8";"13,5";"0,90";"77,86"
"05111";"Düsseldorf, Stadt";"krsfr. Stadt";"3,2";"2,8";"10,0";"7,2";"8,0";"29,4";"20,1";"9,0";"7,9";"2,6";"42,6";"4,0";"51,7";"20,2";"29,0";"19,7";"6,1";"68,8";"62,8";"11,1";"10,1";"0,69";"80,94"
"05112";"Duisburg, Stadt";"krsfr. Stadt";"3,1";"2,7";"11,2";"8,3";"7,1";"25,5";"21,7";"9,3";"8,3";"2,9";"43,1";"2,3";"50,6";"21,4";"31,2";"20,2";"-1,8";"57,9";"59,7";"10,4";"12,3";"0,81";"79,15"
"05113";"Essen, Stadt";"krsfr. Stadt";"3,0";"2,7";"10,3";"8,0";"7,3";"25,7";"21,5";"9,9";"8,6";"3,1";"43,7";"2,9";"51,5";"20,6";"33,1";"15,3";"3,2";"53,6";"50,4";"10,1";"12,7";"0,75";"79,42"
"05114";"Krefeld, Stadt";"krsfr. Stadt";"2,8";"2,6";"11,0";"7,8";"6,3";"24,8";"22,7";"10,2";"8,9";"2,9";"44,2";"2,1";"51,3";"20,9";"34,0";"15,5";"-0,3";"51,8";"52,0";"9,5";"12,2";"0,79";"79,85"
"05116";"Mönchengladbach, Stadt";"krsfr. Stadt";"2,9";"2,7";"10,9";"8,1";"6,9";"25,0";"22,8";"9,9";"8,2";"2,6";"43,6";"2,8";"50,8";"20,6";"31,6";"15,3";"7,6";"56,9";"49,3";"10,0";"12,0";"0,77";"79,47"
"05117";"Mülheim an der Ruhr, Stadt";"krsfr. Stadt";"2,8";"2,6";"10,4";"7,1";"6,1";"24,2";"23,0";"10,7";"9,7";"3,4";"45,3";"2,8";"51,8";"20,9";"37,5";"15,1";"5,6";"47,6";"42,0";"9,3";"13,0";"0,82";"80,26"
"05119";"Oberhausen, Stadt";"krsfr. Stadt";"2,8";"2,6";"10,4";"7,6";"6,4";"25,2";"23,3";"10,2";"8,6";"2,8";"44,4";"0,7";"50,9";"20,0";"33,2";"14,6";"3,9";"46,0";"42,1";"9,4";"13,1";"0,78";"78,84"
"05120";"Remscheid, Stadt";"krsfr. Stadt";"2,8";"2,7";"11,2";"7,5";"5,9";"24,3";"23,3";"10,3";"9,1";"2,9";"44,5";"1,1";"50,7";"21,4";"34,8";"17,5";"2,2";"43,3";"41,1";"9,0";"11,7";"0,81";"79,83"
"05122";"Solingen, Stadt";"krsfr. Stadt";"2,8";"2,7";"11,3";"7,7";"6,0";"24,8";"23,3";"9,5";"9,0";"2,9";"44,1";"2,2";"51,4";"21,2";"32,9";"16,2";"2,9";"45,8";"43,0";"9,1";"13,0";"0,75";"79,75"
"05124";"Wuppertal, Stadt";"krsfr. Stadt";"3,0";"2,8";"11,2";"8,4";"6,9";"25,0";"21,8";"9,6";"8,4";"2,8";"43,2";"3,1";"51,1";"21,7";"32,1";"18,8";"5,2";"54,1";"48,8";"10,3";"12,3";"0,80";"79,82"
"05154";"Kleve";"Landkreis";"2,7";"2,7";"11,3";"8,2";"6,1";"24,6";"23,9";"10,0";"7,8";"2,5";"43,7";"3,1";"50,2";"20,6";"30,8";"14,4";"5,6";"53,4";"47,8";"8,9";"11,6";"0,76";"79,94"
"05158";"Mettmann";"Landkreis";"2,8";"2,7";"11,1";"6,8";"5,1";"24,1";"23,7";"10,8";"10,0";"3,0";"45,4";"1,7";"51,7";"21,7";"37,9";"11,9";"4,2";"43,9";"39,8";"9,0";"12,0";"0,84";"81,07"
"05162";"Rhein-Kreis Neuss";"Landkreis";"2,9";"2,8";"11,5";"6,9";"5,2";"25,4";"23,5";"10,3";"8,9";"2,7";"44,4";"2,3";"51,4";"22,0";"34,1";"11,4";"6,2";"46,3";"40,1";"9,4";"11,3";"0,84";"81,11"
"05166";"Viersen";"Landkreis";"2,6";"2,5";"11,2";"7,4";"5,3";"24,1";"25,1";"10,4";"8,8";"2,7";"44,9";"1,1";"51,1";"20,1";"33,5";"9,7";"3,6";"46,5";"42,9";"8,4";"11,1";"0,76";"80,83"
"05170";"Wesel";"Landkreis";"2,6";"2,5";"10,7";"7,0";"5,6";"23,7";"25,0";"11,0";"9,0";"3,0";"45,5";"0,5";"51,2";"19,9";"35,7";"9,0";"1,3";"38,3";"37,1";"8,4";"12,0";"0,77";"80,63"
"05314";"Bonn, Stadt";"krsfr. Stadt";"3,1";"2,9";"11,3";"9,9";"8,2";"27,0";"19,6";"8,2";"7,0";"2,7";"41,1";"5,0";"52,2";"21,5";"26,6";"16,2";"8,5";"96,4";"87,8";"10,4";"9,2";"0,63";"81,72"
"05315";"Köln, Stadt";"krsfr. Stadt";"3,2";"2,8";"10,2";"8,5";"8,7";"29,9";"19,4";"8,3";"7,0";"2,1";"41,3";"5,5";"51,2";"19,7";"25,2";"19,2";"1,4";"57,6";"56,1";"11,1";"8,9";"0,69";"80,90"
"05316";"Leverkusen, Stadt";"krsfr. Stadt";"2,9";"2,8";"11,3";"7,3";"6,1";"25,4";"22,5";"9,4";"9,5";"2,8";"44,1";"2,3";"51,3";"22,0";"33,8";"15,4";"4,0";"54,0";"50,0";"9,5";"10,8";"0,77";"81,16"
"05334";"Städteregion Aachen";"Landkreis";"2,7";"2,5";"10,3";"11,0";"8,0";"24,0";"21,4";"9,5";"8,0";"2,6";"42,8";"2,1";"49,6";"18,9";"30,0";"14,0";"4,8";"47,7";"43,0";"9,2";"10,7";"0,73";"80,92"
"05358";"Düren";"Landkreis";"2,8";"2,6";"11,3";"8,2";"5,9";"24,2";"24,0";"10,3";"8,2";"2,6";"44,0";"1,6";"50,4";"20,7";"32,2";"10,3";"5,6";"47,2";"41,5";"9,4";"12,1";"0,82";"79,69"
"05362";"Rhein-Erft-Kreis";"Landkreis";"2,9";"2,8";"11,4";"7,4";"5,6";"25,3";"23,3";"10,4";"8,4";"2,5";"44,0";"2,7";"51,1";"21,8";"32,9";"12,1";"5,4";"54,9";"49,5";"9,4";"11,2";"0,80";"80,97"
"05366";"Euskirchen";"Landkreis";"2,7";"2,6";"11,4";"7,5";"5,4";"24,0";"25,1";"10,5";"8,2";"2,7";"44,5";"2,3";"50,7";"20,9";"32,8";"7,5";"7,7";"53,7";"46,1";"9,0";"12,0";"0,85";"79,79"
"05370";"Heinsberg";"Landkreis";"2,7";"2,6";"11,5";"7,7";"5,7";"24,6";"24,6";"10,0";"8,0";"2,6";"44,0";"2,1";"50,5";"20,7";"31,3";"11,3";"4,5";"43,5";"39,0";"9,0";"11,6";"0,80";"80,11"
"05374";"Oberbergischer Kreis";"Landkreis";"2,9";"2,8";"11,9";"8,0";"5,6";"24,0";"23,8";"9,6";"8,7";"2,8";"43,9";"0,6";"50,8";"22,0";"32,7";"9,3";"1,8";"38,9";"37,1";"9,4";"11,8";"0,85";"80,46"
"05378";"Rheinisch-Bergischer Kreis";"Landkreis";"2,7";"2,7";"11,5";"7,1";"4,8";"23,9";"24,4";"10,4";"9,6";"3,0";"45,3";"1,9";"51,5";"21,6";"36,5";"9,2";"3,0";"48,4";"45,4";"8,4";"11,5";"0,78";"81,91"
"05382";"Rhein-Sieg-Kreis";"Landkreis";"2,8";"2,8";"12,0";"7,6";"5,5";"24,5";"23,7";"10,1";"8,5";"2,5";"43,9";"3,2";"51,0";"22,3";"32,7";"10,0";"3,5";"49,0";"45,6";"9,0";"10,6";"0,81";"81,53"
"05512";"Bottrop, Stadt";"krsfr. Stadt";"2,6";"2,4";"10,6";"7,4";"5,9";"24,6";"24,4";"10,6";"8,4";"3,1";"45,0";"0,7";"51,3";"19,4";"33,8";"10,7";"4,0";"40,0";"36,0";"8,6";"13,3";"0,72";"79,61"
"05513";"Gelsenkirchen, Stadt";"krsfr. Stadt";"3,1";"2,8";"11,6";"8,0";"6,7";"25,1";"22,1";"9,8";"7,9";"2,9";"43,2";"1,0";"50,2";"22,0";"31,7";"19,1";"-5,9";"41,7";"47,6";"10,5";"13,3";"0,87";"78,45"
"05515";"Münster, Stadt";"krsfr. Stadt";"2,9";"2,5";"9,6";"12,6";"10,0";"26,4";"19,1";"7,6";"6,7";"2,6";"40,6";"5,7";"52,0";"17,8";"24,0";"10,3";"3,1";"75,5";"72,5";"10,0";"8,5";"0,63";"82,40"
"05554";"Borken";"Landkreis";"3,0";"2,8";"12,7";"8,5";"6,1";"24,9";"23,3";"8,9";"7,5";"2,3";"42,4";"1,6";"50,1";"22,5";"28,2";"8,9";"1,0";"38,1";"37,0";"10,1";"10,0";"0,87";"80,89"
"05558";"Coesfeld";"Landkreis";"2,8";"2,7";"11,9";"7,9";"5,2";"24,2";"24,8";"9,8";"7,9";"2,7";"43,9";"2,0";"50,6";"21,2";"31,0";"6,1";"2,9";"41,0";"38,2";"9,0";"10,4";"0,85";"81,59"
"05562";"Recklinghausen";"Landkreis";"2,7";"2,5";"10,8";"7,4";"5,6";"24,3";"24,3";"10,8";"8,6";"3,1";"45,1";"0,2";"51,2";"20,2";"34,8";"10,7";"3,3";"37,7";"34,4";"8,9";"12,8";"0,83";"80,02"
"05566";"Steinfurt";"Landkreis";"3,0";"2,8";"12,4";"8,4";"5,6";"24,8";"23,5";"9,2";"7,8";"2,6";"43,0";"2,9";"50,2";"22,3";"29,8";"8,8";"5,3";"43,2";"37,9";"9,9";"10,4";"0,89";"80,98"
"05570";"Warendorf";"Landkreis";"2,8";"2,7";"12,3";"7,9";"5,4";"24,5";"23,5";"9,7";"8,2";"2,9";"43,7";"1,7";"50,6";"22,2";"32,2";"9,8";"0,7";"43,7";"43,0";"8,9";"10,8";"0,78";"81,87"
"05711";"Bielefeld, Stadt";"krsfr. Stadt";"3,0";"2,8";"11,4";"9,2";"7,5";"25,9";"20,3";"8,8";"8,2";"3,0";"42,4";"1,3";"51,8";"21,5";"30,2";"14,1";"-2,2";"48,0";"50,1";"10,3";"10,9";"0,73";"81,03"
"05754";"Gütersloh";"Landkreis";"3,0";"2,8";"12,2";"8,3";"6,0";"25,5";"22,8";"8,8";"7,9";"2,6";"42,8";"3,2";"50,0";"22,2";"29,3";"12,4";"3,8";"52,4";"48,6";"9,8";"10,2";"0,83";"81,63"
"05758";"Herford";"Landkreis";"2,8";"2,7";"11,6";"7,6";"5,6";"24,4";"23,4";"9,7";"8,8";"3,4";"44,4";"1,0";"50,9";"21,5";"34,2";"9,0";"4,7";"45,3";"40,6";"9,0";"11,9";"0,79";"81,12"
"05762";"Höxter";"Landkreis";"2,6";"2,5";"11,7";"7,9";"5,4";"23,0";"24,6";"10,1";"9,0";"3,1";"44,8";"-1,5";"50,2";"21,0";"34,7";"5,4";"-1,4";"48,6";"50,0";"8,8";"12,4";"0,83";"80,89"
"05766";"Lippe";"Landkreis";"2,9";"2,8";"12,1";"8,0";"5,6";"23,3";"23,0";"10,0";"9,1";"3,3";"44,1";"0,7";"50,9";"23,1";"35,3";"8,3";"2,7";"39,5";"36,8";"9,6";"12,3";"0,86";"80,58"
"05770";"Minden-Lübbecke";"Landkreis";"2,9";"2,7";"11,9";"7,8";"5,7";"23,7";"23,4";"9,8";"8,8";"3,2";"44,1";"0,4";"50,7";"22,3";"34,1";"7,6";"0,6";"35,0";"34,3";"9,3";"12,1";"0,83";"80,83"
"05774";"Paderborn";"Landkreis";"3,1";"2,9";"11,9";"9,2";"7,3";"25,8";"22,0";"8,5";"7,0";"2,3";"41,7";"3,1";"50,0";"21,7";"26,4";"8,9";"-0,8";"39,5";"40,3";"10,4";"9,1";"0,78";"81,35"
"05911";"Bochum, Stadt";"krsfr. Stadt";"2,6";"2,4";"9,6";"8,8";"7,7";"25,1";"21,8";"10,2";"8,7";"3,1";"44,2";"0,9";"51,3";"18,2";"33,3";"12,3";"5,1";"50,4";"45,3";"9,1";"12,4";"0,66";"79,92"
"05913";"Dortmund, Stadt";"krsfr. Stadt";"2,9";"2,7";"10,5";"8,6";"7,5";"26,1";"21,2";"9,5";"8,2";"2,7";"43,1";"2,5";"50,9";"20,2";"30,9";"17,0";"3,2";"48,6";"45,3";"10,1";"12,0";"0,75";"79,19"
"05914";"Hagen, Stadt";"krsfr. Stadt";"3,0";"2,7";"11,4";"7,7";"6,1";"24,0";"22,6";"10,2";"9,1";"3,2";"44,3";"0,8";"51,3";"22,0";"35,3";"17,4";"0,4";"44,8";"44,3";"10,1";"13,4";"0,86";"78,94"
"05915";"Hamm, Stadt";"krsfr. Stadt";"2,9";"2,8";"11,9";"8,5";"6,2";"25,3";"21,7";"9,8";"8,1";"2,8";"43,1";"1,6";"50,9";"22,0";"31,8";"14,6";"-0,9";"51,4";"52,4";"9,9";"11,4";"0,84";"80,06"
"05916";"Herne, Stadt";"krsfr. Stadt";"2,8";"2,6";"10,7";"8,1";"6,4";"25,1";"22,5";"10,2";"8,5";"3,2";"44,2";"1,2";"51,0";"20,0";"33,5";"16,3";"2,1";"52,0";"49,8";"9,6";"13,9";"0,82";"78,58"
"05954";"Ennepe-Ruhr-Kreis";"Landkreis";"2,6";"2,5";"10,2";"7,2";"5,7";"23,8";"24,4";"11,0";"9,5";"3,1";"45,7";"0,1";"51,5";"19,6";"36,8";"10,0";"2,2";"39,3";"37,2";"8,8";"13,0";"0,78";"80,05"
"05958";"Hochsauerlandkreis";"Landkreis";"2,6";"2,5";"11,5";"7,8";"5,8";"23,9";"24,2";"9,9";"8,9";"3,0";"44,6";"-0,8";"50,1";"20,4";"33,6";"8,5";"1,2";"38,1";"36,9";"8,7";"12,6";"0,80";"80,01"
"05962";"Märkischer Kreis";"Landkreis";"2,7";"2,6";"11,4";"7,6";"5,8";"24,0";"24,0";"10,1";"9,0";"2,8";"44,5";"-1,6";"50,8";"21,0";"33,9";"12,8";"-1,2";"32,2";"33,4";"9,1";"12,5";"0,84";"79,87"
"05966";"Olpe";"Landkreis";"2,9";"2,7";"11,8";"7,9";"5,8";"25,0";"24,0";"9,3";"7,9";"2,7";"43,5";"-0,5";"49,9";"21,2";"30,1";"9,1";"-0,4";"35,2";"35,6";"10,1";"10,9";"0,86";"80,79"
"05970";"Siegen-Wittgenstein";"Landkreis";"2,8";"2,6";"10,8";"8,8";"6,7";"24,0";"22,9";"10,0";"8,7";"2,7";"43,9";"0,9";"50,3";"20,3";"32,6";"10,3";"2,1";"46,7";"44,5";"9,6";"11,7";"0,80";"80,31"
"05974";"Soest";"Landkreis";"2,8";"2,7";"11,7";"7,8";"5,6";"24,6";"23,8";"9,7";"8,5";"2,7";"44,0";"1,9";"50,3";"21,3";"32,2";"9,2";"1,9";"50,6";"48,7";"9,5";"11,9";"0,86";"80,04"
"05978";"Unna";"Landkreis";"2,7";"2,5";"10,9";"7,5";"5,5";"24,2";"24,3";"10,7";"8,9";"3,0";"45,1";"0,3";"51,3";"20,3";"35,1";"9,5";"2,9";"50,7";"47,8";"9,0";"12,4";"0,83";"80,04"
"06411";"Darmstadt, Stadt";"krsfr. Stadt";"3,1";"2,8";"10,2";"11,3";"10,5";"26,7";"18,3";"8,3";"6,6";"2,4";"40,4";"7,0";"49,1";"19,6";"25,0";"19,3";"3,0";"94,7";"91,7";"10,9";"8,9";"0,75";"80,81"
"06412";"Frankfurt am Main, Stadt";"krsfr. Stadt";"3,5";"3,0";"10,4";"7,6";"8,9";"32,6";"18,5";"7,8";"5,8";"2,1";"40,3";"8,6";"50,6";"20,7";"22,4";"29,0";"9,0";"83,7";"74,7";"12,1";"8,0";"0,71";"81,32"
"06413";"Offenbach am Main, Stadt";"krsfr. Stadt";"3,5";"3,2";"11,7";"8,3";"8,1";"29,1";"19,4";"8,2";"6,4";"2,1";"40,5";"8,3";"50,6";"23,0";"24,7";"35,0";"12,0";"102,7";"90,7";"12,0";"8,8";"0,79";"80,77"
"06414";"Wiesbaden, Stadt";"krsfr. Stadt";"3,4";"2,9";"11,4";"7,9";"6,7";"27,2";"20,6";"9,4";"7,8";"2,7";"42,5";"2,2";"52,2";"22,8";"30,6";"18,8";"1,9";"64,6";"62,8";"11,9";"10,3";"0,85";"81,07"
"06431";"Bergstraße";"Landkreis";"2,7";"2,6";"10,8";"7,4";"5,4";"24,7";"24,4";"10,8";"8,6";"2,7";"44,8";"2,7";"50,6";"20,3";"34,0";"12,9";"5,7";"49,1";"43,4";"9,2";"11,7";"0,87";"80,69"
"06432";"Darmstadt-Dieburg";"Landkreis";"2,9";"2,8";"11,4";"7,7";"5,8";"25,4";"23,4";"10,4";"7,9";"2,3";"43,7";"4,1";"50,3";"21,3";"31,4";"14,0";"5,6";"56,0";"50,4";"9,3";"10,5";"0,82";"81,37"
"06433";"Groß-Gerau";"Landkreis";"3,3";"3,0";"11,6";"7,9";"6,4";"27,1";"21,4";"9,4";"7,6";"2,3";"42,4";"6,5";"50,1";"22,4";"29,2";"21,5";"7,2";"60,4";"53,2";"10,6";"9,3";"0,83";"81,24"
"06434";"Hochtaunuskreis";"Landkreis";"2,8";"2,9";"12,4";"6,7";"4,6";"25,4";"22,7";"10,4";"9,1";"3,0";"44,5";"3,5";"51,5";"23,8";"36,0";"15,8";"5,6";"53,9";"48,2";"8,8";"10,4";"0,81";"82,96"
"06435";"Main-Kinzig-Kreis";"Landkreis";"2,8";"2,7";"11,2";"7,6";"5,8";"25,5";"23,0";"10,5";"8,3";"2,6";"44,0";"3,7";"50,7";"21,1";"32,8";"15,1";"4,8";"49,4";"44,6";"9,2";"10,4";"0,82";"81,53"
"06436";"Main-Taunus-Kreis";"Landkreis";"3,0";"2,9";"12,1";"6,8";"5,2";"26,8";"22,0";"9,9";"8,6";"2,6";"43,6";"4,8";"51,1";"23,5";"33,1";"15,9";"5,0";"60,3";"55,2";"9,4";"9,4";"0,79";"82,19"
"06437";"Odenwaldkreis";"Landkreis";"2,5";"2,5";"10,8";"7,3";"5,5";"23,6";"24,4";"11,3";"8,9";"3,1";"45,5";"-0,1";"50,6";"19,9";"36,5";"13,2";"6,4";"52,4";"46,0";"8,0";"13,0";"0,69";"80,62"
"06438";"Offenbach";"Landkreis";"3,1";"2,8";"11,5";"7,3";"5,8";"26,2";"22,1";"10,3";"8,3";"2,6";"43,6";"4,6";"50,8";"22,4";"32,8";"18,6";"4,4";"56,8";"52,4";"10,3";"10,1";"0,85";"81,80"
"06439";"Rheingau-Taunus-Kreis";"Landkreis";"2,6";"2,6";"11,2";"7,4";"4,9";"24,5";"24,1";"11,1";"8,8";"2,8";"45,0";"3,1";"50,8";"20,8";"35,5";"11,8";"7,3";"55,1";"47,7";"8,1";"10,5";"0,77";"82,16"
"06440";"Wetteraukreis";"Landkreis";"2,7";"2,7";"11,3";"7,6";"5,7";"25,5";"23,4";"10,2";"8,2";"2,6";"44,0";"3,9";"50,5";"20,9";"32,1";"12,3";"6,6";"54,1";"47,5";"9,1";"11,1";"0,79";"80,94"
"06531";"Gießen";"Landkreis";"2,8";"2,5";"10,4";"10,9";"8,2";"24,5";"21,4";"9,3";"7,4";"2,5";"42,3";"5,5";"50,8";"19,1";"28,3";"11,6";"5,1";"94,7";"89,7";"9,8";"10,3";"0,69";"80,75"
"06532";"Lahn-Dill-Kreis";"Landkreis";"2,8";"2,6";"11,2";"7,8";"5,9";"24,4";"23,5";"10,3";"8,7";"2,8";"44,4";"0,8";"50,7";"20,8";"33,8";"10,5";"3,4";"36,6";"33,2";"9,2";"12,3";"0,81";"80,28"
"06533";"Limburg-Weilburg";"Landkreis";"2,7";"2,5";"11,6";"7,7";"5,7";"24,6";"24,0";"10,2";"8,2";"2,7";"44,2";"1,2";"50,3";"20,8";"32,4";"11,2";"1,9";"47,5";"45,6";"9,0";"11,9";"0,82";"80,15"
"06534";"Marburg-Biedenkopf";"Landkreis";"2,6";"2,5";"10,9";"10,9";"7,6";"24,3";"21,6";"9,2";"7,7";"2,6";"42,5";"2,0";"50,8";"19,4";"28,8";"11,1";"7,0";"58,1";"51,1";"8,7";"10,9";"0,64";"80,91"
"06535";"Vogelsbergkreis";"Landkreis";"2,3";"2,3";"10,5";"7,2";"5,2";"23,1";"25,4";"11,2";"9,3";"3,5";"46,2";"-0,5";"49,9";"19,1";"37,5";"6,9";"3,5";"40,8";"37,3";"7,3";"13,5";"0,74";"79,95"
"06611";"Kassel, Stadt";"krsfr. Stadt";"3,0";"2,7";"10,0";"10,2";"9,1";"25,6";"20,0";"9,2";"7,5";"2,8";"42,1";"4,1";"51,0";"19,4";"28,9";"17,5";"8,0";"80,6";"72,7";"10,6";"10,6";"0,74";"80,44"
"06631";"Fulda";"Landkreis";"2,9";"2,7";"11,5";"8,5";"6,3";"24,7";"22,6";"9,4";"8,4";"3,1";"43,5";"2,6";"50,3";"21,3";"32,0";"8,5";"3,4";"38,5";"35,1";"9,7";"10,5";"0,79";"81,73"
"06632";"Hersfeld-Rotenburg";"Landkreis";"2,7";"2,5";"10,9";"7,2";"5,6";"23,6";"23,8";"11,0";"9,6";"3,3";"45,5";"0,8";"50,0";"20,8";"37,8";"9,0";"4,9";"49,1";"44,2";"8,4";"12,8";"0,77";"80,24"
"06633";"Kassel";"Landkreis";"2,6";"2,5";"10,6";"6,9";"5,0";"23,6";"24,1";"11,8";"9,8";"3,0";"46,1";"1,1";"50,9";"20,2";"39,4";"6,9";"3,3";"48,1";"44,8";"8,7";"13,0";"0,85";"81,10"
"06634";"Schwalm-Eder-Kreis";"Landkreis";"2,5";"2,5";"10,8";"7,2";"5,4";"24,1";"24,4";"11,0";"9,0";"3,0";"45,4";"0,3";"49,9";"19,9";"35,8";"7,0";"2,7";"40,5";"37,8";"8,4";"12,8";"0,82";"80,06"
"06635";"Waldeck-Frankenberg";"Landkreis";"2,6";"2,5";"11,2";"7,4";"5,4";"23,5";"24,4";"10,7";"9,2";"3,1";"45,2";"0,0";"50,1";"20,5";"36,0";"8,1";"-0,1";"37,3";"37,4";"8,6";"13,1";"0,81";"79,80"
"06636";"Werra-Meißner-Kreis";"Landkreis";"2,3";"2,3";"10,1";"7,5";"5,3";"22,4";"24,5";"11,9";"10,1";"3,4";"46,6";"0,2";"50,6";"19,1";"40,6";"7,0";"8,3";"46,8";"38,6";"7,7";"14,6";"0,69";"79,54"
"07111";"Koblenz, Stadt";"krsfr. Stadt";"2,8";"2,5";"9,4";"9,8";"8,7";"25,3";"19,9";"9,7";"8,7";"3,3";"43,4";"3,7";"51,4";"18,5";"32,7";"12,7";"3,6";"78,8";"75,2";"9,8";"11,5";"0,68";"81,34"
"07131";"Ahrweiler";"Landkreis";"2,6";"2,5";"10,3";"7,5";"5,4";"22,7";"24,8";"11,2";"9,7";"3,4";"46,0";"2,4";"50,9";"19,6";"38,3";"9,1";"7,9";"49,3";"41,4";"8,7";"13,0";"0,78";"81,11"
"07132";"Altenkirchen (Westerwald)";"Landkreis";"2,7";"2,6";"11,2";"7,7";"5,9";"23,6";"24,4";"10,4";"8,8";"2,8";"44,7";"-0,3";"50,5";"20,7";"34,1";"7,2";"2,6";"42,6";"39,9";"8,6";"12,4";"0,79";"79,98"
"07133";"Bad Kreuznach";"Landkreis";"2,7";"2,6";"11,0";"7,1";"5,5";"23,7";"24,4";"11,1";"8,9";"3,0";"45,2";"1,4";"51,2";"20,8";"36,1";"9,8";"4,4";"42,9";"38,5";"9,2";"12,4";"0,83";"80,33"
"07134";"Birkenfeld";"Landkreis";"2,4";"2,4";"10,3";"7,3";"5,7";"22,7";"25,1";"11,2";"9,6";"3,3";"46,1";"-0,5";"50,4";"19,1";"37,8";"7,7";"6,2";"45,0";"38,7";"7,5";"14,5";"0,69";"78,92"
"07135";"Cochem-Zell";"Landkreis";"2,4";"2,3";"10,6";"7,2";"5,6";"22,6";"25,3";"11,1";"9,7";"3,3";"46,1";"0,9";"49,9";"19,0";"37,6";"7,0";"2,4";"45,7";"43,3";"8,3";"13,9";"0,79";"80,12"
"07137";"Mayen-Koblenz";"Landkreis";"2,8";"2,6";"10,9";"7,3";"5,6";"24,6";"24,5";"10,4";"8,5";"2,8";"44,6";"1,7";"50,6";"20,5";"33,2";"7,6";"5,0";"48,3";"43,2";"9,2";"11,5";"0,79";"81,36"
"07138";"Neuwied";"Landkreis";"2,8";"2,6";"11,5";"7,6";"5,7";"23,4";"24,3";"10,4";"8,8";"2,9";"44,6";"1,0";"50,8";"21,4";"34,5";"9,1";"3,9";"47,9";"44,0";"9,2";"12,3";"0,85";"80,95"
"07140";"Rhein-Hunsrück-Kreis";"Landkreis";"2,7";"2,5";"11,0";"7,1";"5,4";"23,8";"25,1";"10,6";"8,7";"3,0";"45,2";"-0,4";"50,2";"20,0";"34,5";"7,4";"3,1";"43,1";"40,1";"8,8";"12,7";"0,80";"80,27"
"07141";"Rhein-Lahn-Kreis";"Landkreis";"2,6";"2,5";"10,6";"7,1";"5,4";"23,8";"24,7";"11,3";"9,1";"2,8";"45,5";"0,4";"50,5";"20,1";"36,2";"8,3";"3,0";"48,8";"45,9";"8,4";"12,8";"0,82";"80,21"
"07143";"Westerwaldkreis";"Landkreis";"2,7";"2,6";"11,5";"7,4";"5,6";"24,8";"24,5";"10,1";"8,1";"2,7";"44,2";"1,1";"50,3";"21,0";"31,9";"8,5";"3,1";"42,5";"39,4";"8,6";"11,7";"0,73";"80,35"
"07211";"Trier, Stadt";"krsfr. Stadt";"2,7";"2,4";"9,1";"11,9";"10,4";"26,4";"19,3";"8,0";"7,0";"2,7";"41,3";"3,3";"50,8";"16,8";"25,2";"13,1";"-1,2";"132,6";"133,8";"9,5";"10,4";"0,58";"80,30"
"07231";"Bernkastel-Wittlich";"Landkreis";"2,7";"2,6";"10,8";"7,1";"5,5";"24,1";"24,7";"10,6";"8,7";"3,2";"45,2";"1,2";"50,1";"20,4";"34,9";"9,4";"4,3";"48,9";"44,6";"9,0";"12,1";"0,85";"80,68"
"07232";"Eifelkreis Bitburg-Prüm";"Landkreis";"3,0";"2,6";"11,3";"7,6";"6,2";"24,5";"24,4";"9,6";"8,0";"2,9";"43,9";"2,4";"49,8";"21,0";"31,1";"12,1";"3,8";"45,7";"41,9";"9,7";"11,4";"0,89";"80,42"
"07233";"Vulkaneifel";"Landkreis";"2,4";"2,5";"10,5";"7,4";"5,3";"22,5";"25,5";"11,1";"9,6";"3,2";"46,0";"-0,6";"49,8";"19,5";"37,5";"7,1";"4,7";"48,6";"43,9";"7,9";"13,2";"0,73";"80,96"
"07235";"Trier-Saarburg";"Landkreis";"2,8";"2,8";"11,5";"7,1";"5,3";"25,6";"24,7";"9,5";"8,0";"2,8";"44,0";"3,2";"50,5";"21,3";"30,8";"10,1";"6,4";"58,5";"52,1";"8,8";"10,4";"0,78";"81,50"
"07311";"Frankenthal (Pfalz), Stadt";"krsfr. Stadt";"3,1";"2,8";"11,0";"7,5";"6,4";"24,7";"21,6";"10,1";"9,5";"3,3";"44,3";"2,9";"51,7";"22,1";"36,2";"16,3";"1,0";"70,7";"69,7";"10,3";"12,1";"0,76";"81,04"
"07312";"Kaiserslautern, Stadt";"krsfr. Stadt";"2,7";"2,4";"9,4";"11,2";"9,4";"23,8";"20,9";"9,5";"8,0";"2,7";"42,7";"2,6";"49,5";"17,9";"29,8";"15,5";"6,4";"84,0";"77,7";"9,2";"11,8";"0,70";"80,07"
"07313";"Landau in der Pfalz, Stadt";"krsfr. Stadt";"2,8";"2,3";"10,0";"12,2";"7,9";"24,2";"21,6";"8,8";"7,5";"2,6";"42,3";"6,1";"52,7";"18,2";"27,7";"9,9";"7,2";"84,0";"76,8";"9,9";"10,9";"0,71";"80,71"
"07314";"Ludwigshafen am Rhein, Stadt";"krsfr. Stadt";"3,4";"3,1";"11,6";"8,4";"7,1";"26,6";"20,6";"8,8";"7,8";"2,6";"42,0";"5,2";"50,2";"23,2";"29,2";"25,0";"10,6";"78,4";"67,8";"11,4";"11,2";"0,82";"80,04"
"07315";"Mainz, Stadt";"krsfr. Stadt";"2,9";"2,6";"9,3";"11,0";"10,5";"28,1";"18,2";"8,2";"6,9";"2,4";"40,9";"6,1";"51,4";"17,8";"25,0";"17,9";"5,9";"81,1";"75,2";"10,4";"9,0";"0,63";"81,73"
"07316";"Neustadt an der Weinstraße, Stadt";"krsfr. Stadt";"2,8";"2,6";"10,4";"6,9";"6,1";"23,0";"24,2";"10,6";"9,7";"3,7";"45,7";"2,1";"51,3";"20,8";"38,1";"10,6";"5,2";"59,4";"54,2";"9,9";"12,5";"0,99";"81,34"
"07317";"Pirmasens, Stadt";"krsfr. Stadt";"2,7";"2,4";"10,0";"7,9";"5,9";"21,8";"24,0";"10,9";"10,4";"3,9";"46,2";"0,9";"51,0";"20,1";"40,5";"11,2";"13,9";"71,2";"57,4";"8,1";"16,6";"0,76";"78,63"
"07318";"Speyer, Stadt";"krsfr. Stadt";"2,8";"2,6";"10,8";"7,5";"6,0";"24,8";"23,5";"10,4";"8,6";"3,1";"44,6";"2,3";"51,4";"20,4";"34,1";"14,9";"10,7";"87,4";"76,7";"9,7";"13,1";"0,78";"80,49"
"07319";"Worms, Stadt";"krsfr. Stadt";"3,2";"2,9";"11,2";"8,6";"6,8";"25,0";"22,1";"9,7";"7,8";"2,8";"43,0";"4,2";"50,8";"21,9";"31,1";"16,5";"6,8";"68,7";"61,9";"10,5";"11,5";"0,87";"80,12"
"07320";"Zweibrücken, Stadt";"krsfr. Stadt";"2,5";"2,6";"10,4";"7,9";"6,7";"24,0";"23,0";"10,4";"9,3";"3,3";"44,9";"0,6";"50,6";"19,5";"35,6";"9,7";"-0,4";"60,9";"61,3";"8,8";"13,1";"0,79";"80,33"
"07331";"Alzey-Worms";"Landkreis";"2,9";"2,8";"11,4";"7,4";"5,5";"25,1";"25,3";"10,2";"7,1";"2,4";"43,7";"2,7";"50,1";"20,9";"29,6";"9,1";"4,0";"55,7";"51,7";"9,4";"10,9";"0,85";"80,76"
"07332";"Bad Dürkheim";"Landkreis";"2,5";"2,5";"10,5";"6,7";"4,8";"23,3";"25,8";"11,6";"9,3";"2,9";"46,2";"1,4";"51,1";"19,8";"37,5";"8,3";"2,6";"48,9";"46,3";"8,1";"12,2";"0,84";"81,01"
"07333";"Donnersbergkreis";"Landkreis";"2,6";"2,5";"11,5";"7,1";"5,3";"24,0";"25,7";"10,5";"8,0";"2,8";"44,8";"-0,5";"50,4";"20,7";"32,6";"7,4";"1,2";"47,4";"46,2";"9,1";"11,7";"0,86";"80,40"
"07334";"Germersheim";"Landkreis";"2,8";"2,8";"11,2";"7,9";"6,0";"25,8";"24,0";"9,5";"7,7";"2,2";"43,4";"2,9";"50,1";"20,8";"29,3";"11,9";"2,2";"51,4";"49,2";"9,5";"9,6";"0,76";"81,45"
"07335";"Kaiserslautern";"Landkreis";"3,0";"2,7";"11,3";"7,3";"5,5";"23,8";"24,9";"10,2";"8,3";"2,8";"44,4";"1,2";"50,8";"21,4";"33,0";"8,0";"2,8";"54,0";"51,1";"10,1";"11,5";"0,89";"80,49"
"07336";"Kusel";"Landkreis";"2,5";"2,4";"10,2";"7,1";"5,4";"22,6";"26,2";"11,3";"9,1";"3,2";"46,1";"-1,4";"50,3";"19,1";"36,6";"6,0";"2,3";"56,6";"54,2";"8,6";"12,8";"0,80";"79,51"
"07337";"Südliche Weinstraße";"Landkreis";"2,6";"2,6";"10,7";"7,0";"5,2";"23,7";"25,6";"11,1";"8,9";"2,8";"45,5";"1,7";"50,7";"19,9";"35,3";"7,2";"0,4";"50,4";"50,0";"8,6";"11,4";"0,80";"81,52"
"07338";"Rhein-Pfalz-Kreis";"Landkreis";"2,9";"2,8";"10,7";"6,7";"5,3";"24,5";"24,5";"10,6";"9,0";"2,9";"45,0";"3,7";"50,7";"21,2";"35,1";"9,9";"5,6";"54,7";"49,1";"9,4";"11,0";"0,82";"81,88"
"07339";"Mainz-Bingen";"Landkreis";"2,8";"2,8";"11,6";"7,3";"5,1";"25,5";"24,5";"10,3";"7,7";"2,4";"43,9";"3,7";"50,7";"21,7";"31,1";"9,6";"3,6";"59,4";"55,8";"9,0";"9,6";"0,77";"81,73"
"07340";"Südwestpfalz";"Landkreis";"2,4";"2,2";"9,6";"6,8";"5,1";"22,5";"26,7";"11,3";"10,2";"3,2";"47,1";"-1,8";"50,6";"18,0";"38,7";"4,0";"0,2";"39,6";"39,5";"7,5";"12,8";"0,76";"81,66"
"08111";"Stuttgart, Stadt";"krsfr. Stadt";"3,0";"2,6";"9,9";"8,6";"9,5";"30,3";"18,2";"8,1";"7,2";"2,5";"41,4";"5,8";"50,0";"18,8";"25,9";"24,6";"5,5";"80,6";"75,2";"10,6";"8,6";"0,64";"82,26"
"08115";"Böblingen";"Landkreis";"3,2";"3,0";"11,7";"7,6";"6,4";"26,8";"21,5";"9,2";"8,2";"2,4";"42,7";"6,1";"50,3";"22,6";"30,2";"18,0";"7,8";"56,1";"48,3";"10,5";"9,0";"0,82";"82,61"
"08116";"Esslingen";"Landkreis";"2,9";"2,7";"11,3";"8,1";"6,5";"26,4";"21,7";"9,4";"8,4";"2,6";"43,2";"4,7";"50,1";"21,1";"31,0";"16,9";"6,8";"52,8";"46,0";"9,5";"9,5";"0,78";"82,61"
"08117";"Göppingen";"Landkreis";"2,8";"2,7";"11,4";"8,0";"6,0";"25,1";"22,6";"10,0";"8,6";"2,8";"43,9";"3,4";"50,2";"21,3";"33,1";"15,9";"7,9";"44,4";"36,5";"9,3";"10,6";"0,80";"81,96"
"08118";"Ludwigsburg";"Landkreis";"3,2";"2,9";"11,6";"7,6";"6,5";"27,0";"21,6";"9,2";"8,1";"2,4";"42,8";"5,0";"50,4";"22,2";"29,9";"17,5";"6,9";"52,8";"45,9";"10,7";"9,2";"0,83";"82,15"
"08119";"Rems-Murr-Kreis";"Landkreis";"2,9";"2,7";"11,5";"7,9";"6,0";"25,5";"22,7";"9,6";"8,6";"2,7";"43,7";"3,9";"50,5";"21,5";"32,1";"15,6";"5,5";"44,4";"38,9";"9,5";"10,1";"0,80";"82,27"
"08121";"Heilbronn, Stadt";"krsfr. Stadt";"3,2";"2,9";"11,3";"8,8";"7,7";"27,1";"19,6";"8,9";"8,0";"2,6";"42,1";"6,5";"49,6";"21,9";"29,6";"24,6";"10,4";"88,9";"78,5";"10,7";"10,8";"0,83";"80,70"
"08125";"Heilbronn";"Landkreis";"3,0";"2,8";"11,7";"7,9";"6,2";"26,5";"22,8";"9,2";"7,5";"2,3";"42,8";"5,0";"49,8";"21,4";"28,6";"13,9";"8,9";"58,8";"49,9";"9,8";"9,4";"0,80";"81,42"
"08126";"Hohenlohekreis";"Landkreis";"2,9";"2,7";"11,9";"8,2";"6,5";"25,5";"23,2";"9,1";"7,5";"2,6";"42,9";"3,6";"49,5";"21,3";"28,8";"10,4";"6,8";"49,3";"42,5";"9,7";"10,3";"0,83";"81,44"
"08127";"Schwäbisch Hall";"Landkreis";"3,0";"2,8";"11,9";"8,0";"6,3";"25,7";"23,0";"9,2";"7,3";"2,6";"42,7";"3,9";"49,8";"21,8";"28,6";"10,6";"5,9";"46,8";"40,9";"10,2";"9,6";"0,84";"81,59"
"08128";"Main-Tauber-Kreis";"Landkreis";"2,7";"2,5";"11,2";"7,7";"5,8";"24,2";"23,7";"10,5";"8,7";"3,1";"44,7";"1,8";"50,2";"20,4";"34,4";"8,7";"2,0";"45,2";"43,3";"9,1";"11,7";"0,82";"81,19"
"08135";"Heidenheim";"Landkreis";"2,8";"2,7";"11,7";"7,9";"6,0";"24,8";"22,4";"9,8";"9,0";"3,1";"44,0";"3,4";"50,2";"21,7";"33,9";"14,6";"5,9";"45,8";"39,8";"9,2";"11,3";"0,82";"81,93"
"08136";"Ostalbkreis";"Landkreis";"2,8";"2,7";"11,8";"8,5";"6,2";"25,1";"22,5";"9,6";"8,1";"2,7";"43,3";"1,9";"50,2";"21,3";"31,1";"10,5";"3,8";"44,3";"40,5";"9,3";"10,3";"0,82";"81,45"
"08211";"Baden-Baden, Stadt";"krsfr. Stadt";"2,5";"2,2";"9,6";"7,1";"5,4";"24,0";"23,0";"11,6";"10,7";"3,8";"46,8";"4,1";"52,0";"18,7";"42,1";"18,8";"13,8";"80,0";"66,2";"7,7";"13,9";"0,64";"80,54"
"08212";"Karlsruhe, Stadt";"krsfr. Stadt";"2,7";"2,4";"9,2";"11,2";"9,6";"27,4";"19,1";"8,4";"7,3";"2,7";"41,7";"5,4";"48,8";"17,1";"26,3";"18,5";"7,3";"89,4";"82,1";"9,1";"9,7";"0,63";"81,61"
"08215";"Karlsruhe";"Landkreis";"2,8";"2,8";"11,1";"7,6";"5,8";"25,6";"23,4";"10,0";"8,3";"2,6";"44,0";"3,6";"50,2";"20,9";"32,0";"12,8";"6,7";"52,5";"45,8";"9,1";"10,5";"0,79";"81,82"
"08216";"Rastatt";"Landkreis";"2,7";"2,6";"11,1";"7,4";"5,8";"25,0";"24,0";"10,0";"8,6";"2,7";"44,4";"3,5";"50,4";"20,4";"32,6";"13,3";"7,6";"50,1";"42,6";"8,7";"10,7";"0,76";"81,52"
"08221";"Heidelberg, Stadt";"krsfr. Stadt";"2,9";"2,4";"8,7";"13,4";"11,1";"28,3";"17,0";"7,7";"6,1";"2,4";"39,8";"6,8";"51,9";"16,6";"22,5";"20,6";"0,7";"186,0";"185,3";"10,2";"7,5";"0,57";"82,59"
"08222";"Mannheim, Stadt";"krsfr. Stadt";"2,9";"2,6";"9,8";"10,1";"8,7";"27,7";"19,7";"8,7";"7,2";"2,6";"41,8";"4,5";"50,1";"18,7";"26,9";"23,3";"9,4";"97,7";"88,4";"10,3";"10,5";"0,69";"80,09"
"08225";"Neckar-Odenwald-Kreis";"Landkreis";"2,7";"2,5";"11,2";"7,9";"5,9";"24,1";"24,4";"10,2";"8,4";"2,7";"44,4";"1,1";"49,8";"20,3";"32,5";"9,5";"3,4";"41,9";"38,5";"9,4";"12,1";"0,85";"80,68"
"08226";"Rhein-Neckar-Kreis";"Landkreis";"2,9";"2,8";"11,2";"7,5";"5,9";"25,4";"23,1";"10,3";"8,4";"2,6";"44,0";"3,7";"50,8";"21,5";"32,8";"12,3";"4,9";"48,6";"43,7";"9,5";"10,3";"0,78";"81,75"
"08231";"Pforzheim, Stadt";"Landkreis";"3,2";"2,9";"11,4";"8,7";"7,6";"25,7";"20,1";"9,1";"8,1";"3,0";"42,4";"6,8";"50,9";"22,3";"31,1";"25,3";"8,7";"80,0";"71,3";"10,8";"12,0";"0,85";"80,75"
"08235";"Calw";"Landkreis";"2,8";"2,7";"11,8";"8,0";"5,8";"24,6";"23,7";"9,7";"8,1";"2,7";"43,7";"4,5";"49,8";"21,4";"31,4";"14,6";"10,4";"66,1";"55,7";"9,1";"10,3";"0,80";"81,65"
"08236";"Enzkreis";"Landkreis";"2,8";"2,7";"11,7";"7,7";"5,6";"24,8";"23,8";"9,8";"8,4";"2,7";"43,9";"3,3";"50,4";"21,4";"32,1";"12,8";"6,1";"56,2";"50,0";"9,1";"9,6";"0,83";"82,34"
"08237";"Freudenstadt";"Landkreis";"2,8";"2,6";"11,9";"8,1";"6,0";"24,5";"23,7";"9,4";"8,3";"2,7";"43,6";"2,1";"50,1";"21,4";"31,0";"11,3";"8,0";"52,6";"44,6";"9,1";"10,6";"0,84";"81,27"
"08311";"Freiburg im Breisgau, Stadt";"krsfr. Stadt";"3,1";"2,8";"10,0";"11,9";"10,3";"27,4";"18,2";"7,7";"6,2";"2,4";"39,9";"5,3";"52,3";"19,1";"23,2";"17,1";"5,3";"91,8";"86,5";"11,4";"8,0";"0,69";"81,97"
"08315";"Breisgau-Hochschwarzwald";"Landkreis";"2,9";"2,8";"11,7";"7,9";"5,7";"24,4";"23,2";"10,3";"8,4";"2,8";"43,9";"5,9";"50,7";"22,1";"33,3";"11,6";"7,3";"66,7";"59,4";"9,5";"9,4";"0,82";"83,17"
"08316";"Emmendingen";"Landkreis";"2,9";"2,8";"11,6";"7,7";"5,6";"24,9";"23,8";"10,0";"8,0";"2,6";"43,7";"4,6";"50,6";"21,9";"31,6";"10,0";"8,9";"49,9";"41,0";"9,7";"9,8";"0,85";"82,15"
"08317";"Ortenaukreis";"Landkreis";"2,9";"2,8";"11,7";"7,8";"6,1";"24,8";"23,4";"9,6";"8,2";"2,9";"43,6";"3,5";"50,2";"21,7";"31,6";"11,0";"7,0";"40,1";"33,2";"9,4";"10,3";"0,80";"81,68"
"08325";"Rottweil";"Landkreis";"3,0";"2,7";"11,9";"7,9";"6,0";"24,3";"23,2";"9,5";"8,7";"2,7";"43,7";"2,4";"50,0";"22,1";"32,3";"11,0";"4,8";"44,0";"39,2";"9,5";"10,6";"0,83";"81,40"
"08326";"Schwarzwald-Baar-Kreis";"Landkreis";"2,8";"2,6";"11,1";"8,1";"6,5";"24,3";"22,5";"10,0";"9,0";"3,0";"44,1";"3,2";"50,3";"21,1";"34,3";"14,7";"7,5";"58,0";"50,6";"9,3";"11,7";"0,77";"81,63"
"08327";"Tuttlingen";"Landkreis";"3,1";"3,0";"12,5";"8,1";"6,5";"25,5";"21,8";"8,8";"8,0";"2,6";"42,4";"5,2";"49,8";"23,3";"29,8";"15,7";"9,1";"50,4";"41,3";"10,1";"10,0";"0,85";"81,44"
"08335";"Konstanz";"Landkreis";"2,8";"2,6";"11,0";"9,9";"6,7";"24,4";"21,9";"9,5";"8,4";"2,7";"43,2";"5,0";"51,2";"20,4";"31,4";"14,6";"7,2";"64,3";"57,1";"9,1";"9,9";"0,72";"82,28"
"08336";"Lörrach";"Landkreis";"2,9";"2,8";"11,8";"7,6";"6,0";"25,5";"23,2";"9,3";"8,2";"2,6";"43,4";"3,5";"51,0";"22,0";"30,7";"14,6";"4,4";"46,2";"41,8";"9,5";"10,6";"0,79";"81,82"
"08337";"Waldshut";"Landkreis";"2,8";"2,9";"12,1";"7,7";"5,9";"24,5";"23,1";"9,9";"8,2";"2,8";"43,5";"4,0";"50,4";"22,5";"32,4";"15,0";"9,2";"50,6";"41,4";"8,9";"10,3";"0,77";"81,78"
"08415";"Reutlingen";"Landkreis";"2,9";"2,7";"11,5";"8,2";"6,3";"25,4";"22,5";"9,2";"8,4";"2,7";"43,3";"4,0";"50,4";"21,6";"31,0";"15,3";"6,0";"47,2";"41,1";"10,0";"9,9";"0,82";"82,27"
"08416";"Tübingen";"Landkreis";"3,1";"2,7";"11,1";"11,4";"8,4";"25,2";"21,0";"8,1";"6,6";"2,3";"40,9";"5,1";"51,3";"20,2";"24,6";"13,3";"2,5";"69,0";"66,5";"10,4";"7,8";"0,73";"83,09"
"08417";"Zollernalbkreis";"Landkreis";"2,6";"2,5";"11,2";"7,8";"6,0";"24,2";"23,7";"10,0";"8,9";"3,0";"44,5";"1,9";"50,4";"20,4";"33,8";"12,1";"6,1";"49,1";"43,1";"9,0";"11,0";"0,79";"81,98"
"08421";"Ulm, Stadt";"krsfr. Stadt";"3,0";"2,7";"10,5";"10,4";"8,9";"27,6";"18,5";"8,6";"7,2";"2,5";"41,2";"6,5";"50,4";"19,9";"27,0";"19,3";"10,9";"92,9";"82,0";"10,5";"8,8";"0,69";"81,67"
"08425";"Alb-Donau-Kreis";"Landkreis";"3,0";"2,9";"12,3";"8,3";"6,2";"25,6";"22,7";"9,0";"7,6";"2,5";"42,5";"4,0";"49,4";"22,6";"28,9";"12,6";"6,3";"54,3";"47,9";"10,0";"9,6";"0,82";"81,93"
"08426";"Biberach";"Landkreis";"3,2";"3,0";"12,4";"8,2";"6,4";"26,1";"22,3";"8,7";"7,3";"2,3";"42,1";"5,6";"49,6";"23,0";"27,7";"10,0";"9,0";"48,5";"39,5";"10,5";"9,3";"0,83";"81,52"
"08435";"Bodenseekreis";"Landkreis";"2,8";"2,6";"11,4";"7,8";"5,8";"24,7";"22,5";"10,6";"9,1";"2,7";"44,3";"4,3";"50,7";"21,4";"35,1";"12,9";"7,9";"61,3";"53,5";"9,3";"10,0";"0,81";"82,59"
"08436";"Ravensburg";"Landkreis";"2,9";"2,8";"12,0";"8,7";"6,6";"25,4";"22,1";"9,4";"7,7";"2,5";"42,6";"4,0";"50,2";"21,8";"29,5";"10,7";"5,2";"49,5";"44,3";"9,8";"9,3";"0,77";"81,91"
"08437";"Sigmaringen";"Landkreis";"2,8";"2,7";"11,8";"8,7";"6,1";"24,1";"23,6";"9,3";"8,1";"2,6";"43,3";"2,3";"49,9";"21,3";"30,5";"10,3";"-0,1";"63,1";"63,3";"9,7";"10,3";"0,92";"81,44"
"09161";"Ingolstadt, Stadt";"krsfr. Stadt";"3,2";"2,9";"10,5";"8,1";"8,3";"29,0";"19,6";"8,6";"7,5";"2,4";"41,8";"5,8";"49,5";"20,5";"27,3";"17,6";"9,8";"84,9";"75,1";"11,2";"9,3";"0,76";"82,10"
"09162";"München, Stadt";"krsfr. Stadt";"3,4";"2,9";"9,4";"8,0";"9,2";"31,4";"18,0";"8,6";"7,0";"2,2";"41,3";"4,9";"51,3";"19,6";"25,8";"25,5";"-8,6";"77,0";"85,7";"12,1";"7,8";"0,71";"83,01"
"09163";"Rosenheim, Stadt";"krsfr. Stadt";"3,1";"2,6";"10,7";"8,7";"7,8";"27,3";"19,8";"9,9";"7,8";"2,5";"42,5";"5,2";"50,7";"20,4";"30,3";"20,5";"5,7";"77,0";"71,4";"11,3";"9,9";"0,79";"81,70"
"09171";"Altötting";"Landkreis";"2,8";"2,7";"11,3";"7,8";"5,8";"24,8";"23,2";"10,1";"8,6";"2,9";"44,1";"3,6";"50,6";"21,4";"33,5";"10,8";"10,1";"46,4";"36,3";"9,4";"11,2";"0,80";"80,56"
"09172";"Berchtesgadener Land";"Landkreis";"2,7";"2,5";"10,2";"7,9";"6,5";"25,0";"21,7";"11,0";"9,5";"3,1";"44,9";"3,1";"50,9";"19,9";"37,0";"15,7";"7,7";"46,9";"39,3";"9,1";"11,0";"0,76";"81,87"
"09173";"Bad Tölz-Wolfratshausen";"Landkreis";"2,9";"2,8";"11,6";"7,8";"5,7";"25,3";"22,6";"10,0";"8,5";"2,7";"43,7";"4,9";"50,7";"22,0";"32,9";"12,2";"7,0";"53,4";"46,4";"9,7";"9,6";"0,84";"82,31"
"09174";"Dachau";"Landkreis";"3,0";"2,9";"11,6";"8,0";"6,2";"28,0";"21,9";"8,9";"7,2";"2,2";"42,2";"7,5";"49,9";"21,8";"27,2";"15,4";"11,2";"61,1";"49,9";"9,9";"8,9";"0,76";"82,10"
"09175";"Ebersberg";"Landkreis";"3,0";"3,2";"12,5";"7,8";"5,5";"27,6";"21,6";"8,8";"7,7";"2,2";"42,2";"7,5";"50,1";"23,5";"28,4";"12,9";"11,6";"66,6";"54,9";"9,3";"8,4";"0,78";"82,58"
"09176";"Eichstätt";"Landkreis";"3,3";"3,1";"12,1";"8,6";"6,5";"27,0";"22,0";"8,3";"7,0";"2,2";"41,5";"5,3";"49,2";"22,7";"25,9";"8,9";"3,9";"53,7";"49,8";"11,0";"8,4";"0,90";"81,69"
"09177";"Erding";"Landkreis";"3,1";"2,9";"12,1";"8,2";"6,3";"27,9";"22,7";"8,3";"6,4";"2,0";"41,6";"6,7";"49,5";"21,7";"24,4";"11,1";"8,5";"56,0";"47,5";"10,3";"8,1";"0,85";"81,62"
"09178";"Freising";"Landkreis";"3,1";"2,9";"11,5";"9,2";"7,5";"28,9";"21,3";"7,8";"6,1";"1,8";"40,7";"7,0";"49,0";"20,9";"22,5";"16,8";"8,9";"75,1";"66,3";"10,7";"7,9";"0,78";"81,48"
"09179";"Fürstenfeldbruck";"Landkreis";"3,0";"3,0";"11,6";"7,5";"5,7";"26,4";"21,3";"10,2";"8,9";"2,4";"43,6";"6,2";"51,0";"22,9";"33,7";"14,3";"3,8";"60,6";"56,7";"10,0";"9,5";"0,87";"82,59"
"09180";"Garmisch-Partenkirchen";"Landkreis";"2,7";"2,5";"10,1";"7,7";"5,7";"23,7";"22,6";"11,5";"10,3";"3,1";"45,8";"4,1";"51,5";"19,9";"39,9";"12,7";"6,4";"60,4";"54,0";"9,1";"12,0";"0,78";"81,70"
"09181";"Landsberg am Lech";"Landkreis";"2,8";"2,8";"12,2";"8,1";"5,6";"25,4";"23,5";"9,8";"7,6";"2,4";"43,1";"4,3";"49,9";"21,7";"29,8";"8,3";"3,5";"46,7";"43,2";"8,9";"8,7";"0,83";"82,50"
"09182";"Miesbach";"Landkreis";"2,8";"2,6";"11,1";"7,4";"5,6";"25,3";"22,7";"10,6";"9,2";"2,8";"44,6";"4,7";"51,0";"21,3";"35,4";"12,1";"5,0";"53,5";"48,5";"9,2";"10,4";"0,77";"82,22"
"09183";"Mühldorf a.Inn";"Landkreis";"2,9";"2,8";"11,3";"8,3";"6,3";"25,7";"22,8";"9,7";"7,7";"2,3";"43,1";"6,6";"49,4";"21,1";"29,9";"11,5";"12,5";"59,2";"46,6";"9,5";"11,5";"0,80";"79,85"
"09184";"München";"Landkreis";"3,0";"3,0";"12,2";"7,9";"5,7";"27,2";"20,5";"9,5";"8,5";"2,5";"42,8";"6,4";"50,3";"23,8";"31,8";"17,1";"8,0";"80,7";"72,7";"9,3";"8,8";"0,76";"83,00"
"09185";"Neuburg-Schrobenhausen";"Landkreis";"3,1";"3,0";"11,7";"8,0";"6,1";"26,6";"22,7";"9,1";"7,4";"2,3";"42,6";"4,8";"49,6";"21,9";"28,3";"10,0";"3,7";"48,3";"44,6";"10,0";"9,6";"0,84";"81,42"
"09186";"Pfaffenhofen a.d.Ilm";"Landkreis";"3,1";"3,0";"11,4";"7,9";"6,4";"27,4";"22,9";"8,7";"7,0";"2,1";"42,3";"6,7";"49,1";"21,2";"26,4";"10,8";"8,1";"63,1";"55,0";"10,4";"9,3";"0,84";"81,71"
"09187";"Rosenheim";"Landkreis";"2,8";"2,8";"11,6";"7,8";"5,9";"25,2";"22,9";"10,4";"8,1";"2,5";"43,7";"5,0";"50,5";"21,5";"32,4";"10,0";"9,1";"52,7";"43,6";"9,2";"10,5";"0,81";"81,53"
"09188";"Starnberg";"Landkreis";"2,7";"2,8";"12,5";"7,3";"4,8";"24,4";"22,6";"10,7";"9,3";"2,8";"44,4";"4,6";"51,5";"23,7";"36,6";"13,9";"7,3";"65,3";"58,0";"8,4";"9,6";"0,79";"83,60"
"09189";"Traunstein";"Landkreis";"2,7";"2,6";"11,0";"7,9";"6,0";"24,4";"22,9";"10,8";"8,9";"2,9";"44,5";"4,0";"50,5";"20,7";"35,2";"9,7";"6,8";"41,8";"35,0";"9,1";"11,2";"0,77";"81,62"
"09190";"Weilheim-Schongau";"Landkreis";"2,9";"2,8";"11,7";"7,8";"5,6";"24,6";"23,2";"10,2";"8,6";"2,6";"43,9";"3,6";"50,3";"21,9";"33,2";"9,2";"4,3";"44,4";"40,0";"9,0";"10,5";"0,81";"81,89"
"09261";"Landshut, Stadt";"krsfr. Stadt";"2,8";"2,6";"10,0";"8,4";"7,8";"27,6";"20,2";"9,8";"7,9";"2,9";"43,2";"9,0";"51,4";"19,3";"30,9";"17,5";"18,9";"95,1";"76,2";"9,4";"11,9";"0,69";"80,38"
"09262";"Passau, Stadt";"krsfr. Stadt";"2,2";"2,2";"8,4";"12,6";"9,6";"24,0";"19,4";"10,2";"8,4";"2,9";"43,1";"5,6";"52,0";"15,5";"31,6";"14,1";"19,3";"96,7";"77,4";"7,4";"11,9";"0,51";"80,28"
"09263";"Straubing, Stadt";"krsfr. Stadt";"2,6";"2,3";"9,6";"8,0";"7,6";"26,6";"22,1";"10,3";"8,2";"2,7";"44,2";"5,5";"49,7";"17,7";"31,7";"15,4";"12,8";"82,8";"70,0";"9,3";"12,7";"0,71";"79,68"
"09271";"Deggendorf";"Landkreis";"2,6";"2,6";"10,9";"8,5";"6,3";"25,5";"23,6";"10,1";"7,6";"2,4";"43,6";"3,5";"50,1";"19,4";"29,9";"8,4";"12,7";"62,1";"49,4";"8,4";"11,4";"0,71";"79,76"
"09272";"Freyung-Grafenau";"Landkreis";"2,5";"2,4";"10,4";"8,0";"5,8";"24,2";"25,5";"10,6";"8,0";"2,6";"44,9";"0,7";"50,1";"18,3";"31,9";"4,5";"4,8";"41,5";"36,7";"8,7";"11,4";"0,84";"79,75"
"09273";"Kelheim";"Landkreis";"2,9";"2,9";"11,9";"8,4";"6,4";"26,6";"22,6";"9,0";"7,0";"2,3";"42,3";"6,2";"49,2";"21,4";"27,3";"11,7";"10,1";"52,9";"42,8";"9,1";"9,8";"0,75";"80,94"
"09274";"Landshut";"Landkreis";"3,0";"2,8";"11,9";"8,0";"5,9";"26,7";"23,3";"9,3";"7,0";"2,1";"42,6";"5,6";"49,2";"21,7";"27,5";"9,3";"10,8";"57,0";"46,3";"9,9";"9,3";"0,87";"81,10"
"09275";"Passau";"Landkreis";"2,6";"2,6";"10,8";"7,8";"5,7";"25,0";"24,0";"10,8";"8,2";"2,6";"44,6";"3,0";"50,3";"19,6";"33,1";"7,3";"11,4";"45,1";"33,6";"8,3";"11,3";"0,74";"80,75"
"09276";"Regen";"Landkreis";"2,7";"2,4";"10,6";"7,7";"6,0";"24,3";"24,4";"11,0";"8,3";"2,6";"44,9";"1,5";"50,1";"19,1";"33,6";"5,9";"7,4";"35,3";"27,9";"8,9";"12,3";"0,83";"79,56"
"09277";"Rottal-Inn";"Landkreis";"2,7";"2,6";"11,1";"8,3";"6,0";"24,9";"23,4";"10,0";"8,3";"2,8";"44,1";"2,5";"50,0";"20,1";"32,2";"9,5";"9,1";"42,5";"33,3";"8,8";"11,7";"0,76";"80,54"
"09278";"Straubing-Bogen";"Landkreis";"2,7";"2,7";"11,7";"7,8";"5,8";"25,9";"23,9";"9,7";"7,4";"2,3";"43,3";"3,3";"49,6";"20,8";"28,9";"6,9";"6,7";"50,6";"43,8";"9,1";"9,8";"0,79";"81,50"
"09279";"Dingolfing-Landau";"Landkreis";"2,7";"2,6";"11,1";"8,1";"6,8";"26,5";"23,4";"9,2";"7,4";"2,2";"43,0";"5,0";"48,4";"19,6";"27,6";"11,5";"8,7";"60,5";"51,9";"9,1";"9,5";"0,73";"80,58"
"09361";"Amberg, Stadt";"krsfr. Stadt";"2,6";"2,4";"10,2";"7,7";"6,7";"24,4";"22,7";"10,6";"9,3";"3,3";"45,1";"1,6";"50,7";"19,0";"36,1";"10,5";"0,9";"69,2";"68,3";"9,2";"12,8";"0,82";"79,63"
"09362";"Regensburg, Stadt";"krsfr. Stadt";"2,9";"2,5";"9,0";"10,3";"11,1";"28,8";"18,2";"7,9";"6,8";"2,5";"40,9";"9,1";"51,5";"17,2";"24,4";"15,8";"13,0";"98,5";"85,5";"10,6";"9,2";"0,59";"81,23"
"09363";"Weiden i.d.OPf., Stadt";"krsfr. Stadt";"2,6";"2,4";"9,9";"8,3";"6,8";"24,5";"22,5";"10,7";"9,1";"3,3";"44,9";"2,1";"51,8";"18,5";"35,6";"10,8";"2,8";"66,2";"63,4";"9,5";"11,2";"0,78";"80,72"
"09371";"Amberg-Sulzbach";"Landkreis";"2,5";"2,4";"10,9";"8,0";"5,8";"24,3";"25,4";"9,7";"8,3";"2,8";"44,6";"-0,5";"50,0";"18,9";"31,3";"5,4";"2,0";"39,3";"37,3";"8,2";"11,9";"0,81";"80,15"
"09372";"Cham";"Landkreis";"2,6";"2,6";"10,7";"7,9";"6,0";"25,1";"24,2";"10,2";"8,1";"2,6";"44,3";"1,4";"49,8";"19,6";"31,5";"5,4";"6,3";"32,6";"26,3";"8,9";"11,9";"0,77";"80,20"
"09373";"Neumarkt i.d.OPf.";"Landkreis";"2,8";"2,8";"11,4";"8,4";"6,2";"25,8";"23,8";"9,1";"7,3";"2,4";"43,0";"4,3";"49,5";"20,4";"27,8";"8,2";"8,6";"45,0";"36,4";"9,0";"10,3";"0,73";"80,84"
"09374";"Neustadt a.d.Waldnaab";"Landkreis";"2,5";"2,4";"11,0";"8,0";"5,7";"24,9";"24,8";"10,0";"8,1";"2,6";"44,4";"-1,4";"50,3";"19,1";"31,1";"4,5";"3,6";"37,8";"34,2";"8,0";"11,7";"0,72";"80,15"
"09375";"Regensburg";"Landkreis";"2,9";"2,9";"11,5";"7,8";"5,6";"26,4";"23,9";"9,7";"7,1";"2,2";"43,1";"4,3";"49,9";"21,2";"28,5";"8,1";"8,7";"52,6";"43,9";"9,3";"9,4";"0,82";"81,54"
"09376";"Schwandorf";"Landkreis";"2,7";"2,5";"10,8";"8,1";"6,1";"25,8";"23,7";"9,7";"8,0";"2,7";"44,0";"2,5";"49,7";"19,5";"30,5";"7,5";"9,2";"45,2";"35,9";"8,9";"10,5";"0,77";"80,44"
"09377";"Tirschenreuth";"Landkreis";"2,5";"2,5";"10,3";"7,8";"5,7";"24,0";"24,8";"10,4";"9,0";"3,0";"45,3";"-1,6";"50,2";"18,9";"34,4";"4,1";"2,7";"32,8";"30,1";"8,0";"13,4";"0,74";"80,09"
"09461";"Bamberg, Stadt";"krsfr. Stadt";"3,0";"2,6";"9,0";"10,2";"10,2";"26,5";"19,3";"8,6";"7,7";"2,9";"42,0";"8,9";"51,8";"17,8";"28,0";"14,2";"19,2";"127,2";"108,1";"10,5";"11,0";"0,68";"80,23"
"09462";"Bayreuth, Stadt";"krsfr. Stadt";"2,3";"2,0";"8,4";"13,8";"9,1";"23,3";"19,5";"10,0";"8,5";"3,0";"43,1";"3,5";"51,3";"15,5";"31,6";"11,1";"15,8";"100,6";"84,8";"8,2";"11,2";"0,64";"80,26"
"09463";"Coburg, Stadt";"krsfr. Stadt";"2,5";"2,3";"9,4";"8,4";"7,5";"24,2";"22,3";"10,6";"9,2";"3,7";"45,1";"0,5";"51,3";"17,8";"36,1";"10,6";"8,7";"79,4";"70,7";"9,0";"13,4";"0,74";"80,37"
"09464";"Hof, Stadt";"krsfr. Stadt";"3,0";"2,7";"10,1";"8,2";"6,6";"23,6";"21,9";"11,2";"9,3";"3,4";"44,9";"3,3";"52,0";"20,1";"37,8";"16,4";"21,3";"83,8";"62,5";"10,4";"14,6";"0,95";"79,47"
"09471";"Bamberg";"Landkreis";"2,9";"2,7";"11,4";"7,6";"5,9";"26,1";"24,6";"9,2";"7,3";"2,2";"43,2";"2,0";"49,9";"20,5";"27,8";"4,7";"5,3";"42,2";"36,9";"9,0";"10,7";"0,81";"80,13"
"09472";"Bayreuth";"Landkreis";"2,4";"2,5";"11,0";"7,1";"5,1";"24,8";"24,8";"10,6";"8,7";"2,8";"45,2";"-1,0";"50,5";"19,9";"34,0";"3,6";"3,3";"41,3";"38,0";"8,1";"12,0";"0,75";"80,47"
"09473";"Coburg";"Landkreis";"2,5";"2,5";"10,5";"7,0";"5,3";"24,4";"24,8";"10,8";"9,1";"3,0";"45,5";"-0,1";"50,6";"19,5";"35,5";"5,3";"6,0";"44,7";"38,7";"8,3";"12,7";"0,83";"80,01"
"09474";"Forchheim";"Landkreis";"2,8";"2,8";"11,2";"7,6";"5,8";"25,0";"24,8";"9,8";"7,9";"2,4";"43,8";"2,1";"50,4";"20,7";"30,2";"6,5";"4,5";"38,2";"33,7";"9,4";"10,1";"0,81";"81,52"
"09475";"Hof";"Landkreis";"2,2";"2,2";"10,2";"6,9";"5,0";"22,9";"25,0";"11,7";"10,2";"3,7";"47,1";"-2,1";"51,2";"18,5";"40,7";"5,5";"7,1";"42,4";"35,3";"6,9";"15,3";"0,72";"79,98"
"09476";"Kronach";"Landkreis";"2,2";"2,1";"9,9";"6,8";"5,2";"24,1";"25,9";"11,0";"9,7";"3,2";"46,7";"-2,3";"50,6";"17,4";"36,8";"4,7";"4,3";"31,9";"27,6";"6,8";"13,2";"0,65";"79,74"
"09477";"Kulmbach";"Landkreis";"2,2";"2,1";"10,3";"7,2";"5,1";"24,1";"25,2";"11,4";"9,2";"3,2";"46,3";"-1,6";"50,8";"18,0";"36,9";"4,5";"6,6";"37,6";"31,0";"7,3";"14,0";"0,77";"79,84"
"09478";"Lichtenfels";"Landkreis";"2,6";"2,5";"10,3";"7,5";"5,6";"24,4";"24,9";"10,3";"9,1";"2,8";"45,2";"-0,5";"50,6";"19,2";"34,0";"5,3";"7,0";"39,6";"32,6";"8,3";"13,3";"0,77";"79,82"
"09479";"Wunsiedel i.Fichtelgebirge";"Landkreis";"2,4";"2,2";"9,9";"7,0";"5,0";"22,4";"24,9";"12,1";"10,5";"3,6";"47,2";"-1,5";"51,3";"18,8";"42,2";"8,1";"10,7";"43,4";"32,6";"8,6";"16,0";"0,91";"78,93"
"09561";"Ansbach, Stadt";"krsfr. Stadt";"3,0";"2,6";"10,6";"8,5";"7,0";"24,9";"22,0";"9,7";"8,5";"3,1";"43,7";"5,0";"52,2";"20,6";"32,7";"12,9";"5,4";"78,6";"73,2";"10,6";"13,1";"0,84";"80,42"
"09562";"Erlangen, Stadt";"krsfr. Stadt";"3,1";"2,7";"10,0";"10,6";"10,1";"26,9";"18,7";"8,1";"7,1";"2,7";"41,0";"5,3";"50,3";"19,2";"25,9";"17,2";"7,2";"95,2";"88,0";"10,0";"10,0";"0,65";"80,80"
"09563";"Fürth, Stadt";"krsfr. Stadt";"3,2";"2,8";"10,2";"8,0";"7,2";"28,6";"21,8";"9,0";"7,0";"2,2";"42,4";"6,9";"51,0";"19,8";"26,8";"18,7";"8,4";"79,3";"71,0";"11,0";"10,7";"0,81";"80,43"
"09564";"Nürnberg, Stadt";"krsfr. Stadt";"3,0";"2,7";"10,0";"8,4";"8,1";"27,8";"19,7";"9,4";"8,1";"2,7";"42,7";"4,1";"51,3";"19,9";"30,3";"21,9";"6,3";"79,4";"73,1";"10,7";"11,2";"0,72";"80,16"
"09565";"Schwabach, Stadt";"krsfr. Stadt";"2,9";"2,8";"11,1";"7,5";"5,7";"25,4";"22,7";"10,4";"8,6";"2,8";"44,1";"4,2";"51,2";"21,6";"33,9";"12,1";"3,5";"65,4";"61,9";"9,6";"11,2";"0,79";"80,49"
"09571";"Ansbach";"Landkreis";"2,9";"2,7";"11,5";"8,2";"6,1";"25,1";"23,8";"9,2";"7,9";"2,6";"43,4";"2,8";"49,7";"21,0";"29,8";"8,1";"7,9";"49,1";"41,3";"9,6";"11,5";"0,86";"80,84"
"09572";"Erlangen-Höchstadt";"Landkreis";"3,0";"3,0";"11,7";"7,2";"5,4";"25,9";"23,8";"10,2";"7,8";"2,3";"43,6";"3,1";"50,3";"22,2";"31,0";"8,2";"5,7";"57,8";"52,1";"9,4";"9,6";"0,78";"81,81"
"09573";"Fürth";"Landkreis";"2,9";"2,8";"10,6";"6,8";"5,0";"25,1";"24,0";"11,1";"9,0";"2,7";"45,1";"2,0";"51,5";"21,1";"35,7";"6,5";"4,0";"80,6";"76,6";"9,0";"11,2";"0,80";"81,53"
"09574";"Nürnberger Land";"Landkreis";"2,8";"2,7";"10,9";"7,2";"5,3";"25,2";"23,8";"10,6";"8,9";"2,7";"44,8";"3,2";"50,7";"20,7";"34,4";"8,6";"7,5";"46,4";"38,9";"8,9";"11,4";"0,83";"81,07"
"09575";"Neustadt a.d.Aisch-Bad Windsheim";"Landkreis";"2,7";"2,6";"11,3";"7,9";"5,7";"24,7";"24,4";"9,9";"8,0";"2,7";"44,0";"2,3";"49,9";"20,5";"31,2";"7,5";"6,2";"44,6";"38,3";"8,6";"11,6";"0,76";"80,45"
"09576";"Roth";"Landkreis";"2,8";"2,7";"11,2";"7,9";"5,5";"25,1";"24,2";"10,0";"8,2";"2,4";"44,0";"2,4";"50,3";"20,5";"31,3";"6,9";"5,0";"48,8";"43,8";"9,4";"10,1";"0,86";"81,19"
"09577";"Weißenburg-Gunzenhausen";"Landkreis";"2,8";"2,5";"11,3";"7,7";"5,9";"24,2";"23,9";"10,2";"8,5";"2,9";"44,3";"2,2";"50,2";"20,8";"33,3";"8,8";"5,0";"38,6";"33,6";"9,5";"12,1";"0,90";"80,44"
"09661";"Aschaffenburg, Stadt";"krsfr. Stadt";"2,9";"2,6";"10,5";"7,6";"7,0";"26,6";"22,1";"10,0";"8,1";"2,7";"43,6";"3,3";"51,5";"20,0";"31,4";"15,9";"12,7";"75,9";"63,2";"10,1";"11,9";"0,73";"80,75"
"09662";"Schweinfurt, Stadt";"krsfr. Stadt";"3,0";"2,7";"10,3";"8,4";"7,1";"23,7";"21,0";"10,3";"9,5";"4,0";"44,5";"2,6";"51,1";"21,1";"37,9";"17,7";"15,9";"106,9";"91,0";"10,5";"13,1";"0,83";"79,42"
"09663";"Würzburg, Stadt";"krsfr. Stadt";"2,6";"2,2";"7,6";"12,8";"11,2";"25,2";"18,4";"8,7";"8,2";"3,2";"42,2";"1,7";"52,3";"15,1";"28,8";"11,2";"7,2";"98,7";"91,5";"9,5";"11,1";"0,62";"81,43"
"09671";"Aschaffenburg";"Landkreis";"2,7";"2,6";"11,0";"7,4";"5,6";"24,8";"24,9";"10,2";"8,4";"2,6";"44,5";"0,8";"50,3";"20,1";"32,2";"9,1";"3,7";"43,8";"40,1";"9,0";"10,1";"0,81";"82,17"
"09672";"Bad Kissingen";"Landkreis";"2,5";"2,4";"10,5";"7,2";"5,3";"23,2";"24,8";"11,0";"9,7";"3,4";"46,1";"0,1";"50,8";"19,6";"38,0";"5,3";"6,1";"40,2";"34,2";"8,5";"13,1";"0,79";"80,80"
"09673";"Rhön-Grabfeld";"Landkreis";"2,7";"2,5";"11,2";"7,6";"5,6";"23,7";"24,9";"10,1";"8,6";"2,9";"44,7";"-0,5";"50,2";"20,5";"33,4";"4,6";"1,8";"34,6";"32,8";"9,1";"11,7";"0,82";"80,84"
"09674";"Haßberge";"Landkreis";"2,8";"2,7";"11,1";"7,6";"5,7";"24,4";"25,3";"10,0";"8,0";"2,4";"44,2";"0,3";"49,8";"20,1";"30,8";"4,5";"3,6";"34,1";"30,5";"9,1";"11,3";"0,78";"80,90"
"09675";"Kitzingen";"Landkreis";"2,8";"2,7";"10,9";"7,9";"6,1";"25,2";"24,0";"9,8";"8,0";"2,7";"43,9";"2,9";"49,7";"20,1";"30,8";"8,6";"9,4";"52,8";"43,3";"9,0";"10,8";"0,71";"80,90"
"09676";"Miltenberg";"Landkreis";"2,7";"2,6";"11,2";"7,8";"5,6";"24,9";"24,2";"10,0";"8,4";"2,6";"44,3";"0,4";"50,2";"20,3";"32,0";"10,8";"1,9";"36,8";"34,8";"8,7";"10,9";"0,81";"81,17"
"09677";"Main-Spessart";"Landkreis";"2,6";"2,4";"10,5";"7,4";"5,6";"23,9";"25,2";"10,7";"8,9";"2,9";"45,4";"0,0";"50,1";"19,2";"34,6";"6,6";"5,0";"36,2";"31,2";"8,6";"11,9";"0,79";"80,95"
"09678";"Schweinfurt";"Landkreis";"2,8";"2,6";"10,9";"7,6";"5,8";"24,2";"24,7";"10,1";"8,6";"2,7";"44,5";"2,0";"49,9";"20,2";"32,7";"5,5";"4,3";"45,6";"41,3";"9,3";"11,1";"0,80";"81,58"
"09679";"Würzburg";"Landkreis";"2,8";"2,7";"11,0";"7,6";"5,6";"25,1";"24,1";"10,4";"8,0";"2,5";"44,1";"2,1";"50,3";"20,8";"32,0";"6,0";"2,5";"50,1";"47,6";"9,1";"9,6";"0,79";"82,91"
"09761";"Augsburg, Stadt";"krsfr. Stadt";"3,0";"2,6";"9,6";"9,3";"8,9";"27,8";"19,2";"9,0";"7,8";"2,8";"42,3";"7,4";"50,9";"18,9";"28,9";"21,0";"11,3";"72,2";"60,9";"10,5";"10,2";"0,68";"80,90"
"09762";"Kaufbeuren, Stadt";"krsfr. Stadt";"2,9";"2,6";"10,9";"7,8";"6,2";"24,5";"22,1";"10,3";"9,0";"3,6";"44,5";"4,6";"50,8";"21,1";"36,1";"14,7";"9,6";"63,5";"53,9";"10,0";"12,0";"0,78";"81,72"
"09763";"Kempten (Allgäu), Stadt";"krsfr. Stadt";"3,0";"2,5";"10,1";"9,2";"7,7";"25,4";"19,9";"10,3";"8,8";"3,1";"43,6";"5,7";"50,6";"19,7";"34,2";"15,9";"13,0";"75,4";"62,4";"10,0";"11,2";"0,77";"81,60"
"09764";"Memmingen, Stadt";"krsfr. Stadt";"3,0";"2,8";"10,9";"7,7";"6,8";"25,4";"21,8";"9,9";"8,7";"3,1";"43,8";"4,6";"50,6";"21,1";"33,4";"17,8";"6,3";"66,0";"59,8";"9,8";"12,0";"0,82";"80,90"
"09771";"Aichach-Friedberg";"Landkreis";"3,1";"3,0";"11,8";"7,8";"5,6";"26,1";"23,1";"9,5";"7,8";"2,3";"43,0";"4,2";"50,1";"22,3";"29,9";"8,0";"7,6";"49,6";"42,1";"10,5";"8,9";"0,91";"82,08"
"09772";"Augsburg";"Landkreis";"3,0";"2,9";"11,6";"7,7";"5,6";"25,6";"23,2";"9,9";"7,9";"2,5";"43,4";"4,5";"50,4";"21,9";"31,1";"9,2";"9,0";"52,5";"43,5";"9,8";"9,8";"0,86";"81,62"
"09773";"Dillingen a.d.Donau";"Landkreis";"2,7";"2,6";"11,7";"8,2";"6,1";"25,2";"23,5";"9,6";"7,7";"2,6";"43,4";"2,2";"49,9";"20,9";"30,0";"8,9";"7,8";"43,3";"35,4";"8,8";"10,3";"0,78";"81,55"
"09774";"Günzburg";"Landkreis";"2,8";"2,7";"11,6";"8,2";"6,4";"25,7";"23,3";"9,3";"7,6";"2,4";"43,0";"3,7";"49,5";"20,8";"28,8";"12,4";"8,6";"48,6";"40,0";"9,4";"9,7";"0,78";"81,36"
"09775";"Neu-Ulm";"Landkreis";"2,9";"2,7";"11,4";"8,1";"6,5";"26,3";"21,9";"9,6";"8,0";"2,5";"43,1";"4,4";"50,4";"21,2";"30,6";"14,1";"8,4";"62,1";"53,7";"9,8";"9,2";"0,74";"82,32"
"09776";"Lindau (Bodensee)";"Landkreis";"2,7";"2,6";"11,3";"7,4";"5,7";"24,9";"23,0";"10,4";"9,2";"3,0";"44,6";"3,2";"50,8";"20,7";"35,1";"12,9";"5,2";"58,3";"53,1";"9,3";"11,4";"0,82";"81,25"
"09777";"Ostallgäu";"Landkreis";"3,0";"2,8";"11,8";"7,9";"5,8";"24,9";"22,8";"10,3";"8,1";"2,6";"43,5";"3,8";"50,2";"22,1";"32,4";"8,4";"7,3";"48,8";"41,5";"10,0";"9,9";"0,88";"82,39"
"09778";"Unterallgäu";"Landkreis";"2,9";"2,8";"11,5";"8,2";"6,0";"25,0";"22,6";"9,9";"8,4";"2,7";"43,6";"4,5";"49,7";"21,4";"32,2";"8,8";"11,4";"55,0";"43,6";"9,1";"10,8";"0,79";"81,26"
"09779";"Donau-Ries";"Landkreis";"2,8";"2,8";"11,7";"8,2";"6,1";"25,9";"22,9";"9,3";"7,8";"2,5";"43,1";"3,2";"49,2";"21,1";"29,6";"9,2";"6,3";"57,3";"51,1";"9,5";"10,2";"0,80";"81,87"
"09780";"Oberallgäu";"Landkreis";"2,9";"2,6";"10,8";"7,6";"5,7";"24,6";"23,3";"10,8";"8,9";"2,8";"44,7";"3,4";"50,7";"20,6";"35,1";"8,4";"6,2";"48,4";"42,2";"9,4";"10,3";"0,79";"82,45"
"10041";"Regionalverband Saarbrücken";"Landkreis";"2,6";"2,4";"9,7";"8,1";"7,0";"24,0";"23,4";"10,8";"8,9";"3,0";"44,9";"1,1";"50,9";"18,7";"34,9";"13,9";"6,2";"48,8";"42,6";"9,1";"13,1";"0,73";"79,31"
"10042";"Merzig-Wadern";"Landkreis";"2,4";"2,3";"10,8";"6,9";"5,5";"24,2";"25,8";"10,4";"9,0";"2,8";"45,5";"0,1";"50,6";"18,9";"34,0";"11,1";"2,8";"44,6";"41,7";"7,6";"12,9";"0,70";"79,39"
"10043";"Neunkirchen";"Landkreis";"2,4";"2,3";"9,6";"7,0";"5,7";"23,2";"25,6";"11,2";"9,8";"3,0";"46,4";"-0,6";"50,9";"18,3";"37,6";"9,2";"0,4";"42,6";"42,2";"8,3";"13,9";"0,73";"78,85"
"10044";"Saarlouis";"Landkreis";"2,5";"2,4";"9,9";"7,1";"5,7";"23,3";"25,5";"11,1";"9,4";"3,1";"46,0";"-0,4";"51,0";"18,8";"36,7";"9,8";"0,6";"40,5";"39,9";"8,4";"13,1";"0,77";"79,96"
"10045";"Saarpfalz-Kreis";"Landkreis";"2,4";"2,2";"9,8";"7,3";"5,6";"22,7";"25,3";"11,3";"9,9";"3,5";"46,6";"-0,6";"51,3";"18,4";"38,7";"8,8";"1,1";"42,7";"41,6";"7,9";"13,8";"0,76";"80,74"
"10046";"St. Wendel";"Landkreis";"2,2";"2,1";"9,8";"6,8";"5,4";"23,1";"26,6";"11,3";"9,6";"3,2";"46,8";"-1,4";"50,5";"17,6";"37,2";"5,1";"-0,3";"32,5";"32,8";"7,1";"13,6";"0,72";"80,69"
"11000";"Berlin, Stadt";"krsfr. Stadt";"3,3";"3,0";"10,0";"7,2";"8,2";"29,2";"19,9";"9,3";"7,8";"2,2";"42,2";"7,1";"50,8";"20,8";"28,7";"17,6";"9,3";"49,3";"40,0";"11,1";"9,5";"1,48";"80,80"
"12051";"Brandenburg an der Havel, Stadt";"krsfr. Stadt";"2,6";"2,6";"8,7";"5,2";"5,9";"23,9";"23,8";"11,5";"12,4";"3,4";"47,7";"1,0";"50,6";"19,4";"44,9";"4,8";"9,0";"45,6";"36,7";"8,2";"14,3";"0,84";"80,15"
"12052";"Cottbus, Stadt";"krsfr. Stadt";"2,6";"2,6";"9,1";"6,6";"6,8";"24,1";"23,4";"11,0";"10,8";"3,0";"46,1";"1,1";"50,7";"19,2";"39,2";"8,1";"11,2";"56,1";"44,8";"8,3";"13,4";"0,68";"79,47"
"12053";"Frankfurt (Oder), Stadt";"krsfr. Stadt";"2,4";"2,4";"9,5";"6,7";"5,8";"23,0";"24,9";"11,2";"10,9";"3,2";"46,8";"-0,5";"51,6";"19,1";"40,2";"9,8";"6,3";"67,7";"61,4";"7,9";"13,5";"0,67";"80,09"
"12054";"Potsdam, Stadt";"krsfr. Stadt";"3,4";"3,2";"10,9";"6,6";"7,7";"29,2";"19,5";"8,7";"8,3";"2,6";"42,2";"10,2";"51,6";"23,0";"29,9";"8,0";"20,1";"68,2";"48,1";"11,4";"9,5";"0,74";"81,86"
"12060";"Barnim";"Landkreis";"2,5";"2,7";"10,7";"4,6";"4,3";"25,2";"26,6";"11,1";"9,7";"2,5";"46,3";"4,4";"50,4";"21,3";"36,8";"3,8";"12,5";"45,4";"32,9";"7,9";"12,1";"0,82";"80,34"
"12061";"Dahme-Spreewald";"Landkreis";"2,7";"2,7";"10,3";"4,8";"4,4";"25,4";"25,9";"10,6";"10,4";"2,9";"46,5";"4,4";"50,4";"20,9";"37,8";"4,4";"11,2";"49,9";"38,7";"8,3";"12,1";"0,83";"81,18"
"12062";"Elbe-Elster";"Landkreis";"2,3";"2,2";"9,4";"3,9";"4,1";"23,2";"27,6";"12,2";"11,9";"3,3";"49,0";"-3,9";"50,4";"18,9";"44,8";"2,8";"-0,6";"36,8";"37,4";"7,2";"15,6";"0,86";"79,52"
"12063";"Havelland";"Landkreis";"2,6";"2,7";"11,3";"5,3";"4,4";"25,2";"26,4";"10,4";"9,4";"2,4";"45,6";"4,8";"50,5";"21,4";"34,5";"4,0";"9,9";"45,7";"35,7";"7,9";"11,6";"0,81";"80,51"
"12064";"Märkisch-Oderland";"Landkreis";"2,5";"2,7";"10,4";"4,2";"4,0";"25,0";"27,9";"10,7";"9,9";"2,8";"46,9";"3,2";"50,4";"20,6";"37,0";"2,8";"10,8";"40,8";"30,0";"7,8";"12,2";"0,83";"80,71"
"12065";"Oberhavel";"Landkreis";"2,6";"2,7";"11,2";"5,1";"4,2";"25,4";"26,4";"10,4";"9,5";"2,5";"45,8";"3,8";"50,7";"21,4";"35,2";"3,6";"9,4";"40,1";"30,7";"8,0";"11,4";"0,80";"80,58"
"12066";"Oberspreewald-Lausitz";"Landkreis";"2,4";"2,3";"9,2";"4,0";"4,4";"23,2";"26,4";"12,5";"12,4";"3,4";"49,0";"-3,5";"50,9";"19,2";"47,0";"3,2";"0,0";"29,6";"29,5";"7,6";"15,1";"0,82";"80,06"
"12067";"Oder-Spree";"Landkreis";"2,4";"2,5";"10,0";"4,4";"4,0";"23,7";"27,1";"11,6";"11,1";"3,0";"47,8";"0,7";"50,9";"20,2";"41,8";"3,9";"2,5";"61,0";"58,5";"8,0";"13,4";"0,90";"80,63"
"12068";"Ostprignitz-Ruppin";"Landkreis";"2,4";"2,5";"9,8";"4,6";"4,4";"23,8";"27,9";"11,3";"10,4";"3,1";"47,5";"0,2";"50,2";"19,4";"39,2";"3,5";"5,3";"34,5";"29,2";"7,7";"13,5";"0,81";"80,46"
"12069";"Potsdam-Mittelmark";"Landkreis";"2,6";"2,7";"11,9";"4,8";"3,7";"25,4";"27,0";"10,4";"8,9";"2,6";"45,7";"4,3";"50,5";"22,4";"34,4";"4,0";"8,0";"47,5";"39,5";"7,9";"11,2";"0,85";"81,53"
"12070";"Prignitz";"Landkreis";"2,3";"2,3";"9,1";"4,5";"4,5";"21,8";"28,1";"12,0";"11,9";"3,5";"49,0";"-1,9";"50,2";"18,5";"44,8";"4,2";"0,4";"29,7";"29,3";"7,6";"15,3";"0,90";"79,51"
"12071";"Spree-Neiße";"Landkreis";"2,2";"2,3";"9,5";"3,7";"3,7";"22,6";"29,1";"12,4";"11,3";"3,3";"49,2";"-3,9";"50,8";"18,8";"44,0";"3,2";"-3,7";"27,5";"31,2";"7,2";"15,3";"0,89";"79,70"
"12072";"Teltow-Fläming";"Landkreis";"2,7";"2,7";"10,7";"5,1";"4,9";"25,9";"25,7";"10,2";"9,5";"2,6";"45,6";"4,5";"50,2";"20,9";"34,7";"4,8";"16,1";"53,7";"37,6";"8,7";"12,1";"0,83";"80,16"
"12073";"Uckermark";"Landkreis";"2,2";"2,4";"9,8";"4,4";"4,2";"22,2";"27,9";"12,3";"11,6";"3,1";"48,6";"-1,7";"51,0";"19,4";"44,2";"4,0";"3,0";"29,4";"26,3";"7,2";"14,7";"0,81";"79,26"
"13003";"Rostock, Stadt";"krsfr. Stadt";"2,8";"2,5";"8,7";"8,2";"8,6";"25,4";"20,3";"10,0";"10,7";"2,9";"44,6";"2,7";"50,7";"18,6";"36,5";"5,9";"5,1";"55,3";"50,2";"9,9";"11,4";"0,72";"80,92"
"13004";"Schwerin, Stadt";"krsfr. Stadt";"2,9";"2,7";"10,1";"6,3";"6,2";"24,5";"22,2";"11,1";"10,6";"3,4";"45,7";"5,0";"51,9";"21,3";"40,6";"8,8";"4,8";"76,1";"71,3";"10,0";"12,9";"0,86";"80,23"
"13071";"Mecklenburgische Seenplatte";"Landkreis";"2,4";"2,5";"10,1";"4,5";"4,7";"23,3";"27,6";"11,5";"10,5";"3,0";"47,5";"-1,4";"50,9";"19,9";"40,0";"3,1";"1,6";"28,5";"26,9";"7,6";"13,9";"0,82";"79,75"
"13072";"Landkreis Rostock";"Landkreis";"2,6";"2,7";"10,8";"4,1";"4,2";"24,7";"27,7";"11,2";"9,4";"2,7";"46,5";"1,9";"50,3";"21,5";"36,7";"3,0";"7,9";"41,9";"33,9";"7,8";"12,6";"0,84";"79,82"
"13073";"Vorpommern-Rügen";"Landkreis";"2,3";"2,4";"9,8";"4,5";"4,7";"23,7";"27,1";"11,6";"10,9";"2,9";"47,6";"0,6";"50,8";"19,6";"40,8";"3,9";"7,1";"39,7";"32,6";"7,4";"13,7";"0,78";"79,84"
"13074";"Nordwestmecklenburg";"Landkreis";"2,5";"2,6";"10,6";"5,0";"5,0";"25,3";"26,0";"10,9";"9,3";"2,7";"46,0";"0,8";"50,2";"20,5";"35,8";"3,4";"5,2";"39,5";"34,3";"7,9";"11,9";"0,73";"80,55"
"13075";"Vorpommern-Greifswald";"Landkreis";"2,4";"2,5";"9,7";"5,5";"5,6";"23,4";"26,2";"11,2";"10,2";"3,0";"46,8";"-0,9";"50,9";"19,4";"38,8";"4,1";"4,9";"37,7";"32,8";"7,9";"14,0";"0,71";"79,41"
"13076";"Ludwigslust-Parchim";"Landkreis";"2,5";"2,6";"10,2";"4,3";"4,7";"24,6";"27,9";"11,1";"9,4";"2,7";"46,7";"0,1";"50,1";"19,9";"36,1";"4,6";"4,1";"48,4";"44,3";"7,8";"12,0";"0,84";"80,07"
"14511";"Chemnitz, Stadt";"krsfr. Stadt";"2,9";"2,6";"9,4";"6,1";"6,9";"24,3";"20,3";"12,8";"11,2";"3,6";"46,4";"2,3";"50,7";"21,0";"46,1";"7,4";"6,2";"51,6";"45,4";"10,0";"14,0";"0,87";"80,92"
"14521";"Erzgebirgskreis";"Landkreis";"2,4";"2,5";"10,3";"4,2";"3,9";"23,3";"24,6";"14,1";"10,9";"3,8";"48,4";"-4,2";"51,1";"21,6";"49,2";"1,9";"-4,0";"19,4";"23,4";"7,6";"14,7";"0,92";"80,83"
"14522";"Mittelsachsen";"Landkreis";"2,5";"2,6";"10,0";"4,6";"4,7";"23,5";"24,5";"12,6";"11,1";"3,8";"47,9";"-2,9";"50,3";"21,0";"46,1";"3,1";"-0,6";"28,3";"28,9";"7,9";"14,9";"0,88";"80,72"
"14523";"Vogtlandkreis";"Landkreis";"2,3";"2,3";"9,6";"4,3";"4,2";"23,0";"24,7";"13,7";"12,0";"3,9";"49,0";"-2,8";"51,3";"20,1";"50,2";"3,3";"2,8";"24,9";"22,1";"7,3";"16,1";"0,84";"79,92"
"14524";"Zwickau";"Landkreis";"2,4";"2,5";"9,7";"4,6";"4,5";"23,2";"24,3";"13,4";"11,6";"3,8";"48,5";"-3,1";"51,2";"20,6";"48,9";"3,1";"0,9";"26,0";"25,1";"8,1";"15,5";"0,87";"80,03"
"14612";"Dresden, Stadt";"krsfr. Stadt";"3,4";"3,2";"10,0";"8,1";"8,5";"27,5";"17,4";"9,4";"9,4";"2,9";"42,5";"4,9";"50,2";"22,6";"34,2";"7,0";"5,1";"59,0";"53,8";"11,5";"9,7";"0,77";"82,28"
"14625";"Bautzen";"Landkreis";"2,6";"2,7";"10,6";"3,9";"4,0";"23,7";"25,5";"11,9";"11,5";"3,5";"47,8";"-2,7";"50,6";"22,2";"45,0";"2,0";"-1,0";"24,4";"25,4";"8,2";"13,9";"0,94";"80,82"
"14626";"Görlitz";"Landkreis";"2,4";"2,5";"10,0";"4,5";"4,0";"22,2";"25,4";"12,9";"12,1";"4,0";"48,8";"-3,1";"51,0";"21,2";"49,7";"4,2";"1,6";"27,5";"25,8";"7,5";"15,8";"0,87";"80,17"
"14627";"Meißen";"Landkreis";"2,5";"2,7";"10,7";"4,0";"4,0";"24,2";"24,8";"11,8";"11,5";"3,7";"47,7";"-0,8";"50,7";"22,3";"45,3";"2,9";"1,3";"32,4";"31,2";"7,8";"13,3";"0,85";"81,42"
"14628";"Sächsische Schweiz-Osterzgebirge";"Landkreis";"2,7";"2,8";"10,9";"4,1";"4,1";"24,4";"23,9";"12,3";"11,2";"3,5";"47,3";"-0,2";"50,7";"23,2";"45,8";"2,6";"3,0";"32,3";"29,3";"8,5";"14,3";"0,88";"80,88"
"14713";"Leipzig, Stadt";"krsfr. Stadt";"3,4";"3,0";"9,3";"8,3";"9,4";"28,6";"17,3";"8,9";"8,8";"2,8";"42,0";"11,7";"50,9";"21,0";"31,2";"9,0";"17,8";"68,0";"50,1";"11,7";"10,8";"0,70";"80,57"
"14729";"Leipzig";"Landkreis";"2,5";"2,6";"10,5";"4,1";"4,0";"24,5";"25,6";"12,2";"10,6";"3,3";"47,5";"-0,5";"51,0";"21,5";"42,9";"2,3";"4,5";"33,8";"29,3";"7,8";"13,6";"0,86";"80,64"
"14730";"Nordsachsen";"Landkreis";"2,5";"2,6";"10,3";"4,2";"4,3";"24,7";"26,3";"11,3";"10,5";"3,3";"47,4";"-0,4";"50,3";"20,5";"40,5";"3,7";"5,0";"43,7";"38,7";"7,8";"14,1";"0,87";"80,16"
"15001";"Dessau-Roßlau, Stadt";"krsfr. Stadt";"2,4";"2,2";"8,7";"4,6";"4,9";"22,0";"24,5";"13,6";"13,5";"3,6";"49,6";"-2,9";"51,4";"19,1";"52,9";"5,5";"4,2";"38,4";"34,2";"7,9";"16,8";"0,86";"79,52"
"15002";"Halle (Saale), Stadt";"krsfr. Stadt";"2,9";"2,7";"9,8";"8,8";"7,8";"25,0";"19,1";"11,2";"9,9";"2,9";"44,0";"3,3";"51,6";"20,9";"38,0";"9,1";"7,6";"58,1";"50,4";"10,0";"12,9";"0,71";"79,13"
"15003";"Magdeburg, Stadt";"krsfr. Stadt";"2,9";"2,7";"9,3";"8,0";"7,9";"24,8";"20,3";"10,9";"10,3";"2,9";"44,6";"3,7";"50,7";"20,1";"38,2";"8,6";"4,2";"62,2";"58,1";"9,7";"12,6";"0,72";"79,89"
"15081";"Altmarkkreis Salzwedel";"Landkreis";"2,5";"2,6";"10,3";"4,7";"4,6";"24,0";"27,6";"10,7";"10,0";"2,9";"46,8";"-2,8";"50,1";"20,2";"37,2";"3,6";"-2,9";"30,4";"33,3";"7,8";"14,1";"0,80";"79,29"
"15082";"Anhalt-Bitterfeld";"Landkreis";"2,3";"2,3";"9,1";"4,5";"4,5";"23,5";"26,5";"12,5";"11,5";"3,3";"48,6";"-4,3";"50,9";"18,4";"44,4";"3,5";"-2,8";"32,1";"34,9";"7,8";"16,5";"0,85";"78,77"
"15083";"Börde";"Landkreis";"2,6";"2,7";"10,2";"4,5";"4,6";"25,5";"27,0";"11,2";"9,1";"2,7";"46,5";"-0,8";"50,1";"20,1";"36,0";"3,1";"3,1";"34,8";"31,7";"7,8";"12,9";"0,85";"79,54"
"15084";"Burgenlandkreis";"Landkreis";"2,4";"2,3";"9,2";"4,4";"4,7";"23,6";"26,2";"12,2";"11,6";"3,6";"48,5";"-2,2";"50,3";"19,0";"44,8";"5,1";"2,5";"35,9";"33,3";"7,1";"16,0";"0,81";"79,21"
"15085";"Harz";"Landkreis";"2,2";"2,3";"9,4";"4,7";"4,6";"23,2";"26,1";"12,9";"11,2";"3,4";"48,5";"-3,0";"50,9";"18,7";"45,0";"3,0";"-7,0";"41,6";"48,6";"7,4";"15,8";"0,82";"79,04"
"15086";"Jerichower Land";"Landkreis";"2,5";"2,5";"9,7";"4,3";"4,2";"23,8";"27,7";"11,7";"10,5";"3,0";"47,8";"-2,1";"50,2";"19,5";"40,3";"3,4";"-2,8";"35,0";"37,8";"8,1";"14,7";"0,94";"79,62"
"15087";"Mansfeld-Südharz";"Landkreis";"2,1";"2,2";"9,2";"4,1";"4,1";"22,5";"26,9";"13,4";"11,9";"3,5";"49,5";"-4,6";"50,8";"18,5";"48,1";"2,9";"-3,0";"23,2";"26,2";"6,5";"16,1";"0,83";"79,37"
"15088";"Saalekreis";"Landkreis";"2,5";"2,5";"10,1";"4,5";"4,4";"24,8";"26,1";"12,3";"9,9";"2,9";"47,2";"-2,0";"50,5";"20,2";"40,3";"3,5";"3,4";"36,3";"32,9";"7,9";"13,8";"0,86";"79,46"
"15089";"Salzlandkreis";"Landkreis";"2,3";"2,4";"9,3";"4,7";"4,5";"23,3";"26,2";"12,7";"11,4";"3,3";"48,5";"-4,2";"51,1";"19,0";"44,9";"3,1";"0,1";"28,7";"28,7";"7,5";"17,1";"0,85";"78,27"
"15090";"Stendal";"Landkreis";"2,4";"2,4";"10,1";"4,8";"4,8";"23,1";"27,6";"11,5";"10,4";"2,9";"47,4";"-3,0";"50,6";"19,5";"39,4";"3,7";"-2,9";"30,5";"33,4";"8,0";"14,5";"0,86";"78,16"
"15091";"Wittenberg";"Landkreis";"2,2";"2,3";"9,3";"4,2";"4,3";"22,7";"27,0";"12,7";"12,0";"3,3";"49,1";"-3,0";"50,7";"18,7";"46,2";"3,2";"2,6";"30,9";"28,3";"7,2";"14,7";"0,84";"79,00"
"16051";"Erfurt, Stadt";"krsfr. Stadt";"3,0";"2,9";"9,8";"7,5";"7,4";"26,5";"21,0";"10,5";"8,9";"2,5";"43,8";"4,7";"51,3";"20,6";"33,9";"7,4";"10,3";"58,8";"48,5";"10,3";"11,7";"0,76";"80,70"
"16052";"Gera, Stadt";"krsfr. Stadt";"2,5";"2,5";"9,1";"4,9";"5,3";"22,6";"24,7";"12,9";"11,6";"3,8";"48,3";"-0,6";"51,6";"20,0";"47,6";"5,8";"7,8";"67,0";"59,2";"8,5";"15,1";"0,86";"80,13"
"16053";"Jena, Stadt";"krsfr. Stadt";"3,1";"2,8";"9,5";"9,6";"10,1";"26,9";"17,0";"9,6";"9,0";"2,5";"42,0";"3,9";"50,1";"20,3";"32,1";"8,9";"6,2";"69,8";"63,6";"10,4";"9,6";"0,64";"82,19"
"16054";"Suhl, Stadt";"krsfr. Stadt";"2,1";"2,2";"7,9";"4,9";"4,7";"21,1";"25,5";"15,6";"12,8";"3,1";"50,2";"-2,2";"51,3";"17,6";"54,0";"7,0";"-4,1";"150,8";"154,8";"6,4";"15,7";"0,73";"78,96"
"16055";"Weimar, Stadt";"krsfr. Stadt";"2,9";"2,9";"10,4";"7,3";"7,4";"25,9";"20,3";"10,5";"9,2";"3,1";"43,9";"1,9";"51,5";"21,7";"35,9";"8,2";"4,3";"62,5";"58,1";"9,7";"12,4";"0,66";"79,58"
"16056";"Eisenach, Stadt";"krsfr. Stadt";"2,6";"2,5";"10,1";"5,3";"5,8";"25,2";"22,7";"11,1";"11,3";"3,2";"46,5";"2,3";"50,7";"20,4";"41,5";"7,9";"8,3";"54,6";"46,2";"8,9";"14,4";"0,86";"79,54"
"16061";"Eichsfeld";"Landkreis";"2,9";"2,9";"11,2";"4,8";"5,0";"25,7";"24,4";"11,3";"9,1";"2,7";"45,3";"-0,7";"49,7";"22,7";"36,8";"3,3";"-1,3";"25,0";"26,3";"9,6";"12,0";"0,96";"81,21"
"16062";"Nordhausen";"Landkreis";"2,5";"2,5";"9,9";"5,9";"5,0";"23,5";"24,8";"12,0";"10,8";"3,1";"47,0";"-1,4";"50,5";"20,1";"41,8";"4,2";"1,6";"37,5";"35,9";"7,9";"14,3";"0,78";"79,64"
"16063";"Wartburgkreis";"Landkreis";"2,5";"2,7";"10,0";"4,4";"4,7";"24,8";"26,2";"11,9";"10,2";"2,8";"47,2";"-2,7";"50,0";"20,3";"39,9";"2,8";"-2,5";"28,4";"30,9";"8,1";"13,5";"0,83";"80,13"
"16064";"Unstrut-Hainich-Kreis";"Landkreis";"2,7";"2,7";"10,7";"4,9";"4,8";"24,4";"25,4";"11,4";"10,1";"3,1";"46,5";"-1,4";"50,4";"21,6";"39,5";"3,5";"1,4";"28,9";"27,5";"9,0";"14,7";"0,94";"79,13"
"16065";"Kyffhäuserkreis";"Landkreis";"2,4";"2,3";"9,8";"4,4";"4,4";"23,3";"26,9";"12,7";"10,8";"3,0";"48,1";"-3,6";"50,3";"19,4";"43,1";"2,8";"-2,9";"26,0";"28,9";"7,8";"16,4";"0,86";"78,67"
"16066";"Schmalkalden-Meiningen";"Landkreis";"2,4";"2,6";"9,3";"4,8";"4,7";"24,3";"26,1";"12,2";"10,9";"2,8";"47,7";"-2,6";"50,0";"19,2";"41,7";"3,2";"1,8";"31,7";"29,9";"8,1";"14,5";"0,85";"78,97"
"16067";"Gotha";"Landkreis";"2,6";"2,6";"10,2";"5,0";"4,9";"24,9";"25,0";"11,8";"10,1";"2,9";"46,6";"0,1";"50,2";"20,4";"39,6";"5,4";"6,1";"41,0";"34,8";"8,3";"13,9";"0,85";"79,86"
"16068";"Sömmerda";"Landkreis";"2,6";"2,6";"10,4";"4,4";"4,4";"25,3";"26,4";"12,2";"9,0";"2,6";"46,6";"-1,4";"50,0";"20,7";"37,8";"2,6";"3,3";"33,6";"30,3";"7,9";"12,4";"0,82";"79,18"
"16069";"Hildburghausen";"Landkreis";"2,5";"2,5";"9,6";"4,5";"4,7";"25,3";"26,5";"11,5";"10,0";"2,9";"47,1";"-2,5";"50,0";"19,3";"38,3";"2,9";"0,2";"30,1";"29,9";"8,0";"14,5";"0,93";"79,48"
"16070";"Ilm-Kreis";"Landkreis";"2,5";"2,5";"9,6";"5,7";"5,7";"24,3";"24,3";"12,2";"10,4";"2,9";"46,7";"-0,6";"49,7";"19,8";"40,9";"5,3";"2,1";"46,0";"43,9";"8,2";"13,4";"0,84";"80,37"
"16071";"Weimarer Land";"Landkreis";"2,7";"2,9";"10,9";"4,6";"4,2";"25,2";"26,1";"12,0";"8,8";"2,5";"46,1";"0,1";"50,4";"22,1";"37,2";"3,5";"1,9";"39,8";"38,0";"8,1";"12,2";"0,82";"80,09"
"16072";"Sonneberg";"Landkreis";"2,2";"2,3";"9,0";"4,6";"4,4";"23,9";"26,1";"12,6";"11,4";"3,4";"48,7";"-2,5";"50,8";"18,2";"44,7";"4,1";"6,1";"34,2";"28,1";"7,1";"15,6";"0,81";"79,14"
"16073";"Saalfeld-Rudolstadt";"Landkreis";"2,4";"2,3";"9,1";"4,2";"4,3";"23,1";"26,2";"12,9";"12,0";"3,6";"49,0";"-3,7";"50,8";"19,1";"47,3";"2,7";"-0,3";"24,4";"24,6";"7,5";"16,0";"0,89";"80,12"
"16074";"Saale-Holzland-Kreis";"Landkreis";"2,5";"2,7";"10,1";"4,5";"4,2";"24,5";"26,2";"12,5";"10,0";"2,9";"47,3";"-1,5";"50,2";"20,3";"40,9";"2,9";"-14,0";"35,2";"49,3";"7,6";"12,1";"0,82";"81,22"
"16075";"Saale-Orla-Kreis";"Landkreis";"2,4";"2,5";"9,9";"4,4";"4,2";"23,8";"26,6";"12,2";"10,7";"3,3";"47,9";"-3,5";"50,5";"19,9";"42,3";"3,3";"-3,2";"26,7";"29,9";"8,2";"14,9";"1,00";"80,09"
"16076";"Greiz";"Landkreis";"2,2";"2,3";"9,4";"4,0";"3,5";"22,5";"27,5";"13,0";"11,8";"3,7";"49,4";"-3,9";"50,7";"19,3";"47,6";"2,3";"-0,7";"31,4";"32,1";"6,8";"14,5";"0,87";"80,27"
"16077";"Altenburger Land";"Landkreis";"2,2";"2,2";"9,2";"4,0";"3,9";"22,6";"25,9";"13,9";"12,1";"3,9";"49,7";"-4,3";"51,0";"19,0";"50,8";"3,2";"-2,6";"23,8";"26,4";"7,3";"15,2";"0,90";"80,42"
