Kennziffer;Raumeinheit;Aggregat;Anteil Siedlungs- und Verkehrsfläche;Siedlungsdichte;Freifläche je Einwohner;Erreichbarkeit von Autobahnen;Erreichbarkeit von Flughäfen;Erreichbarkeit von IC/EC/ICE-Bahnhöfen;Erreichbarkeit von Oberzentren;Erreichbarkeit von Mittelzentren;Nahversorgung Apotheken Durchschnittsdistanz;Nahversorgung Apotheken Anteil der Bev. 1km Radius;Nahversorgung Supermärkte Durchschnittsdistanz;Nahversorgung Supermärkte Anteil der Bev. 1km Radius;Nahversorgung Grundschulen Durchschnittsdistanz;Nahversorgung Grundschulen Anteil der Bev. 1km Radius;Nahversorgung Haltestellen des ÖV Durchschnittsdistanz;Nahversorgung Haltestellen des ÖV Anteil der Bev. 1km Radius;Einpendler;Auspendler;Pendlersaldo;Pendler mit Arbeitsweg 50 km und mehr;Pendler mit Arbeitsweg 150 km und mehr;Pendler mit Arbeitsweg 300 km und mehr;Breitbandversorgung;Mietpreise
;;;2017;2017;2017;2018;2018;2018;2018;2018;2017;2017;2017;2017;2017;2017;2017;2017;2017;2017;2017;2017;2017;2017;2017;2017
"01001";"Flensburg, Stadt";"krsfr. Stadt";"52,6";"2.965,5";"3,3";"5";"98";"0";"0";"0";"543";"90";"500";"92";"602";"89";"180";"100";"52,4";"34,2";"27,7";"14,0";"7,7";"3,6";"97,0";"4,0"
"01002";"Kiel, Stadt";"krsfr. Stadt";"54,4";"3.844,7";"2,5";"2";"64";"0";"0";"0";"415";"94";"460";"92";"590";"89";"193";"100";"49,1";"30,3";"27,1";"13,1";"4,6";"3,4";"97,5";"5,0"
"01003";"Lübeck, Stadt";"krsfr. Stadt";"37,1";"2.718,6";"6,8";"3";"9";"0";"0";"0";"707";"82";"532";"90";"705";"88";"276";"99";"43,6";"31,3";"17,9";"15,0";"3,9";"3,0";"95,9";"5,0"
"01004";"Neumünster, Stadt";"krsfr. Stadt";"50,7";"2.184,3";"5,0";"7";"47";"0";"0";"0";"645";"82";"588";"85";"682";"81";"187";"100";"54,5";"38,6";"25,9";"14,7";"4,4";"3,6";"97,9";"4,0"
"01051";"Dithmarschen";"Landkreis";"11,1";"844,5";"95,8";"14";"71";"19";"65";"14";"2.480";"41";"1.864";"51";"1.823";"50";"576";"87";"70,8";"73,5";"-15,8";"16,7";"4,0";"3,1";"71,8";"4,0"
"01053";"Herzogtum Lauenburg";"Landkreis";"11,5";"1.344,4";"57,6";"10";"30";"20";"31";"13";"2.042";"49";"1.545";"63";"1.804";"48";"343";"94";"71,7";"79,7";"-52,4";"15,6";"4,1";"2,9";"92,6";"5,0"
"01054";"Nordfriesland";"Landkreis";"10,7";"740,7";"113,5";"40";"122";"21";"55";"36";"2.559";"43";"1.445";"62";"2.000";"48";"721";"75";"66,0";"65,7";"-1,6";"15,1";"6,1";"3,2";"66,6";"6,0"
"01055";"Ostholstein";"Landkreis";"11,9";"1.208,1";"62,4";"9";"40";"14";"32";"24";"1.724";"54";"1.336";"64";"1.811";"49";"527";"88";"65,9";"70,8";"-16,7";"15,2";"4,4";"2,9";"76,7";"5,0"
"01056";"Pinneberg";"Landkreis";"21,7";"2.171,7";"17,2";"10";"30";"24";"32";"10";"1.056";"66";"807";"81";"849";"73";"330";"96";"74,2";"81,0";"-36,2";"7,2";"4,1";"3,3";"91,8";"6,0"
"01057";"Plön";"Landkreis";"9,6";"1.244,6";"77,1";"18";"58";"24";"27";"22";"2.241";"47";"1.686";"58";"1.918";"52";"551";"86";"74,3";"83,8";"-68,8";"11,4";"3,8";"2,9";"71,8";"5,0"
"01058";"Rendsburg-Eckernförde";"Landkreis";"11,2";"1.117,2";"72,1";"13";"69";"20";"27";"15";"1.918";"50";"1.428";"60";"1.679";"51";"750";"79";"77,6";"81,5";"-25,9";"12,2";"3,6";"2,7";"73,6";"4,0"
"01059";"Schleswig-Flensburg";"Landkreis";"10,9";"882,8";"93,2";"16";"97";"24";"27";"19";"2.411";"42";"1.755";"51";"1.895";"48";"788";"77";"75,8";"79,5";"-22,7";"11,6";"4,8";"2,4";"54,8";"4,0"
"01060";"Segeberg";"Landkreis";"13,6";"1.502,6";"43,0";"7";"32";"24";"25";"10";"1.699";"64";"1.235";"68";"1.304";"64";"460";"91";"74,7";"79,2";"-24,0";"12,0";"4,3";"3,5";"91,2";"6,0"
"01061";"Steinburg";"Landkreis";"11,2";"1.114,1";"71,8";"11";"47";"16";"41";"14";"1.813";"51";"1.428";"63";"1.584";"56";"1.030";"77";"71,8";"76,4";"-28,6";"21,6";"3,6";"2,8";"91,6";"3,0"
"01062";"Stormarn";"Landkreis";"17,7";"1.784,5";"26,6";"6";"26";"23";"23";"10";"1.591";"54";"1.220";"65";"1.264";"61";"289";"98";"82,1";"83,4";"-8,6";"11,7";"5,1";"4,0";"93,0";"7,0"
"02000";"Hamburg, Stadt";"krsfr. Stadt";"59,0";"4.111,3";"2,1";"6";"15";"0";"0";"0";"505";"92";"443";"94";"557";"91";"228";"100";"36,3";"17,1";"23,2";"8,8";"6,3";"5,2";"97,3";"9,0"
"03101";"Braunschweig, Stadt";"krsfr. Stadt";"46,7";"2.753,4";"4,8";"2";"46";"3";"0";"0";"504";"89";"449";"94";"631";"85";"214";"100";"50,0";"35,4";"22,6";"10,8";"5,5";"3,2";"96,2";"5,0"
"03102";"Salzgitter, Stadt";"krsfr. Stadt";"28,2";"1.649,3";"16,2";"2";"53";"15";"0";"0";"838";"79";"785";"82";"843";"77";"226";"99";"51,9";"39,6";"20,4";"11,2";"4,4";"2,6";"90,5";"3,0"
"03103";"Wolfsburg, Stadt";"krsfr. Stadt";"31,4";"1.930,7";"12,2";"4";"61";"0";"0";"0";"740";"77";"611";"90";"828";"79";"206";"100";"64,6";"17,7";"57,0";"6,5";"3,8";"2,4";"95,5";"7,0"
"03151";"Gifhorn";"Landkreis";"10,9";"1.026,0";"80,6";"23";"68";"27";"29";"12";"2.106";"45";"1.661";"57";"1.446";"52";"423";"95";"68,6";"82,4";"-78,8";"8,4";"3,2";"2,0";"68,7";"4,0"
"03153";"Goslar";"Landkreis";"10,9";"1.306,3";"63,4";"13";"76";"37";"36";"8";"1.066";"71";"998";"73";"1.229";"64";"391";"94";"52,1";"55,1";"-6,5";"16,1";"5,5";"2,9";"89,3";"3,0"
"03154";"Helmstedt";"Landkreis";"12,2";"1.113,6";"65,5";"10";"65";"13";"25";"13";"1.894";"49";"1.704";"58";"1.741";"47";"293";"99";"67,4";"80,8";"-73,9";"9,1";"3,9";"2,3";"86,2";"3,0"
"03155";"Northeim";"Landkreis";"11,6";"904,3";"85,3";"17";"80";"32";"32";"7";"1.983";"47";"1.893";"50";"1.796";"47";"870";"76";"58,2";"62,6";"-11,8";"10,6";"4,3";"2,2";"70,8";"2,0"
"03157";"Peine";"Landkreis";"17,9";"1.386,5";"33,7";"7";"38";"22";"18";"8";"1.718";"49";"1.230";"63";"1.193";"64";"303";"97";"60,4";"76,1";"-65,6";"9,7";"4,3";"2,5";"82,3";"4,0"
"03158";"Wolfenbüttel";"Landkreis";"12,1";"1.369,5";"53,6";"8";"61";"18";"19";"12";"1.714";"52";"1.612";"57";"1.499";"56";"270";"98";"65,2";"80,7";"-84,4";"8,8";"3,8";"2,1";"84,0";"4,0"
"03159";"Göttingen";"Landkreis";"13,6";"1.376,0";"47,0";"16";"83";"25";"25";"10";"1.424";"65";"1.255";"67";"1.085";"73";"385";"93";"58,9";"55,8";"6,9";"12,0";"6,1";"2,9";"82,9";"5,0"
"03241";"Region Hannover";"Landkreis";"22,2";"2.263,6";"16,1";"8";"22";"19";"18";"3";"805";"82";"639";"86";"749";"81";"235";"100";"60,5";"54,8";"12,7";"10,1";"5,9";"3,5";"92,8";"5,0"
"03251";"Diepholz";"Landkreis";"12,6";"863,8";"81,3";"28";"47";"34";"45";"11";"2.030";"47";"1.402";"57";"1.723";"43";"864";"76";"68,9";"75,3";"-27,0";"10,7";"3,8";"2,2";"65,7";"4,0"
"03252";"Hameln-Pyrmont";"Landkreis";"14,3";"1.297,1";"46,9";"23";"51";"35";"42";"9";"1.488";"61";"1.119";"70";"1.155";"65";"368";"93";"56,4";"59,1";"-6,4";"12,4";"4,2";"2,0";"74,6";"3,0"
"03254";"Hildesheim";"Landkreis";"15,3";"1.491,9";"37,7";"13";"49";"17";"18";"10";"1.363";"59";"1.059";"68";"1.116";"64";"336";"96";"60,3";"65,1";"-13,9";"11,1";"4,9";"2,9";"85,2";"3,0"
"03255";"Holzminden";"Landkreis";"10,7";"960,2";"88,3";"44";"76";"46";"55";"13";"1.774";"52";"1.454";"63";"1.440";"54";"360";"96";"66,1";"70,4";"-16,1";"12,2";"3,9";"1,7";"68,8";"2,0"
"03256";"Nienburg (Weser)";"Landkreis";"11,4";"763,5";"103,0";"32";"52";"18";"51";"15";"2.367";"40";"1.608";"54";"1.675";"46";"657";"85";"66,2";"72,4";"-22,3";"15,8";"3,8";"2,1";"79,5";"3,0"
"03257";"Schaumburg";"Landkreis";"17,9";"1.309,0";"35,7";"8";"35";"23";"35";"5";"1.474";"49";"1.267";"60";"1.489";"43";"432";"92";"71,5";"78,2";"-30,6";"12,2";"4,6";"2,4";"73,0";"3,0"
"03351";"Celle";"Landkreis";"11,9";"969,4";"77,4";"27";"49";"25";"24";"19";"1.490";"59";"1.197";"69";"1.332";"58";"418";"94";"58,2";"63,9";"-16,0";"13,5";"4,8";"2,7";"84,6";"3,0"
"03352";"Cuxhaven";"Landkreis";"11,5";"837,4";"92,9";"13";"58";"55";"26";"13";"2.066";"49";"1.625";"56";"1.658";"53";"617";"87";"50,8";"68,2";"-54,8";"16,9";"4,8";"2,3";"69,2";"3,0"
"03353";"Harburg";"Landkreis";"16,7";"1.203,3";"42,1";"6";"43";"23";"29";"10";"1.915";"43";"1.347";"58";"1.303";"56";"429";"92";"71,9";"82,6";"-61,3";"10,8";"5,2";"4,0";"83,2";"6,0"
"03354";"Lüchow-Dannenberg";"Landkreis";"8,1";"484,9";"234,2";"53";"116";"41";"69";"20";"3.819";"29";"2.960";"38";"2.513";"31";"1.834";"56";"68,2";"71,8";"-12,5";"21,9";"7,2";"3,9";"50,9";"2,0"
"03355";"Lüneburg";"Landkreis";"11,5";"1.194,6";"65,1";"21";"67";"25";"26";"23";"2.218";"49";"1.366";"66";"1.375";"58";"427";"94";"66,0";"71,3";"-18,4";"24,0";"4,8";"2,8";"71,5";"6,0"
"03356";"Osterholz";"Landkreis";"15,3";"1.129,0";"49,5";"13";"28";"26";"26";"12";"1.770";"44";"1.405";"53";"1.213";"61";"709";"80";"67,2";"80,8";"-70,5";"8,7";"3,9";"2,5";"68,3";"4,0"
"03357";"Rotenburg (Wümme)";"Landkreis";"11,0";"714,7";"113,9";"17";"47";"40";"44";"11";"3.148";"34";"1.920";"50";"2.022";"42";"1.059";"73";"66,4";"71,5";"-17,9";"18,2";"3,5";"2,3";"61,7";"3,0"
"03358";"Heidekreis";"Landkreis";"10,3";"716,8";"122,7";"8";"44";"34";"46";"9";"2.132";"46";"1.539";"62";"1.655";"52";"1.074";"69";"58,3";"63,4";"-13,8";"18,2";"4,3";"3,0";"73,7";"3,0"
"03359";"Stade";"Landkreis";"12,5";"1.277,8";"55,4";"16";"68";"52";"58";"14";"1.539";"58";"1.128";"68";"1.231";"62";"384";"94";"65,5";"73,6";"-30,4";"12,0";"4,1";"3,0";"76,5";"5,0"
"03360";"Uelzen";"Landkreis";"8,7";"726,7";"145,0";"41";"88";"18";"43";"17";"2.354";"47";"1.780";"56";"1.837";"49";"676";"82";"61,6";"66,1";"-13,0";"18,6";"3,9";"2,0";"63,2";"3,0"
"03361";"Verden";"Landkreis";"15,0";"1.153,0";"49,8";"6";"27";"13";"30";"8";"1.736";"48";"1.168";"62";"1.333";"55";"497";"89";"70,0";"74,0";"-15,5";"10,9";"3,8";"2,6";"69,6";"4,0"
"03401";"Delmenhorst, Stadt";"krsfr. Stadt";"48,1";"2.578,9";"4,5";"4";"15";"0";"18";"0";"655";"82";"575";"91";"693";"82";"203";"100";"53,9";"64,3";"-29,0";"9,2";"4,7";"2,1";"96,8";"4,0"
"03402";"Emden, Stadt";"krsfr. Stadt";"27,8";"1.621,5";"16,6";"4";"82";"0";"51";"0";"1.007";"62";"803";"80";"695";"84";"239";"99";"60,5";"26,1";"46,5";"9,9";"6,9";"2,9";"95,3";"4,0"
"03403";"Oldenburg (Oldenburg), Stadt";"krsfr. Stadt";"59,2";"2.738,1";"2,9";"3";"35";"0";"0";"0";"631";"83";"511";"92";"600";"90";"216";"100";"51,6";"36,5";"23,8";"17,8";"6,8";"3,2";"96,6";"6,0"
"03404";"Osnabrück, Stadt";"krsfr. Stadt";"49,3";"2.781,3";"4,1";"4";"25";"0";"0";"0";"516";"90";"560";"88";"663";"82";"208";"100";"58,4";"39,3";"31,6";"13,9";"5,8";"2,3";"95,3";"5,0"
"03405";"Wilhelmshaven, Stadt";"krsfr. Stadt";"44,9";"1.586,9";"8,4";"9";"70";"42";"0";"0";"661";"84";"509";"90";"767";"75";"229";"99";"42,2";"31,2";"15,9";"14,3";"6,7";"3,6";"96,9";"3,0"
"03451";"Ammerland";"Landkreis";"17,3";"975,4";"49,8";"5";"47";"17";"18";"3";"1.663";"48";"1.368";"58";"1.444";"50";"588";"85";"65,4";"69,0";"-11,6";"11,9";"4,6";"2,4";"70,5";"5,0"
"03452";"Aurich";"Landkreis";"14,8";"998,5";"58,6";"22";"95";"21";"60";"12";"1.938";"40";"1.457";"53";"1.359";"48";"750";"77";"58,6";"63,7";"-13,8";"8,4";"4,9";"2,1";"67,7";"3,0"
"03453";"Cloppenburg";"Landkreis";"14,1";"841,2";"73,6";"20";"59";"35";"39";"10";"2.019";"45";"1.318";"59";"1.203";"58";"1.732";"54";"62,9";"65,3";"-6,7";"11,3";"4,3";"1,9";"60,9";"4,0"
"03454";"Emsland";"Landkreis";"13,7";"821,0";"77,6";"16";"69";"17";"60";"15";"1.941";"48";"1.241";"63";"1.115";"63";"1.265";"74";"61,9";"60,1";"4,5";"12,1";"4,7";"2,1";"70,0";"3,0"
"03455";"Friesland";"Landkreis";"16,3";"993,4";"52,6";"9";"64";"36";"23";"8";"1.358";"54";"1.185";"63";"1.178";"62";"559";"86";"61,5";"68,7";"-23,0";"11,2";"4,9";"2,6";"78,6";"3,0"
"03456";"Grafschaft Bentheim";"Landkreis";"14,4";"958,4";"62,6";"16";"61";"22";"60";"16";"1.597";"57";"1.149";"66";"1.123";"65";"893";"79";"55,3";"58,1";"-6,5";"9,1";"3,8";"1,9";"76,9";"4,0"
"03457";"Leer";"Landkreis";"15,1";"1.030,3";"55,0";"10";"75";"16";"44";"15";"1.944";"43";"1.371";"55";"1.215";"54";"916";"72";"61,2";"69,9";"-29,1";"12,0";"4,7";"2,0";"68,8";"4,0"
"03458";"Oldenburg";"Landkreis";"14,2";"858,0";"71,3";"5";"29";"20";"23";"13";"1.940";"47";"1.464";"55";"1.472";"50";"924";"76";"64,3";"76,7";"-53,1";"12,1";"6,9";"2,7";"68,9";"4,0"
"03459";"Osnabrück";"Landkreis";"14,8";"1.137,2";"51,3";"11";"41";"23";"25";"11";"1.364";"55";"1.097";"64";"1.124";"59";"608";"85";"66,2";"71,5";"-18,7";"9,0";"3,6";"1,5";"68,3";"4,0"
"03460";"Vechta";"Landkreis";"16,9";"1.024,3";"48,8";"7";"44";"33";"34";"9";"1.601";"50";"1.168";"64";"1.040";"65";"1.294";"61";"62,8";"58,1";"11,3";"8,9";"3,0";"1,3";"69,0";"4,0"
"03461";"Wesermarsch";"Landkreis";"11,9";"906,4";"82,5";"18";"46";"35";"27";"11";"2.135";"48";"1.305";"60";"1.433";"64";"816";"82";"54,8";"60,9";"-15,6";"11,4";"3,8";"2,4";"73,3";"3,0"
"03462";"Wittmund";"Landkreis";"11,2";"769,0";"103,4";"24";"83";"41";"37";"13";"2.250";"37";"1.827";"50";"2.166";"37";"1.066";"61";"57,7";"67,4";"-30,0";"11,3";"4,8";"2,5";"52,7";"3,0"
"04011";"Bremen, Stadt";"krsfr. Stadt";"59,2";"2.939,7";"2,9";"5";"6";"4";"0";"0";"476";"93";"440";"95";"554";"92";"236";"100";"42,8";"22,3";"26,4";"12,1";"5,4";"3,6";"94,6";"6,0"
"04012";"Bremerhaven, Stadt";"krsfr. Stadt";"46,9";"2.568,2";"5,1";"3";"43";"41";"0";"0";"538";"89";"477";"92";"555";"91";"228";"100";"46,6";"28,9";"24,9";"17,1";"4,6";"2,9";"97,3";"3,0"
"05111";"Düsseldorf, Stadt";"krsfr. Stadt";"61,1";"4.643,6";"1,8";"7";"10";"4";"0";"0";"410";"93";"423";"94";"487";"92";"185";"100";"62,0";"35,3";"41,3";"9,6";"6,2";"3,9";"95,4";"8,0"
"05112";"Duisburg, Stadt";"krsfr. Stadt";"60,9";"3.515,2";"2,3";"2";"20";"0";"0";"0";"521";"91";"437";"95";"528";"93";"207";"100";"49,5";"48,2";"2,6";"8,3";"3,6";"2,3";"83,2";"3,0"
"05113";"Essen, Stadt";"krsfr. Stadt";"67,1";"4.134,3";"1,7";"0";"22";"0";"0";"0";"498";"92";"464";"94";"529";"93";"208";"100";"51,5";"41,2";"17,6";"8,0";"4,0";"2,6";"88,4";"4,0"
"05114";"Krefeld, Stadt";"krsfr. Stadt";"55,9";"2.942,2";"3,3";"7";"20";"2";"0";"0";"621";"84";"558";"89";"619";"87";"208";"100";"54,0";"47,9";"11,8";"9,7";"3,9";"2,7";"93,4";"4,0"
"05116";"Mönchengladbach, Stadt";"krsfr. Stadt";"49,6";"3.100,6";"3,7";"4";"26";"2";"0";"0";"659";"82";"601";"85";"660";"85";"173";"100";"44,7";"42,9";"3,0";"10,3";"3,6";"2,3";"93,9";"4,0"
"05117";"Mülheim an der Ruhr, Stadt";"krsfr. Stadt";"55,6";"3.377,3";"2,9";"7";"22";"0";"13";"0";"523";"92";"553";"91";"602";"89";"201";"100";"59,9";"59,0";"2,2";"8,3";"3,8";"2,5";"95,7";"4,0"
"05119";"Oberhausen, Stadt";"krsfr. Stadt";"73,6";"3.724,8";"1,4";"4";"23";"0";"13";"0";"565";"89";"472";"95";"553";"93";"171";"100";"55,9";"61,1";"-13,2";"8,2";"3,2";"2,0";"93,3";"3,0"
"05120";"Remscheid, Stadt";"krsfr. Stadt";"43,6";"3.400,5";"4,2";"3";"32";"20";"20";"0";"747";"76";"706";"76";"594";"88";"178";"100";"47,1";"41,8";"9,2";"4,9";"2,0";"1,3";"96,1";"3,0"
"05122";"Solingen, Stadt";"krsfr. Stadt";"48,5";"3.659,1";"3,3";"11";"32";"11";"20";"0";"692";"80";"580";"88";"698";"81";"197";"100";"36,3";"45,0";"-15,7";"5,6";"2,9";"1,9";"86,2";"4,0"
"05124";"Wuppertal, Stadt";"krsfr. Stadt";"49,1";"4.280,2";"2,8";"3";"31";"0";"0";"0";"615";"82";"584";"85";"530";"91";"174";"100";"39,8";"39,0";"1,3";"7,6";"3,1";"1,9";"90,0";"3,0"
"05154";"Kleve";"Landkreis";"16,9";"1.489,4";"33,7";"8";"21";"38";"39";"6";"1.412";"59";"1.072";"69";"1.138";"66";"410";"92";"59,3";"64,1";"-13,1";"13,5";"3,2";"2,3";"72,9";"4,0"
"05158";"Mettmann";"Landkreis";"39,7";"3.002,7";"5,6";"3";"18";"13";"17";"0";"657";"81";"552";"90";"613";"87";"209";"100";"70,9";"70,4";"1,6";"7,5";"3,8";"2,4";"92,0";"5,0"
"05162";"Rhein-Kreis Neuss";"Landkreis";"31,3";"2.494,4";"9,2";"3";"24";"16";"15";"2";"753";"78";"701";"82";"703";"83";"236";"100";"65,3";"70,5";"-17,6";"8,6";"4,0";"2,5";"88,9";"5,0"
"05166";"Viersen";"Landkreis";"25,9";"2.044,6";"14,4";"3";"28";"15";"15";"1";"860";"70";"752";"77";"894";"70";"309";"96";"64,9";"71,3";"-22,4";"10,4";"3,6";"2,3";"86,7";"4,0"
"05170";"Wesel";"Landkreis";"22,5";"1.964,1";"18,3";"3";"32";"23";"25";"2";"904";"75";"794";"80";"918";"74";"318";"96";"66,2";"72,7";"-23,9";"11,0";"3,1";"2,1";"86,7";"4,0"
"05314";"Bonn, Stadt";"krsfr. Stadt";"50,8";"4.539,6";"2,4";"2";"18";"1";"0";"0";"435";"95";"458";"93";"523";"92";"170";"100";"58,8";"37,3";"34,3";"10,8";"5,5";"3,2";"98,1";"7,0"
"05315";"Köln, Stadt";"krsfr. Stadt";"61,0";"4.374,6";"1,9";"4";"15";"4";"0";"0";"459";"93";"409";"96";"496";"94";"224";"100";"48,8";"30,1";"26,8";"10,3";"5,9";"3,6";"99,2";"8,0"
"05316";"Leverkusen, Stadt";"krsfr. Stadt";"58,8";"3.526,9";"2,5";"4";"17";"15";"20";"0";"582";"89";"579";"88";"591";"90";"190";"100";"56,3";"55,5";"2,0";"7,4";"3,2";"1,8";"98,5";"5,0"
"05334";"Städteregion Aachen";"Landkreis";"27,9";"2.807,8";"9,6";"10";"36";"16";"15";"1";"763";"80";"675";"84";"691";"83";"208";"99";"57,8";"55,1";"6,1";"11,2";"3,6";"2,3";"94,5";"5,0"
"05358";"Düren";"Landkreis";"16,2";"1.720,7";"30,6";"9";"42";"27";"26";"9";"1.537";"54";"1.173";"62";"1.366";"61";"269";"98";"65,7";"70,8";"-17,0";"10,5";"3,0";"1,9";"82,9";"4,0"
"05362";"Rhein-Erft-Kreis";"Landkreis";"27,5";"2.409,9";"11,4";"3";"26";"23";"20";"0";"778";"78";"693";"82";"757";"81";"258";"99";"71,2";"77,6";"-28,5";"9,7";"4,1";"2,5";"94,3";"5,0"
"05366";"Euskirchen";"Landkreis";"13,4";"1.149,3";"57,2";"10";"46";"43";"42";"8";"2.005";"46";"1.649";"51";"1.743";"46";"275";"97";"63,7";"71,2";"-25,9";"14,3";"3,0";"1,7";"73,7";"4,0"
"05370";"Heinsberg";"Landkreis";"22,8";"1.765,7";"19,8";"6";"33";"26";"24";"2";"1.388";"52";"1.135";"62";"1.103";"61";"282";"98";"64,5";"72,9";"-30,7";"12,9";"3,0";"1,8";"90,3";"4,0"
"05374";"Oberbergischer Kreis";"Landkreis";"19,7";"1.504,9";"27,7";"10";"40";"35";"33";"6";"1.507";"49";"1.198";"58";"1.207";"55";"441";"91";"65,7";"66,8";"-3,0";"9,7";"2,5";"1,4";"63,2";"3,0"
"05378";"Rheinisch-Bergischer Kreis";"Landkreis";"25,0";"2.594,7";"12,0";"6";"24";"20";"25";"5";"1.019";"64";"802";"74";"858";"71";"284";"98";"63,5";"74,4";"-42,4";"8,4";"4,0";"2,4";"87,0";"5,0"
"05382";"Rhein-Sieg-Kreis";"Landkreis";"23,9";"2.169,4";"15,2";"8";"26";"17";"21";"4";"1.031";"67";"1.027";"69";"930";"70";"311";"97";"69,7";"78,5";"-40,9";"10,0";"4,0";"2,3";"85,7";"5,0"
"05512";"Bottrop, Stadt";"krsfr. Stadt";"43,5";"2.682,0";"5,4";"4";"30";"13";"19";"0";"609";"89";"554";"89";"657";"85";"194";"100";"56,4";"64,0";"-20,8";"6,9";"2,8";"1,8";"96,1";"4,0"
"05513";"Gelsenkirchen, Stadt";"krsfr. Stadt";"72,3";"3.430,5";"1,6";"4";"38";"9";"19";"0";"476";"94";"401";"98";"549";"90";"183";"100";"53,7";"55,3";"-3,5";"9,8";"3,0";"1,9";"97,4";"3,0"
"05515";"Münster, Stadt";"krsfr. Stadt";"33,5";"3.087,7";"6,9";"8";"21";"5";"0";"0";"499";"91";"479";"92";"591";"89";"199";"99";"49,4";"26,7";"31,0";"14,0";"5,2";"2,9";"91,2";"7,0"
"05554";"Borken";"Landkreis";"17,2";"1.512,1";"32,3";"9";"54";"33";"49";"5";"1.082";"67";"826";"81";"1.004";"71";"511";"90";"52,0";"53,5";"-3,2";"11,3";"2,6";"1,5";"82,9";"4,0"
"05558";"Coesfeld";"Landkreis";"13,8";"1.433,2";"44,5";"9";"34";"25";"29";"7";"1.315";"61";"884";"77";"1.065";"68";"467";"90";"60,4";"69,7";"-30,9";"10,9";"3,0";"1,9";"80,8";"4,0"
"05562";"Recklinghausen";"Landkreis";"32,6";"2.484,3";"8,8";"4";"37";"14";"24";"0";"710";"81";"583";"90";"728";"80";"204";"99";"60,1";"69,7";"-31,6";"11,3";"3,3";"2,1";"88,7";"3,0"
"05566";"Steinfurt";"Landkreis";"17,8";"1.400,9";"33,6";"8";"23";"17";"26";"6";"1.109";"63";"850";"76";"1.057";"67";"440";"92";"60,6";"65,8";"-15,2";"9,0";"3,4";"1,7";"71,2";"4,0"
"05570";"Warendorf";"Landkreis";"14,5";"1.449,3";"41,4";"13";"33";"22";"31";"7";"1.112";"62";"886";"78";"1.083";"70";"473";"90";"57,5";"65,3";"-22,5";"9,4";"3,3";"1,8";"72,3";"4,0"
"05711";"Bielefeld, Stadt";"krsfr. Stadt";"43,3";"2.967,9";"4,9";"5";"39";"2";"0";"0";"667";"81";"599";"87";"703";"80";"215";"100";"43,8";"30,7";"19,0";"7,8";"4,0";"1,6";"82,5";"4,0"
"05754";"Gütersloh";"Landkreis";"21,7";"1.723,1";"21,4";"7";"41";"13";"21";"6";"1.194";"59";"892";"74";"1.026";"67";"418";"92";"65,1";"60,7";"11,3";"7,0";"3,8";"2,0";"71,9";"4,0"
"05758";"Herford";"Landkreis";"30,5";"1.830,7";"12,8";"5";"49";"6";"24";"3";"1.004";"62";"879";"69";"1.023";"62";"267";"98";"67,9";"70,2";"-7,6";"6,6";"3,3";"1,6";"89,9";"3,0"
"05762";"Höxter";"Landkreis";"10,9";"1.081,1";"76,3";"25";"46";"18";"35";"4";"2.192";"46";"1.534";"58";"2.261";"39";"332";"97";"53,8";"62,2";"-22,2";"13,0";"4,1";"1,6";"63,7";"2,0"
"05766";"Lippe";"Landkreis";"17,0";"1.644,1";"30,4";"21";"48";"22";"31";"4";"1.349";"57";"1.022";"67";"1.233";"58";"271";"98";"60,6";"67,0";"-19,1";"7,1";"3,7";"1,5";"76,3";"3,0"
"05770";"Minden-Lübbecke";"Landkreis";"20,4";"1.326,4";"30,0";"19";"59";"17";"42";"5";"1.437";"54";"1.204";"59";"1.482";"48";"450";"91";"63,1";"62,0";"2,9";"9,4";"3,8";"1,7";"74,7";"3,0"
"05774";"Paderborn";"Landkreis";"15,7";"1.558,5";"35,1";"8";"18";"13";"14";"7";"1.335";"64";"858";"80";"1.091";"70";"272";"98";"53,8";"54,9";"-2,4";"10,1";"4,5";"1,8";"75,8";"4,0"
"05911";"Bochum, Stadt";"krsfr. Stadt";"69,4";"3.616,6";"1,7";"4";"30";"0";"0";"0";"538";"89";"502";"91";"619";"87";"190";"100";"50,2";"48,9";"2,6";"11,1";"3,7";"2,4";"93,6";"4,0"
"05913";"Dortmund, Stadt";"krsfr. Stadt";"59,6";"3.506,5";"2,3";"6";"18";"0";"0";"0";"569";"86";"495";"91";"583";"89";"195";"100";"45,1";"38,5";"10,9";"12,5";"4,4";"3,0";"82,8";"4,0"
"05914";"Hagen, Stadt";"krsfr. Stadt";"35,1";"3.329,7";"5,9";"4";"21";"3";"0";"0";"626";"85";"584";"87";"639";"85";"162";"100";"45,1";"42,8";"4,1";"7,6";"2,5";"1,6";"87,2";"3,0"
"05915";"Hamm, Stadt";"krsfr. Stadt";"32,9";"2.403,2";"8,9";"10";"25";"0";"38";"0";"713";"81";"661";"86";"738";"79";"227";"98";"37,4";"42,1";"-8,0";"13,3";"3,4";"2,0";"89,8";"3,0"
"05916";"Herne, Stadt";"krsfr. Stadt";"75,8";"4.015,7";"1,2";"1";"31";"3";"11";"0";"670";"79";"451";"96";"537";"93";"176";"100";"57,3";"63,0";"-15,5";"9,4";"3,1";"2,0";"96,9";"3,0"
"05954";"Ennepe-Ruhr-Kreis";"Landkreis";"28,9";"2.738,4";"9,3";"6";"29";"15";"15";"1";"812";"73";"786";"76";"771";"79";"235";"98";"65,0";"69,2";"-13,7";"8,0";"3,1";"1,9";"84,1";"3,0"
"05958";"Hochsauerlandkreis";"Landkreis";"12,4";"1.076,5";"66,4";"16";"45";"43";"47";"3";"2.048";"45";"1.222";"64";"1.493";"58";"381";"94";"45,1";"45,7";"-1,0";"9,0";"2,6";"1,2";"86,0";"3,0"
"05962";"Märkischer Kreis";"Landkreis";"17,0";"2.287,2";"21,6";"9";"34";"27";"24";"3";"1.052";"63";"891";"74";"990";"68";"236";"98";"53,6";"53,9";"-0,6";"6,4";"2,1";"1,3";"66,6";"3,0"
"05966";"Olpe";"Landkreis";"14,9";"1.273,5";"45,5";"16";"58";"50";"30";"4";"1.837";"47";"1.287";"59";"1.663";"49";"334";"96";"58,6";"58,0";"1,6";"6,6";"2,1";"1,2";"67,8";"4,0"
"05970";"Siegen-Wittgenstein";"Landkreis";"16,4";"1.497,7";"34,5";"20";"70";"48";"21";"4";"1.409";"51";"1.122";"62";"1.150";"59";"267";"98";"59,9";"58,1";"4,2";"8,0";"2,6";"1,4";"78,9";"4,0"
"05974";"Soest";"Landkreis";"15,5";"1.469,5";"37,8";"8";"23";"14";"36";"6";"1.462";"58";"1.095";"69";"1.234";"62";"442";"91";"58,1";"60,9";"-7,3";"10,4";"3,1";"1,6";"81,6";"3,0"
"05978";"Unna";"Landkreis";"31,7";"2.291,1";"9,9";"5";"14";"21";"23";"1";"845";"73";"746";"81";"831";"73";"240";"99";"67,9";"71,8";"-13,8";"11,8";"3,5";"2,3";"86,8";"3,0"
"06411";"Darmstadt, Stadt";"krsfr. Stadt";"35,1";"3.696,7";"5,4";"3";"18";"0";"0";"0";"397";"96";"457";"92";"518";"94";"195";"100";"69,0";"48,4";"40,0";"9,9";"5,5";"2,7";"97,6";"8,0"
"06412";"Frankfurt am Main, Stadt";"krsfr. Stadt";"58,5";"5.145,2";"1,7";"4";"14";"3";"0";"0";"352";"98";"320";"99";"450";"98";"183";"100";"64,2";"32,0";"47,3";"9,1";"6,4";"3,0";"93,6";"11,0"
"06413";"Offenbach am Main, Stadt";"krsfr. Stadt";"49,1";"5.746,7";"2,1";"5";"15";"11";"0";"0";"428";"94";"321";"99";"487";"96";"175";"100";"68,9";"71,2";"-7,8";"9,1";"5,0";"2,2";"93,8";"7,0"
"06414";"Wiesbaden, Stadt";"krsfr. Stadt";"39,4";"3.470,2";"4,9";"3";"19";"0";"0";"0";"472";"90";"486";"92";"558";"91";"169";"100";"56,5";"45,4";"20,4";"8,5";"4,9";"2,3";"97,1";"8,0"
"06431";"Bergstraße";"Landkreis";"16,4";"2.276,6";"22,8";"10";"42";"11";"23";"7";"1.017";"69";"939";"73";"865";"72";"268";"98";"67,8";"77,3";"-41,7";"12,3";"3,4";"1,8";"86,9";"5,0"
"06432";"Darmstadt-Dieburg";"Landkreis";"18,9";"2.372,2";"18,3";"12";"30";"16";"16";"6";"912";"76";"812";"79";"765";"81";"276";"99";"74,4";"83,6";"-56,0";"9,7";"4,0";"1,9";"86,4";"6,0"
"06433";"Groß-Gerau";"Landkreis";"23,7";"2.523,7";"13,1";"5";"17";"13";"15";"5";"553";"91";"584";"89";"618";"88";"226";"99";"77,8";"80,1";"-11,3";"8,4";"4,7";"2,1";"90,1";"7,0"
"06434";"Hochtaunuskreis";"Landkreis";"19,9";"2.459,3";"16,7";"11";"29";"24";"25";"4";"804";"81";"753";"82";"801";"83";"214";"100";"80,0";"78,5";"7,2";"7,8";"4,8";"2,3";"96,3";"8,0"
"06435";"Main-Kinzig-Kreis";"Landkreis";"16,0";"1.872,9";"28,5";"6";"44";"22";"22";"6";"1.070";"74";"874";"76";"816";"78";"304";"97";"72,4";"77,4";"-21,8";"12,7";"4,1";"1,8";"92,6";"5,0"
"06436";"Main-Taunus-Kreis";"Landkreis";"32,6";"3.264,9";"6,7";"4";"14";"12";"17";"0";"600";"91";"720";"82";"613";"90";"217";"100";"85,4";"84,7";"4,4";"7,5";"4,9";"2,2";"95,3";"8,0"
"06437";"Odenwaldkreis";"Landkreis";"10,8";"1.428,9";"58,1";"33";"58";"34";"36";"9";"1.792";"53";"1.720";"54";"1.360";"60";"393";"93";"68,0";"76,2";"-34,0";"10,7";"2,3";"1,2";"92,7";"4,0"
"06438";"Offenbach";"Landkreis";"30,1";"3.284,4";"7,3";"4";"17";"12";"12";"0";"536";"91";"540";"91";"621";"87";"216";"100";"78,4";"80,9";"-12,9";"7,7";"4,8";"2,3";"90,0";"7,0"
"06439";"Rheingau-Taunus-Kreis";"Landkreis";"13,4";"1.717,3";"38,2";"13";"34";"21";"22";"5";"1.515";"56";"1.295";"60";"1.352";"57";"272";"98";"70,9";"81,3";"-55,1";"14,2";"4,4";"2,0";"81,1";"6,0"
"06440";"Wetteraukreis";"Landkreis";"15,8";"1.761,1";"30,8";"8";"39";"25";"25";"5";"1.457";"52";"1.014";"68";"1.066";"64";"277";"99";"71,9";"79,8";"-39,2";"10,7";"4,2";"1,8";"93,4";"6,0"
"06531";"Gießen";"Landkreis";"18,4";"1.697,4";"26,6";"7";"49";"18";"18";"6";"1.283";"65";"990";"71";"971";"70";"271";"98";"73,5";"73,8";"-0,9";"16,5";"4,3";"1,6";"76,6";"5,0"
"06532";"Lahn-Dill-Kreis";"Landkreis";"16,8";"1.417,9";"35,4";"7";"59";"27";"16";"7";"1.479";"54";"1.162";"61";"1.159";"63";"364";"95";"70,0";"71,3";"-4,3";"9,6";"2,6";"1,1";"81,5";"4,0"
"06533";"Limburg-Weilburg";"Landkreis";"17,4";"1.341,3";"36,0";"11";"44";"14";"28";"9";"1.403";"55";"1.295";"58";"1.420";"54";"342";"94";"73,7";"78,2";"-20,9";"22,5";"3,5";"1,6";"79,3";"4,0"
"06534";"Marburg-Biedenkopf";"Landkreis";"14,1";"1.387,9";"44,6";"24";"75";"17";"17";"6";"1.361";"58";"1.217";"63";"1.177";"64";"322";"97";"64,5";"65,1";"-1,9";"10,3";"3,7";"1,7";"70,6";"5,0"
"06535";"Vogelsbergkreis";"Landkreis";"10,4";"698,4";"123,7";"14";"70";"29";"30";"10";"3.264";"35";"1.788";"50";"2.217";"39";"438";"92";"59,9";"69,0";"-29,0";"13,2";"3,2";"1,2";"48,2";"2,0"
"06611";"Kassel, Stadt";"krsfr. Stadt";"61,0";"3.078,8";"2,8";"6";"57";"7";"0";"0";"455";"93";"409";"97";"559";"93";"190";"100";"57,9";"35,4";"34,8";"10,6";"7,1";"2,5";"90,1";"5,0"
"06631";"Fulda";"Landkreis";"14,2";"1.130,7";"54,0";"12";"77";"17";"17";"12";"1.778";"51";"1.320";"61";"1.109";"68";"525";"88";"70,0";"68,1";"6,1";"11,7";"4,4";"1,7";"78,8";"4,0"
"06632";"Hersfeld-Rotenburg";"Landkreis";"12,3";"899,8";"80,1";"8";"67";"11";"39";"7";"2.368";"41";"1.481";"55";"1.558";"53";"481";"90";"69,6";"68,3";"4,3";"12,3";"5,7";"2,1";"60,2";"3,0"
"06633";"Kassel";"Landkreis";"14,1";"1.302,2";"47,6";"16";"54";"22";"22";"9";"1.483";"63";"1.007";"72";"1.221";"64";"289";"98";"76,0";"80,5";"-22,9";"7,6";"4,9";"1,8";"52,1";"3,0"
"06634";"Schwalm-Eder-Kreis";"Landkreis";"12,4";"948,7";"75,2";"8";"71";"27";"31";"7";"1.891";"45";"1.558";"53";"1.521";"51";"527";"91";"67,4";"75,0";"-30,5";"9,9";"4,4";"1,6";"43,1";"2,0"
"06635";"Waldeck-Frankenberg";"Landkreis";"10,1";"845,4";"106,6";"27";"64";"35";"39";"8";"2.345";"45";"1.686";"57";"1.915";"53";"247";"99";"59,7";"60,4";"-1,7";"8,6";"3,3";"1,2";"67,4";"3,0"
"06636";"Werra-Meißner-Kreis";"Landkreis";"11,5";"857,7";"90,5";"10";"68";"26";"37";"6";"2.123";"46";"1.493";"58";"1.766";"49";"439";"91";"60,2";"69,0";"-28,6";"12,3";"5,0";"1,9";"60,1";"2,0"
"07111";"Koblenz, Stadt";"krsfr. Stadt";"36,4";"2.969,3";"6,4";"4";"60";"0";"0";"0";"592";"86";"719";"79";"522";"93";"175";"100";"66,6";"40,0";"44,4";"12,6";"4,5";"1,9";"95,2";"5,0"
"07131";"Ahrweiler";"Landkreis";"13,6";"1.206,8";"54,0";"12";"46";"26";"32";"10";"1.911";"49";"1.453";"54";"1.405";"51";"558";"87";"69,4";"77,3";"-40,2";"13,0";"3,4";"1,8";"67,1";"4,0"
"07132";"Altenkirchen (Westerwald)";"Landkreis";"15,8";"1.268,4";"42,8";"20";"57";"44";"32";"8";"1.835";"37";"1.495";"49";"1.438";"47";"1.155";"67";"80,7";"81,9";"-31,1";"9,7";"2,7";"1,4";"43,2";"3,0"
"07133";"Bad Kreuznach";"Landkreis";"13,9";"1.310,8";"48,3";"21";"45";"30";"43";"9";"1.819";"49";"1.905";"45";"1.292";"57";"537";"88";"73,0";"74,5";"-13,2";"14,3";"3,2";"1,4";"79,2";"4,0"
"07134";"Birkenfeld";"Landkreis";"11,2";"926,5";"86,8";"21";"40";"49";"52";"9";"2.165";"42";"1.621";"49";"1.999";"38";"1.728";"62";"66,0";"61,8";"-5,4";"12,7";"3,1";"1,4";"75,3";"2,0"
"07135";"Cochem-Zell";"Landkreis";"11,0";"808,3";"101,7";"17";"41";"42";"43";"11";"2.910";"31";"2.606";"32";"1.817";"46";"469";"90";"77,6";"75,6";"-21,0";"13,5";"3,7";"1,8";"75,9";"3,0"
"07137";"Mayen-Koblenz";"Landkreis";"17,0";"1.540,1";"32,5";"8";"56";"19";"21";"10";"1.529";"61";"1.407";"62";"813";"78";"483";"92";"77,8";"80,1";"-18,6";"9,8";"3,3";"1,7";"86,0";"3,0"
"07138";"Neuwied";"Landkreis";"18,4";"1.578,1";"29,0";"10";"40";"21";"27";"9";"1.368";"55";"1.247";"55";"1.071";"64";"449";"89";"71,8";"74,7";"-14,5";"10,6";"3,0";"1,7";"80,6";"4,0"
"07140";"Rhein-Hunsrück-Kreis";"Landkreis";"12,0";"864,6";"86,0";"14";"27";"32";"41";"9";"2.668";"39";"2.143";"45";"1.948";"46";"1.185";"65";"77,5";"75,4";"-9,3";"14,2";"3,3";"1,4";"78,2";"3,0"
"07141";"Rhein-Lahn-Kreis";"Landkreis";"12,1";"1.287,9";"57,2";"24";"58";"22";"31";"9";"2.117";"43";"1.721";"48";"1.686";"48";"410";"92";"77,0";"78,0";"-40,9";"12,9";"3,5";"1,6";"77,2";"3,0"
"07143";"Westerwaldkreis";"Landkreis";"16,5";"1.232,3";"42,1";"15";"57";"21";"31";"8";"2.293";"35";"1.679";"42";"1.411";"48";"811";"75";"83,1";"82,6";"-16,6";"11,3";"3,2";"1,5";"88,6";"3,0"
"07211";"Trier, Stadt";"krsfr. Stadt";"31,5";"2.980,6";"7,9";"5";"29";"1";"0";"0";"541";"87";"704";"78";"534";"92";"171";"100";"55,7";"27,8";"38,6";"10,8";"6,2";"2,3";"95,9";"6,0"
"07231";"Bernkastel-Wittlich";"Landkreis";"11,1";"863,8";"94,0";"14";"38";"38";"38";"13";"2.592";"35";"2.066";"41";"1.390";"56";"1.443";"62";"71,3";"71,2";"-6,6";"8,8";"3,7";"1,6";"67,4";"3,0"
"07232";"Eifelkreis Bitburg-Prüm";"Landkreis";"10,2";"594,5";"150,9";"15";"59";"51";"50";"13";"3.479";"30";"2.782";"36";"2.281";"40";"1.936";"48";"77,7";"69,7";"-2,1";"9,1";"3,7";"1,7";"34,2";"4,0"
"07233";"Vulkaneifel";"Landkreis";"10,8";"617,0";"136,4";"13";"67";"52";"52";"12";"3.321";"28";"2.603";"35";"2.218";"38";"2.090";"49";"77,2";"72,3";"-11,4";"15,1";"3,9";"1,6";"54,4";"3,0"
"07235";"Trier-Saarburg";"Landkreis";"12,5";"1.080,9";"66,7";"13";"39";"27";"26";"13";"2.198";"40";"2.016";"42";"1.292";"57";"1.090";"71";"77,0";"82,7";"-55,3";"7,5";"3,7";"1,4";"64,1";"4,0"
"07311";"Frankenthal (Pfalz), Stadt";"krsfr. Stadt";"36,9";"2.992,4";"6,2";"3";"46";"14";"11";"0";"431";"95";"487";"95";"432";"96";"193";"100";"69,7";"69,3";"1,4";"9,0";"2,9";"1,7";"98,2";"4,0"
"07312";"Kaiserslautern, Stadt";"krsfr. Stadt";"28,3";"2.523,6";"10,5";"5";"45";"2";"0";"0";"678";"79";"795";"76";"611";"89";"177";"100";"58,5";"37,9";"33,1";"18,8";"5,6";"2,5";"91,5";"4,0"
"07313";"Landau in der Pfalz, Stadt";"krsfr. Stadt";"23,5";"2.372,7";"14,2";"2";"44";"15";"27";"0";"677";"81";"759";"75";"615";"89";"210";"100";"68,7";"59,5";"22,8";"15,7";"4,1";"2,6";"97,4";"5,0"
"07314";"Ludwigshafen am Rhein, Stadt";"krsfr. Stadt";"61,4";"3.544,3";"2,2";"2";"50";"3";"0";"0";"347";"99";"385";"97";"478";"96";"195";"100";"68,9";"50,5";"37,2";"10,2";"4,1";"2,6";"95,7";"5,0"
"07315";"Mainz, Stadt";"krsfr. Stadt";"49,3";"4.462,9";"2,6";"5";"22";"0";"0";"0";"414";"95";"379";"98";"513";"94";"193";"100";"63,0";"49,4";"26,9";"10,2";"5,5";"2,3";"91,6";"8,0"
"07316";"Neustadt an der Weinstraße, Stadt";"krsfr. Stadt";"19,7";"2.308,7";"18,4";"3";"54";"0";"23";"0";"882";"72";"766";"74";"607";"85";"212";"100";"55,9";"61,8";"-15,3";"11,5";"3,8";"2,1";"92,9";"5,0"
"07317";"Pirmasens, Stadt";"krsfr. Stadt";"31,5";"2.104,2";"11,3";"4";"36";"24";"37";"0";"854";"72";"790";"74";"687";"82";"154";"100";"58,1";"38,4";"32,0";"11,9";"3,9";"1,8";"97,0";"2,0"
"07318";"Speyer, Stadt";"krsfr. Stadt";"44,7";"2.665,1";"5,2";"6";"58";"23";"21";"0";"390";"97";"462";"96";"598";"93";"203";"99";"69,5";"53,9";"33,9";"7,7";"3,2";"2,2";"98,0";"5,0"
"07319";"Worms, Stadt";"krsfr. Stadt";"29,9";"2.555,6";"9,8";"4";"45";"0";"20";"0";"614";"87";"529";"86";"599";"88";"178";"100";"51,0";"49,9";"2,3";"13,3";"4,1";"1,9";"92,3";"5,0"
"07320";"Zweibrücken, Stadt";"krsfr. Stadt";"28,0";"1.735,2";"15,5";"1";"21";"10";"26";"0";"1.085";"62";"852";"79";"893";"75";"236";"96";"62,1";"55,5";"14,8";"9,4";"4,7";"2,4";"92,5";"3,0"
"07331";"Alzey-Worms";"Landkreis";"15,2";"1.440,0";"39,7";"6";"39";"19";"26";"9";"1.784";"50";"1.326";"53";"1.149";"61";"476";"90";"76,0";"86,1";"-77,0";"13,0";"3,6";"1,5";"83,3";"4,0"
"07332";"Bad Dürkheim";"Landkreis";"13,0";"1.722,1";"40,0";"8";"59";"17";"21";"7";"1.144";"59";"1.502";"55";"844";"72";"292";"98";"72,2";"83,0";"-63,4";"10,0";"3,5";"1,9";"70,6";"4,0"
"07333";"Donnersbergkreis";"Landkreis";"10,8";"1.078,9";"77,8";"11";"54";"27";"28";"9";"2.451";"36";"1.675";"43";"1.574";"51";"331";"97";"77,2";"80,1";"-33,0";"14,9";"3,6";"1,6";"73,1";"3,0"
"07334";"Germersheim";"Landkreis";"16,1";"1.724,5";"30,9";"7";"41";"19";"21";"5";"1.018";"71";"1.013";"71";"696";"83";"378";"99";"79,3";"82,7";"-20,6";"9,0";"3,2";"1,9";"70,2";"5,0"
"07335";"Kaiserslautern";"Landkreis";"15,0";"1.100,6";"52,5";"8";"44";"17";"18";"11";"1.522";"57";"1.394";"56";"1.111";"64";"336";"97";"80,9";"87,0";"-58,0";"14,5";"3,8";"1,6";"64,3";"3,0"
"07336";"Kusel";"Landkreis";"12,1";"1.018,9";"72,6";"15";"48";"30";"32";"9";"2.180";"35";"1.763";"42";"1.706";"39";"328";"97";"79,7";"86,2";"-115,1";"10,3";"3,3";"1,1";"64,7";"3,0"
"07337";"Südliche Weinstraße";"Landkreis";"12,3";"1.399,9";"51,8";"10";"49";"21";"32";"5";"1.556";"54";"1.519";"48";"1.244";"58";"320";"96";"79,7";"85,0";"-41,0";"11,4";"3,5";"2,0";"68,2";"5,0"
"07338";"Rhein-Pfalz-Kreis";"Landkreis";"22,5";"2.239,2";"16,1";"5";"56";"15";"15";"7";"628";"86";"758";"75";"645";"85";"261";"99";"74,6";"88,6";"-122,1";"8,6";"3,1";"1,9";"92,9";"5,0"
"07339";"Mainz-Bingen";"Landkreis";"18,5";"1.871,6";"24,3";"8";"34";"15";"23";"7";"1.142";"70";"1.130";"66";"859";"76";"328";"97";"77,0";"85,0";"-53,8";"13,6";"3,9";"1,8";"91,9";"6,0"
"07340";"Südwestpfalz";"Landkreis";"9,8";"1.023,3";"91,7";"16";"46";"32";"42";"12";"2.108";"40";"2.076";"39";"1.522";"49";"461";"92";"72,7";"87,2";"-149,4";"12,2";"3,7";"1,7";"57,7";"2,0"
"08111";"Stuttgart, Stadt";"krsfr. Stadt";"51,7";"5.902,5";"1,8";"12";"15";"0";"0";"0";"447";"93";"403";"96";"487";"96";"222";"100";"60,3";"36,4";"37,7";"9,3";"6,1";"2,9";"88,9";"10,0"
"08115";"Böblingen";"Landkreis";"22,8";"2.760,4";"12,7";"6";"20";"12";"23";"6";"659";"84";"613";"85";"587";"88";"260";"99";"79,6";"78,0";"7,7";"7,5";"4,2";"2,0";"87,6";"8,0"
"08116";"Esslingen";"Landkreis";"24,9";"3.337,0";"9,3";"7";"16";"14";"23";"8";"698";"83";"626";"85";"533";"92";"223";"100";"76,2";"77,1";"-3,8";"6,3";"3,9";"2,0";"82,2";"7,0"
"08117";"Göppingen";"Landkreis";"16,7";"2.395,7";"21,2";"15";"35";"14";"36";"8";"1.002";"72";"872";"75";"634";"88";"251";"99";"74,0";"77,4";"-15,1";"10,2";"3,2";"1,5";"92,8";"5,0"
"08118";"Ludwigsburg";"Landkreis";"24,8";"3.184,6";"9,8";"8";"31";"16";"23";"6";"781";"82";"625";"87";"591";"89";"232";"100";"76,8";"79,9";"-15,3";"6,3";"3,6";"1,8";"89,3";"7,0"
"08119";"Rems-Murr-Kreis";"Landkreis";"17,8";"2.775,7";"16,8";"26";"43";"28";"31";"9";"914";"76";"808";"79";"648";"86";"285";"97";"74,0";"78,0";"-18,0";"5,7";"3,1";"1,5";"86,8";"7,0"
"08121";"Heilbronn, Stadt";"krsfr. Stadt";"36,0";"3.476,3";"5,4";"8";"50";"42";"0";"0";"471";"91";"480";"93";"505";"93";"191";"100";"63,2";"49,6";"27,1";"10,8";"4,1";"2,0";"83,1";"7,0"
"08125";"Heilbronn";"Landkreis";"17,7";"1.753,3";"27,1";"9";"53";"38";"20";"14";"1.331";"62";"1.058";"67";"693";"84";"335";"98";"77,9";"79,4";"-6,9";"8,7";"3,3";"1,7";"75,1";"6,0"
"08126";"Hohenlohekreis";"Landkreis";"13,3";"1.077,1";"60,9";"11";"66";"37";"36";"10";"2.059";"37";"1.503";"53";"1.280";"56";"374";"93";"76,0";"72,8";"11,6";"7,1";"2,2";"1,1";"78,7";"5,0"
"08127";"Schwäbisch Hall";"Landkreis";"11,9";"1.101,7";"67,8";"14";"76";"21";"43";"13";"2.208";"45";"1.430";"58";"1.314";"63";"529";"88";"63,6";"64,5";"-2,5";"8,4";"2,9";"1,5";"73,1";"5,0"
"08128";"Main-Tauber-Kreis";"Landkreis";"11,0";"925,5";"88,4";"13";"79";"34";"35";"9";"2.268";"46";"1.580";"56";"1.402";"64";"589";"88";"64,7";"64,6";"0,2";"9,9";"3,8";"1,7";"70,3";"4,0"
"08135";"Heidenheim";"Landkreis";"12,8";"1.650,7";"41,9";"10";"70";"23";"25";"10";"1.384";"63";"956";"76";"680";"83";"364";"95";"63,6";"65,2";"-4,7";"7,7";"3,0";"1,3";"85,4";"4,0"
"08136";"Ostalbkreis";"Landkreis";"13,1";"1.578,4";"42,5";"16";"76";"18";"33";"9";"1.714";"54";"1.184";"66";"818";"79";"299";"97";"63,3";"64,1";"-2,5";"9,4";"2,7";"1,2";"80,7";"5,0"
"08211";"Baden-Baden, Stadt";"krsfr. Stadt";"14,8";"2.635,7";"22,3";"6";"12";"3";"28";"0";"704";"80";"635";"81";"628";"87";"219";"100";"67,0";"50,0";"34,0";"12,5";"4,8";"3,0";"94,1";"6,0"
"08212";"Karlsruhe, Stadt";"krsfr. Stadt";"46,7";"3.853,7";"3,4";"5";"28";"2";"0";"0";"427";"93";"431";"94";"471";"95";"215";"100";"58,3";"37,7";"33,1";"13,5";"5,6";"3,0";"92,0";"7,0"
"08215";"Karlsruhe";"Landkreis";"18,2";"2.239,9";"20,4";"10";"41";"13";"20";"9";"808";"81";"892";"71";"591";"89";"317";"99";"73,5";"77,8";"-19,3";"9,4";"3,7";"2,0";"81,1";"6,0"
"08216";"Rastatt";"Landkreis";"14,4";"2.168,8";"27,8";"11";"20";"15";"28";"5";"883";"74";"785";"78";"651";"87";"296";"98";"71,3";"73,5";"-8,3";"8,5";"2,9";"1,9";"86,7";"5,0"
"08221";"Heidelberg, Stadt";"krsfr. Stadt";"30,4";"4.847,6";"4,9";"5";"50";"1";"0";"0";"438";"90";"461";"92";"491";"93";"176";"100";"69,2";"45,2";"43,8";"14,4";"5,7";"3,7";"86,3";"8,0"
"08222";"Mannheim, Stadt";"krsfr. Stadt";"58,2";"3.653,1";"2,3";"4";"48";"1";"0";"0";"362";"97";"395";"97";"480";"93";"198";"100";"60,5";"39,9";"34,3";"13,0";"4,6";"2,8";"95,1";"6,0"
"08225";"Neckar-Odenwald-Kreis";"Landkreis";"10,8";"1.176,3";"70,7";"20";"75";"47";"42";"10";"1.784";"51";"1.435";"57";"1.169";"65";"427";"93";"65,5";"72,9";"-26,8";"10,9";"3,1";"1,8";"69,2";"3,0"
"08226";"Rhein-Neckar-Kreis";"Landkreis";"19,9";"2.592,2";"15,9";"9";"56";"18";"19";"6";"737";"82";"657";"86";"627";"87";"246";"99";"76,7";"81,9";"-28,4";"10,0";"3,3";"2,1";"87,4";"6,0"
"08231";"Pforzheim, Stadt";"Landkreis";"31,2";"4.065,7";"5,7";"4";"33";"0";"0";"0";"497";"93";"463";"94";"501";"93";"147";"100";"53,6";"45,1";"15,5";"9,6";"3,8";"2,1";"96,9";"5,0"
"08235";"Calw";"Landkreis";"11,4";"1.739,1";"45,3";"24";"45";"26";"32";"8";"1.727";"45";"1.360";"58";"928";"71";"316";"96";"63,9";"74,7";"-42,7";"9,6";"3,2";"1,6";"69,7";"4,0"
"08236";"Enzkreis";"Landkreis";"16,3";"2.124,8";"24,5";"10";"36";"12";"14";"9";"1.135";"64";"894";"71";"707";"82";"247";"100";"74,0";"80,8";"-35,0";"7,2";"3,0";"1,6";"73,5";"5,0"
"08237";"Freudenstadt";"Landkreis";"9,8";"1.380,7";"67,3";"28";"55";"24";"46";"9";"1.960";"42";"1.629";"49";"1.065";"66";"536";"88";"62,4";"65,4";"-8,6";"12,2";"2,8";"1,5";"69,8";"4,0"
"08311";"Freiburg im Breisgau, Stadt";"krsfr. Stadt";"32,2";"4.662,7";"4,8";"6";"43";"0";"0";"0";"379";"97";"416";"95";"455";"98";"209";"100";"54,9";"30,5";"35,1";"11,1";"7,0";"4,2";"88,3";"9,0"
"08315";"Breisgau-Hochschwarzwald";"Landkreis";"10,6";"1.796,3";"47,4";"19";"53";"23";"25";"9";"1.296";"60";"1.181";"63";"847";"75";"387";"93";"72,2";"77,8";"-25,0";"7,9";"5,2";"2,8";"54,8";"6,0"
"08316";"Emmendingen";"Landkreis";"11,3";"2.152,5";"37,0";"13";"53";"23";"23";"10";"1.197";"66";"921";"74";"716";"82";"317";"96";"71,3";"78,4";"-32,4";"6,6";"3,8";"2,3";"71,3";"6,0"
"08317";"Ortenaukreis";"Landkreis";"11,9";"1.916,2";"38,8";"15";"37";"19";"21";"8";"1.298";"61";"952";"70";"751";"82";"524";"89";"66,3";"66,9";"-1,7";"8,8";"3,1";"1,7";"75,4";"5,0"
"08325";"Rottweil";"Landkreis";"13,1";"1.381,9";"48,5";"11";"58";"16";"29";"9";"1.666";"49";"1.284";"57";"844";"73";"294";"98";"67,6";"69,0";"-4,5";"8,6";"2,3";"1,1";"88,2";"4,0"
"08326";"Schwarzwald-Baar-Kreis";"Landkreis";"11,7";"1.767,6";"43,4";"16";"70";"10";"16";"11";"1.366";"63";"1.036";"73";"781";"81";"284";"97";"58,0";"57,9";"0,4";"8,0";"3,0";"1,9";"74,5";"4,0"
"08327";"Tuttlingen";"Landkreis";"11,9";"1.597,7";"46,8";"15";"71";"13";"33";"12";"1.643";"56";"1.001";"76";"947";"74";"254";"99";"66,8";"64,0";"7,8";"5,5";"2,0";"1,2";"87,1";"5,0"
"08335";"Konstanz";"Landkreis";"15,8";"2.204,2";"24,7";"9";"53";"12";"28";"7";"1.217";"67";"860";"78";"754";"81";"257";"98";"56,5";"57,4";"-2,1";"9,2";"4,7";"2,5";"76,5";"8,0"
"08336";"Lörrach";"Landkreis";"12,9";"2.194,9";"31,2";"13";"26";"21";"18";"11";"1.132";"69";"1.041";"71";"732";"82";"430";"91";"64,6";"63,4";"2,8";"7,1";"4,2";"2,8";"67,4";"8,0"
"08337";"Waldshut";"Landkreis";"10,3";"1.454,4";"60,1";"16";"44";"34";"46";"18";"1.791";"48";"1.228";"63";"1.000";"71";"410";"93";"63,0";"63,7";"-1,8";"7,0";"3,4";"2,0";"64,7";"5,0"
"08415";"Reutlingen";"Landkreis";"13,3";"1.963,8";"33,6";"34";"42";"22";"22";"11";"1.117";"70";"926";"75";"763";"82";"285";"98";"65,3";"66,8";"-4,5";"6,7";"3,2";"1,5";"82,8";"6,0"
"08416";"Tübingen";"Landkreis";"18,2";"2.394,0";"19,2";"16";"33";"12";"13";"5";"1.022";"71";"954";"72";"600";"88";"234";"99";"64,9";"67,7";"-8,8";"9,0";"4,0";"2,1";"86,2";"8,0"
"08417";"Zollernalbkreis";"Landkreis";"13,6";"1.504,9";"42,5";"27";"60";"30";"38";"8";"1.492";"54";"1.150";"61";"898";"71";"322";"97";"58,9";"64,1";"-14,5";"9,1";"2,7";"1,4";"69,7";"4,0"
"08421";"Ulm, Stadt";"krsfr. Stadt";"33,0";"3.204,8";"6,6";"9";"52";"0";"0";"0";"778";"80";"576";"86";"477";"94";"201";"100";"67,2";"39,7";"45,7";"12,1";"5,5";"2,2";"93,4";"7,0"
"08425";"Alb-Donau-Kreis";"Landkreis";"11,7";"1.228,8";"62,2";"17";"57";"22";"23";"8";"1.950";"51";"1.383";"60";"893";"74";"402";"94";"66,3";"78,1";"-54,7";"9,2";"3,6";"1,5";"71,3";"5,0"
"08426";"Biberach";"Landkreis";"11,8";"1.187,4";"63,1";"30";"64";"18";"31";"10";"2.413";"40";"1.462";"56";"1.073";"68";"435";"93";"71,4";"72,4";"-3,4";"7,9";"2,8";"1,4";"68,0";"5,0"
"08435";"Bodenseekreis";"Landkreis";"15,0";"2.152,1";"26,7";"22";"20";"18";"19";"10";"1.108";"63";"873";"72";"906";"68";"304";"96";"64,8";"64,1";"2,2";"7,6";"5,1";"2,2";"78,5";"7,0"
"08436";"Ravensburg";"Landkreis";"10,9";"1.599,1";"51,8";"18";"37";"19";"17";"8";"1.916";"53";"1.181";"66";"1.013";"68";"564";"87";"66,3";"66,4";"-0,5";"7,6";"3,8";"1,6";"68,7";"6,0"
"08437";"Sigmaringen";"Landkreis";"10,1";"1.074,7";"83,7";"38";"57";"35";"43";"10";"2.091";"49";"1.838";"48";"1.299";"59";"656";"84";"63,9";"68,3";"-13,8";"8,8";"2,7";"1,3";"61,9";"4,0"
"09161";"Ingolstadt, Stadt";"krsfr. Stadt";"37,0";"2.743,3";"6,6";"3";"41";"0";"0";"0";"702";"81";"517";"88";"682";"83";"193";"100";"61,3";"32,4";"42,8";"12,6";"4,3";"2,8";"94,5";"9,0"
"09162";"München, Stadt";"krsfr. Stadt";"74,5";"6.287,1";"0,8";"7";"27";"1";"0";"0";"358";"96";"330";"98";"502";"93";"206";"100";"45,0";"27,7";"24,0";"8,9";"6,1";"4,6";"95,6";"14,0"
"09163";"Rosenheim, Stadt";"krsfr. Stadt";"41,5";"4.088,1";"3,6";"5";"45";"0";"0";"0";"568";"87";"427";"94";"641";"89";"179";"100";"67,4";"53,4";"30,0";"18,8";"3,8";"2,8";"99,5";"7,0"
"09171";"Altötting";"Landkreis";"13,2";"1.467,5";"45,1";"9";"59";"45";"9";"8";"1.373";"62";"974";"71";"1.219";"61";"1.592";"58";"76,2";"75,4";"3,4";"10,6";"2,9";"2,0";"86,4";"4,0"
"09172";"Berchtesgadener Land";"Landkreis";"7,1";"1.772,7";"74,6";"15";"18";"10";"12";"6";"1.508";"57";"928";"72";"1.351";"50";"693";"81";"65,2";"65,5";"-0,5";"9,0";"4,2";"2,6";"90,6";"6,0"
"09173";"Bad Tölz-Wolfratshausen";"Landkreis";"6,7";"1.705,4";"82,4";"16";"61";"31";"35";"6";"1.643";"59";"1.047";"71";"1.317";"53";"688";"83";"65,5";"74,7";"-35,8";"12,8";"4,0";"3,0";"71,1";"8,0"
"09174";"Dachau";"Landkreis";"13,5";"1.951,0";"33,3";"10";"30";"25";"28";"12";"1.333";"61";"1.033";"69";"1.362";"58";"358";"93";"74,4";"84,4";"-63,3";"8,0";"3,8";"2,7";"75,5";"10,0"
"09175";"Ebersberg";"Landkreis";"12,5";"2.044,1";"34,6";"12";"38";"25";"25";"7";"1.111";"71";"779";"80";"1.027";"67";"436";"92";"79,2";"85,9";"-46,5";"8,2";"4,6";"3,4";"73,2";"9,0"
"09176";"Eichstätt";"Landkreis";"9,8";"1.103,3";"83,6";"14";"58";"23";"23";"10";"2.348";"41";"1.728";"50";"1.583";"50";"988";"77";"76,8";"83,7";"-41,6";"8,1";"2,5";"1,4";"65,4";"7,0"
"09177";"Erding";"Landkreis";"12,3";"1.283,2";"56,3";"12";"25";"36";"14";"6";"2.197";"44";"1.300";"55";"1.357";"56";"657";"82";"74,5";"81,6";"-38,2";"15,0";"4,1";"3,1";"73,7";"8,0"
"09178";"Freising";"Landkreis";"13,7";"1.627,6";"39,2";"7";"18";"32";"13";"6";"1.472";"64";"1.123";"69";"1.187";"65";"661";"84";"79,5";"79,5";"0,3";"15,4";"5,0";"3,7";"77,2";"8,0"
"09179";"Fürstenfeldbruck";"Landkreis";"18,6";"2.687,3";"16,6";"9";"38";"22";"29";"9";"1.010";"76";"758";"83";"853";"77";"215";"100";"75,3";"85,9";"-75,7";"8,3";"4,3";"3,0";"89,3";"10,0"
"09180";"Garmisch-Partenkirchen";"Landkreis";"5,3";"1.647,4";"109,2";"15";"57";"8";"14";"5";"1.374";"65";"876";"77";"967";"71";"429";"94";"54,2";"59,8";"-14,2";"16,1";"4,5";"3,0";"81,6";"7,0"
"09181";"Landsberg am Lech";"Landkreis";"11,1";"1.330,0";"60,4";"10";"55";"17";"25";"11";"2.191";"48";"1.351";"61";"1.472";"56";"581";"86";"75,0";"79,9";"-24,1";"24,2";"3,9";"2,6";"63,6";"7,0"
"09182";"Miesbach";"Landkreis";"7,4";"1.540,0";"81,3";"14";"57";"29";"31";"4";"1.664";"54";"1.249";"64";"1.406";"49";"830";"77";"73,3";"75,9";"-10,5";"16,8";"4,0";"3,0";"76,3";"8,0"
"09183";"Mühldorf a.Inn";"Landkreis";"10,8";"1.322,2";"63,1";"10";"57";"49";"12";"10";"1.919";"53";"1.250";"62";"1.571";"48";"1.251";"69";"69,8";"74,9";"-18,3";"19,2";"3,3";"2,7";"68,8";"5,0"
"09184";"München";"Landkreis";"20,6";"2.536,7";"15,7";"4";"32";"16";"20";"11";"749";"82";"615";"88";"782";"79";"270";"98";"90,4";"84,3";"39,0";"8,0";"5,3";"3,8";"85,9";"11,0"
"09185";"Neuburg-Schrobenhausen";"Landkreis";"11,8";"1.100,0";"68,3";"24";"56";"26";"27";"7";"2.548";"36";"1.637";"52";"1.781";"43";"2.452";"46";"64,6";"72,4";"-28,3";"10,7";"2,9";"1,8";"67,6";"6,0"
"09186";"Pfaffenhofen a.d.Ilm";"Landkreis";"13,8";"1.198,8";"52,4";"9";"34";"23";"21";"11";"1.924";"47";"1.348";"59";"1.484";"52";"1.940";"47";"73,4";"80,4";"-35,5";"21,8";"3,5";"2,4";"69,5";"7,0"
"09187";"Rosenheim";"Landkreis";"11,2";"1.611,9";"49,6";"11";"49";"15";"18";"10";"1.742";"47";"1.098";"63";"1.305";"51";"1.066";"67";"72,4";"77,7";"-23,0";"15,6";"3,5";"2,6";"76,4";"6,0"
"09188";"Starnberg";"Landkreis";"14,8";"1.874,2";"31,2";"6";"43";"14";"21";"8";"1.005";"69";"824";"74";"1.087";"60";"357";"96";"80,4";"79,9";"2,5";"9,1";"5,2";"3,8";"82,2";"10,0"
"09189";"Traunstein";"Landkreis";"8,6";"1.338,5";"80,1";"16";"34";"17";"17";"11";"1.747";"49";"1.136";"63";"1.514";"45";"1.190";"69";"68,7";"69,7";"-3,0";"9,8";"3,1";"2,3";"90,9";"5,0"
"09190";"Weilheim-Schongau";"Landkreis";"9,4";"1.474,5";"65,7";"21";"74";"17";"17";"7";"1.889";"50";"1.053";"72";"1.161";"61";"795";"80";"68,5";"72,0";"-12,4";"17,3";"3,0";"2,1";"75,6";"6,0"
"09261";"Landshut, Stadt";"krsfr. Stadt";"33,6";"3.222,9";"6,4";"5";"28";"39";"0";"0";"738";"83";"621";"80";"772";"82";"172";"100";"65,7";"54,2";"25,1";"19,6";"3,9";"2,7";"96,9";"7,0"
"09262";"Passau, Stadt";"krsfr. Stadt";"32,1";"2.321,0";"9,4";"6";"65";"0";"0";"0";"839";"71";"625";"85";"943";"64";"177";"100";"68,8";"32,6";"53,6";"12,8";"8,2";"3,5";"90,8";"6,0"
"09263";"Straubing, Stadt";"krsfr. Stadt";"29,7";"2.371,0";"10,4";"9";"71";"26";"0";"0";"674";"78";"545";"87";"764";"73";"855";"66";"61,1";"40,3";"34,9";"15,0";"3,8";"2,4";"98,2";"5,0"
"09271";"Deggendorf";"Landkreis";"12,1";"1.136,3";"64,1";"8";"73";"14";"11";"8";"2.441";"38";"1.056";"63";"1.548";"46";"881";"75";"71,3";"71,0";"1,0";"14,8";"5,1";"2,0";"65,1";"4,0"
"09272";"Freyung-Grafenau";"Landkreis";"9,3";"855,4";"114,6";"37";"98";"37";"37";"9";"3.075";"25";"1.504";"44";"2.038";"32";"4.338";"20";"68,6";"75,1";"-26,2";"10,4";"4,9";"1,3";"50,6";"2,0"
"09273";"Kelheim";"Landkreis";"10,5";"1.081,7";"79,1";"9";"53";"25";"26";"7";"2.283";"44";"1.537";"57";"1.625";"48";"1.279";"69";"64,6";"73,7";"-34,4";"13,3";"3,1";"2,1";"67,4";"5,0"
"09274";"Landshut";"Landkreis";"11,1";"1.047,9";"76,5";"13";"39";"42";"17";"9";"2.296";"40";"1.523";"56";"1.730";"46";"1.803";"54";"75,9";"82,6";"-38,1";"16,5";"2,9";"2,2";"64,2";"5,0"
"09275";"Passau";"Landkreis";"12,8";"969,7";"70,7";"15";"72";"22";"22";"9";"2.233";"37";"1.370";"54";"1.947";"41";"730";"78";"69,1";"75,7";"-26,8";"9,5";"4,4";"1,7";"48,6";"4,0"
"09276";"Regen";"Landkreis";"8,4";"948,1";"115,9";"34";"101";"43";"34";"8";"2.306";"38";"1.487";"51";"1.594";"45";"776";"75";"69,5";"72,8";"-12,0";"11,2";"3,9";"1,1";"62,5";"2,0"
"09277";"Rottal-Inn";"Landkreis";"10,3";"913,6";"95,9";"19";"77";"44";"28";"8";"2.794";"37";"1.786";"48";"1.915";"39";"1.771";"51";"68,1";"74,3";"-24,0";"11,2";"3,3";"2,2";"56,2";"3,0"
"09278";"Straubing-Bogen";"Landkreis";"10,3";"809,3";"108,5";"13";"73";"27";"17";"11";"2.701";"33";"1.712";"43";"1.820";"41";"2.659";"39";"72,7";"82,9";"-59,1";"12,1";"3,6";"1,8";"53,1";"3,0"
"09279";"Dingolfing-Landau";"Landkreis";"11,6";"937,8";"81,4";"8";"54";"22";"12";"8";"2.310";"44";"1.616";"51";"2.204";"36";"3.478";"31";"76,8";"72,9";"14,6";"13,2";"2,6";"1,9";"61,5";"4,0"
"09361";"Amberg, Stadt";"krsfr. Stadt";"34,8";"2.423,9";"8,1";"8";"48";"46";"0";"0";"832";"77";"600";"89";"724";"80";"172";"99";"64,7";"41,7";"39,5";"12,9";"4,0";"1,8";"97,6";"4,0"
"09362";"Regensburg, Stadt";"krsfr. Stadt";"56,2";"3.321,5";"2,7";"2";"67";"3";"0";"0";"510";"91";"463";"94";"712";"81";"183";"100";"64,1";"30,0";"48,7";"13,9";"4,7";"3,0";"99,6";"8,0"
"09363";"Weiden i.d.OPf., Stadt";"krsfr. Stadt";"29,5";"2.042,4";"12,2";"5";"76";"52";"0";"0";"850";"73";"574";"90";"728";"79";"190";"99";"65,0";"40,4";"41,2";"11,6";"4,2";"2,0";"98,9";"4,0"
"09371";"Amberg-Sulzbach";"Landkreis";"9,6";"853,2";"110,9";"12";"53";"47";"19";"13";"2.781";"40";"1.874";"50";"1.814";"45";"985";"75";"64,7";"76,9";"-53,0";"12,4";"3,5";"1,4";"76,1";"3,0"
"09372";"Cham";"Landkreis";"10,4";"802,2";"108,0";"37";"107";"56";"19";"8";"3.211";"26";"1.564";"49";"1.902";"36";"1.993";"45";"70,6";"72,1";"-7,0";"10,7";"3,5";"1,0";"45,8";"3,0"
"09373";"Neumarkt i.d.OPf.";"Landkreis";"10,7";"923,1";"91,1";"9";"46";"33";"19";"8";"2.382";"38";"1.877";"49";"1.697";"51";"1.324";"68";"64,2";"69,1";"-15,8";"12,6";"3,9";"1,7";"73,8";"5,0"
"09374";"Neustadt a.d.Waldnaab";"Landkreis";"10,2";"650,1";"136,3";"10";"74";"58";"21";"6";"2.272";"45";"1.879";"49";"1.710";"50";"1.081";"70";"75,5";"81,1";"-31,1";"10,1";"3,5";"1,6";"80,4";"3,0"
"09375";"Regensburg";"Landkreis";"11,3";"1.226,5";"64,7";"7";"68";"18";"17";"11";"2.328";"43";"1.670";"50";"1.638";"48";"846";"79";"76,2";"86,6";"-77,4";"9,8";"3,8";"2,2";"77,7";"5,0"
"09376";"Schwandorf";"Landkreis";"10,8";"933,8";"89,3";"11";"74";"38";"26";"4";"2.267";"44";"1.579";"56";"1.623";"45";"1.644";"60";"70,1";"73,6";"-13,7";"11,1";"4,2";"1,7";"60,5";"3,0"
"09377";"Tirschenreuth";"Landkreis";"8,2";"816,2";"137,4";"13";"94";"74";"17";"6";"2.667";"40";"1.920";"53";"1.859";"42";"996";"73";"69,0";"73,5";"-16,9";"9,2";"2,9";"1,3";"73,7";"2,0"
"09461";"Bamberg, Stadt";"krsfr. Stadt";"50,3";"2.809,6";"4,1";"6";"44";"0";"0";"0";"430";"94";"453";"94";"648";"81";"157";"100";"69,7";"41,0";"48,7";"15,2";"5,7";"2,2";"97,5";"6,0"
"09462";"Bayreuth, Stadt";"krsfr. Stadt";"42,3";"2.617,6";"5,9";"4";"57";"46";"0";"0";"673";"84";"536";"89";"736";"78";"178";"100";"61,4";"30,8";"44,2";"14,1";"6,9";"2,8";"97,8";"5,0"
"09463";"Coburg, Stadt";"krsfr. Stadt";"40,8";"2.094,3";"7,5";"4";"67";"18";"0";"0";"808";"71";"755";"75";"709";"82";"770";"72";"69,7";"39,1";"50,2";"11,4";"4,1";"2,5";"95,4";"4,0"
"09464";"Hof, Stadt";"krsfr. Stadt";"36,6";"2.161,3";"8,6";"6";"86";"62";"0";"0";"732";"76";"605";"87";"720";"79";"210";"98";"58,8";"40,4";"30,9";"12,1";"6,5";"3,8";"98,4";"2,0"
"09471";"Bamberg";"Landkreis";"10,2";"1.229,1";"72,1";"6";"46";"17";"18";"9";"1.945";"50";"1.543";"53";"1.705";"49";"1.522";"59";"75,8";"85,7";"-70,5";"11,9";"3,5";"1,2";"65,5";"4,0"
"09472";"Bayreuth";"Landkreis";"9,3";"873,8";"112,0";"9";"57";"47";"19";"10";"2.216";"40";"2.081";"43";"2.167";"39";"1.289";"62";"66,7";"81,8";"-83,2";"10,8";"4,0";"1,5";"70,1";"3,0"
"09473";"Coburg";"Landkreis";"13,0";"1.133,2";"59,8";"9";"70";"20";"12";"8";"1.895";"44";"1.518";"53";"1.621";"46";"1.055";"70";"71,6";"78,6";"-32,6";"7,5";"3,0";"1,9";"77,1";"3,0"
"09474";"Forchheim";"Landkreis";"12,7";"1.411,6";"49,1";"12";"35";"24";"16";"11";"1.802";"44";"1.556";"50";"1.316";"54";"417";"92";"70,9";"82,0";"-61,0";"6,9";"3,9";"1,5";"71,5";"5,0"
"09475";"Hof";"Landkreis";"11,7";"917,4";"83,0";"6";"87";"59";"15";"5";"1.878";"46";"1.312";"60";"1.598";"50";"1.288";"61";"73,5";"73,5";"-0,1";"8,8";"4,2";"2,5";"70,2";"2,0"
"09476";"Kronach";"Landkreis";"9,9";"1.049,5";"87,6";"27";"86";"32";"31";"9";"1.902";"40";"1.387";"50";"1.788";"38";"1.430";"54";"68,4";"71,6";"-11,8";"7,6";"3,0";"1,7";"71,7";"3,0"
"09477";"Kulmbach";"Landkreis";"11,3";"963,9";"81,6";"9";"71";"36";"11";"8";"1.815";"44";"1.655";"47";"1.617";"50";"1.252";"63";"66,3";"70,1";"-12,4";"9,6";"3,7";"1,5";"79,2";"3,0"
"09478";"Lichtenfels";"Landkreis";"11,6";"1.107,4";"69,4";"7";"62";"9";"19";"1";"1.811";"48";"1.659";"51";"1.605";"49";"1.245";"59";"71,0";"71,3";"-1,3";"8,0";"3,3";"1,8";"73,2";"3,0"
"09479";"Wunsiedel i.Fichtelgebirge";"Landkreis";"11,3";"1.069,5";"73,7";"9";"96";"73";"7";"7";"1.490";"54";"1.084";"66";"1.323";"49";"579";"85";"64,2";"62,7";"4,2";"8,6";"4,0";"1,9";"81,6";"2,0"
"09561";"Ansbach, Stadt";"krsfr. Stadt";"23,1";"1.803,1";"18,8";"6";"52";"0";"0";"0";"1.072";"70";"872";"78";"844";"81";"229";"97";"64,2";"42,2";"38,0";"13,7";"4,5";"1,5";"90,4";"4,0"
"09562";"Erlangen, Stadt";"krsfr. Stadt";"41,5";"3.476,3";"4,3";"1";"17";"0";"0";"0";"451";"94";"514";"90";"615";"90";"186";"100";"68,8";"39,2";"48,6";"7,4";"5,4";"1,9";"95,5";"7,0"
"09563";"Fürth, Stadt";"krsfr. Stadt";"47,0";"4.253,0";"3,0";"5";"16";"13";"0";"0";"497";"89";"475";"92";"618";"83";"177";"100";"66,3";"70,8";"-15,4";"7,6";"5,5";"2,0";"85,8";"6,0"
"09564";"Nürnberg, Stadt";"krsfr. Stadt";"62,0";"4.457,9";"1,7";"5";"12";"0";"0";"0";"395";"95";"375";"96";"571";"89";"215";"100";"52,8";"31,8";"30,9";"9,1";"6,4";"2,3";"93,0";"7,0"
"09565";"Schwabach, Stadt";"krsfr. Stadt";"35,0";"2.859,8";"6,8";"3";"29";"19";"0";"0";"687";"78";"682";"85";"1.021";"51";"272";"96";"66,7";"67,4";"-1,9";"7,8";"5,1";"1,8";"94,9";"5,0"
"09571";"Ansbach";"Landkreis";"10,5";"885,3";"96,9";"10";"61";"20";"22";"9";"2.434";"45";"1.744";"51";"1.697";"53";"1.497";"61";"66,9";"74,5";"-29,5";"9,4";"4,0";"1,2";"69,0";"4,0"
"09572";"Erlangen-Höchstadt";"Landkreis";"13,9";"1.725,3";"36,4";"6";"24";"17";"17";"8";"1.281";"62";"1.062";"64";"1.147";"60";"546";"90";"77,4";"80,2";"-14,1";"6,5";"4,5";"1,6";"77,4";"6,0"
"09573";"Fürth";"Landkreis";"17,5";"2.157,7";"22,2";"14";"28";"21";"14";"8";"1.203";"60";"1.127";"60";"1.314";"52";"493";"90";"74,1";"87,1";"-99,4";"7,0";"4,9";"1,7";"74,0";"5,0"
"09574";"Nürnberger Land";"Landkreis";"13,4";"1.585,3";"41,3";"7";"29";"28";"25";"8";"1.604";"53";"1.293";"59";"1.353";"53";"553";"90";"74,7";"80,7";"-32,3";"7,9";"4,7";"1,8";"81,9";"5,0"
"09575";"Neustadt a.d.Aisch-Bad Windsheim";"Landkreis";"9,9";"795,9";"115,3";"15";"53";"32";"31";"9";"2.417";"45";"1.708";"54";"2.166";"46";"2.371";"44";"69,5";"76,4";"-29,2";"10,7";"3,7";"1,2";"63,4";"3,0"
"09576";"Roth";"Landkreis";"12,0";"1.172,8";"62,9";"8";"39";"27";"20";"7";"1.864";"50";"1.556";"54";"1.488";"51";"1.068";"74";"66,7";"76,2";"-39,6";"9,9";"4,7";"1,9";"71,0";"5,0"
"09577";"Weißenburg-Gunzenhausen";"Landkreis";"10,6";"917,0";"92,9";"30";"64";"37";"32";"7";"2.587";"40";"1.873";"52";"2.113";"39";"1.623";"63";"64,2";"69,6";"-17,8";"14,7";"3,2";"1,5";"84,3";"3,0"
"09661";"Aschaffenburg, Stadt";"krsfr. Stadt";"39,6";"2.824,2";"6,1";"3";"31";"0";"0";"0";"639";"80";"519";"92";"531";"92";"163";"100";"70,1";"51,8";"38,0";"9,1";"4,0";"2,2";"97,4";"6,0"
"09662";"Schweinfurt, Stadt";"krsfr. Stadt";"55,5";"2.696,1";"3,5";"3";"74";"29";"0";"0";"382";"99";"371";"96";"617";"85";"153";"100";"76,1";"36,0";"62,7";"8,0";"4,0";"2,2";"91,0";"4,0"
"09663";"Würzburg, Stadt";"krsfr. Stadt";"48,0";"3.010,1";"4,1";"5";"67";"0";"0";"0";"461";"91";"466";"93";"649";"86";"191";"100";"63,7";"35,9";"43,4";"13,0";"6,7";"3,1";"94,0";"7,0"
"09671";"Aschaffenburg";"Landkreis";"14,3";"1.735,4";"34,9";"6";"39";"15";"15";"8";"1.251";"62";"1.176";"61";"1.078";"61";"323";"96";"77,6";"83,7";"-37,9";"10,9";"4,0";"2,0";"65,9";"5,0"
"09672";"Bad Kissingen";"Landkreis";"10,7";"852,0";"99,1";"8";"84";"36";"17";"8";"2.494";"39";"1.681";"51";"2.088";"37";"1.446";"59";"68,1";"73,4";"-20,0";"11,1";"4,4";"2,3";"75,5";"3,0"
"09673";"Rhön-Grabfeld";"Landkreis";"9,9";"791,5";"116,2";"13";"75";"49";"17";"9";"2.552";"42";"1.544";"54";"1.767";"48";"3.255";"36";"75,2";"76,6";"-6,0";"10,6";"3,8";"1,7";"51,2";"3,0"
"09674";"Haßberge";"Landkreis";"10,3";"859,2";"102,4";"13";"66";"29";"23";"9";"2.587";"39";"1.946";"45";"2.402";"35";"1.357";"63";"71,9";"78,5";"-30,3";"8,9";"3,1";"1,4";"70,9";"3,0"
"09675";"Kitzingen";"Landkreis";"13,9";"951,8";"66,1";"6";"57";"22";"22";"8";"2.019";"44";"1.600";"53";"1.762";"47";"1.177";"68";"71,6";"75,9";"-17,9";"9,0";"4,0";"1,4";"72,5";"4,0"
"09676";"Miltenberg";"Landkreis";"11,4";"1.572,1";"50,0";"25";"55";"32";"32";"8";"1.505";"60";"1.406";"55";"1.255";"60";"488";"92";"79,4";"83,4";"-23,4";"10,7";"3,0";"1,7";"79,2";"4,0"
"09677";"Main-Spessart";"Landkreis";"9,4";"1.017,1";"95,2";"17";"67";"32";"31";"8";"2.681";"36";"1.798";"52";"1.695";"50";"784";"82";"69,8";"74,1";"-16,4";"9,2";"3,7";"1,9";"61,5";"3,0"
"09678";"Schweinfurt";"Landkreis";"12,6";"1.084,4";"64,6";"7";"74";"32";"14";"9";"2.234";"46";"1.647";"55";"2.049";"48";"1.335";"65";"78,5";"88,5";"-88,1";"8,1";"3,7";"1,9";"77,7";"3,0"
"09679";"Würzburg";"Landkreis";"12,3";"1.349,2";"53,1";"9";"72";"17";"17";"11";"1.628";"58";"1.153";"65";"1.571";"59";"481";"91";"80,3";"88,4";"-69,9";"9,9";"4,9";"2,4";"68,8";"5,0"
"09761";"Augsburg, Stadt";"krsfr. Stadt";"43,8";"4.555,2";"3,2";"10";"56";"1";"0";"0";"443";"95";"440";"95";"546";"93";"207";"100";"51,8";"41,1";"18,3";"18,2";"4,1";"2,5";"95,6";"7,0"
"09762";"Kaufbeuren, Stadt";"krsfr. Stadt";"38,4";"2.832,4";"5,9";"14";"71";"16";"0";"0";"628";"83";"424";"96";"647";"86";"217";"99";"51,5";"49,1";"4,8";"12,6";"2,8";"1,8";"98,9";"5,0"
"09763";"Kempten (Allgäu), Stadt";"krsfr. Stadt";"33,0";"3.270,9";"6,6";"3";"76";"2";"0";"0";"680";"86";"459";"93";"642";"83";"156";"99";"59,1";"43,9";"27,1";"8,8";"3,3";"1,8";"97,8";"5,0"
"09764";"Memmingen, Stadt";"krsfr. Stadt";"26,0";"2.388,5";"12,2";"2";"59";"2";"0";"0";"692";"85";"582";"86";"777";"81";"238";"99";"63,6";"38,2";"41,1";"9,6";"3,3";"1,7";"93,7";"6,0"
"09771";"Aichach-Friedberg";"Landkreis";"12,1";"1.405,8";"52,1";"14";"53";"25";"25";"8";"2.207";"46";"1.646";"57";"1.428";"50";"994";"77";"70,4";"80,8";"-53,8";"20,0";"3,3";"2,1";"75,6";"6,0"
"09772";"Augsburg";"Landkreis";"15,5";"1.503,0";"36,6";"13";"67";"21";"23";"6";"1.404";"60";"1.096";"67";"1.189";"65";"807";"80";"77,7";"84,0";"-38,9";"12,6";"3,4";"2,0";"82,3";"6,0"
"09773";"Dillingen a.d.Donau";"Landkreis";"11,9";"1.011,5";"73,8";"23";"80";"22";"11";"8";"2.105";"39";"1.611";"54";"1.757";"41";"1.014";"71";"68,4";"74,3";"-23,6";"8,9";"2,0";"1,0";"69,3";"4,0"
"09774";"Günzburg";"Landkreis";"14,3";"1.143,0";"53,0";"10";"71";"18";"17";"5";"1.941";"48";"1.367";"59";"1.423";"54";"913";"75";"73,2";"74,6";"-5,9";"9,2";"2,5";"1,3";"76,4";"4,0"
"09775";"Neu-Ulm";"Landkreis";"18,3";"1.830,5";"24,8";"6";"65";"17";"15";"4";"1.224";"65";"1.039";"72";"921";"73";"334";"96";"73,6";"76,9";"-14,3";"9,1";"3,7";"1,6";"81,4";"6,0"
"09776";"Lindau (Bodensee)";"Landkreis";"13,7";"1.826,0";"34,9";"14";"39";"16";"15";"7";"1.599";"56";"1.056";"63";"1.055";"62";"607";"82";"65,1";"65,0";"0,4";"8,6";"5,6";"1,9";"60,4";"6,0"
"09777";"Ostallgäu";"Landkreis";"8,3";"1.203,2";"92,3";"12";"82";"22";"19";"9";"2.509";"41";"1.418";"59";"1.761";"48";"748";"82";"65,9";"71,6";"-20,0";"11,6";"2,9";"1,8";"68,8";"5,0"
"09778";"Unterallgäu";"Landkreis";"11,1";"1.048,3";"77,2";"8";"70";"15";"19";"10";"2.643";"42";"1.369";"58";"1.683";"49";"1.252";"68";"73,3";"78,0";"-21,0";"10,6";"2,7";"1,5";"58,0";"5,0"
"09779";"Donau-Ries";"Landkreis";"11,2";"933,0";"85,7";"35";"86";"24";"13";"10";"2.439";"41";"1.765";"51";"1.627";"52";"1.469";"65";"72,3";"70,5";"6,0";"10,2";"2,4";"0,9";"70,9";"5,0"
"09780";"Oberallgäu";"Landkreis";"6,8";"1.491,8";"92,6";"16";"72";"10";"11";"9";"2.065";"46";"1.192";"64";"1.447";"54";"655";"83";"67,1";"72,5";"-19,1";"8,2";"3,9";"1,9";"76,5";"5,0"
"10041";"Regionalverband Saarbrücken";"Landkreis";"32,3";"2.490,8";"8,8";"2";"16";"7";"7";"4";"682";"80";"734";"76";"900";"73";"208";"100";"67,5";"57,5";"23,5";"7,3";"5,2";"2,4";"79,1";"4,0"
"10042";"Merzig-Wadern";"Landkreis";"14,0";"1.332,7";"46,7";"7";"42";"36";"37";"6";"1.755";"42";"1.733";"42";"1.729";"45";"439";"93";"65,1";"68,9";"-12,2";"7,2";"3,8";"1,5";"61,9";"4,0"
"10043";"Neunkirchen";"Landkreis";"26,6";"2.007,5";"14,1";"5";"26";"17";"20";"5";"845";"71";"799";"76";"993";"67";"244";"99";"71,0";"76,8";"-24,8";"6,4";"3,8";"1,8";"80,8";"3,0"
"10044";"Saarlouis";"Landkreis";"24,3";"1.753,7";"18,1";"5";"33";"23";"24";"5";"956";"69";"1.083";"66";"1.128";"60";"286";"99";"78,3";"78,9";"-2,5";"6,0";"3,7";"1,5";"84,0";"4,0"
"10045";"Saarpfalz-Kreis";"Landkreis";"20,1";"1.705,9";"23,7";"6";"13";"11";"21";"4";"1.180";"60";"1.177";"58";"1.243";"53";"223";"100";"73,2";"67,7";"17,3";"7,5";"4,0";"1,9";"91,5";"4,0"
"10046";"St. Wendel";"Landkreis";"16,1";"1.148,7";"46,3";"6";"42";"31";"34";"7";"1.413";"53";"1.342";"49";"2.056";"33";"311";"98";"68,5";"74,9";"-25,3";"9,0";"3,0";"1,2";"63,5";"3,0"
"11000";"Berlin, Stadt";"krsfr. Stadt";"70,5";"5.752,3";"1,1";"7";"15";"0";"0";"0";"403";"94";"334";"98";"478";"94";"211";"100";"21,7";"13,9";"9,1";"7,9";"7,1";"5,9";"92,2";"8,0"
"12051";"Brandenburg an der Havel, Stadt";"krsfr. Stadt";"22,2";"1.410,4";"26,0";"13";"56";"0";"0";"0";"979";"75";"659";"83";"1.098";"66";"247";"99";"40,5";"35,4";"7,9";"15,8";"4,8";"2,7";"71,7";"3,0"
"12052";"Cottbus, Stadt";"krsfr. Stadt";"30,2";"2.019,5";"12,4";"9";"66";"0";"0";"0";"836";"76";"640";"85";"820";"79";"223";"100";"48,0";"35,4";"19,5";"16,1";"7,2";"4,3";"95,0";"3,0"
"12053";"Frankfurt (Oder), Stadt";"krsfr. Stadt";"23,9";"1.645,1";"20,7";"5";"49";"0";"0";"0";"845";"82";"611";"88";"905";"81";"218";"99";"47,7";"31,8";"23,3";"17,6";"4,9";"3,4";"77,8";"3,0"
"12054";"Potsdam, Stadt";"krsfr. Stadt";"30,4";"3.068,1";"8,1";"10";"28";"0";"0";"0";"859";"79";"540";"89";"570";"89";"229";"100";"58,8";"49,1";"19,3";"8,4";"6,1";"4,3";"94,6";"7,0"
"12060";"Barnim";"Landkreis";"11,0";"1.106,6";"73,5";"11";"53";"19";"50";"14";"1.889";"50";"1.262";"66";"1.638";"49";"458";"92";"65,2";"76,3";"-46,7";"14,1";"5,2";"3,9";"66,0";"4,0"
"12061";"Dahme-Spreewald";"Landkreis";"9,5";"771,4";"124,0";"15";"38";"23";"41";"17";"2.611";"42";"1.658";"59";"1.970";"42";"604";"86";"79,0";"80,8";"-11,4";"15,5";"6,1";"4,7";"64,4";"5,0"
"12062";"Elbe-Elster";"Landkreis";"8,0";"677,7";"170,3";"34";"61";"40";"66";"10";"2.545";"46";"1.792";"56";"2.232";"42";"536";"89";"64,9";"71,0";"-20,1";"18,2";"5,4";"3,7";"33,4";"2,0"
"12063";"Havelland";"Landkreis";"10,3";"905,2";"97,2";"26";"60";"32";"36";"13";"2.041";"51";"1.506";"64";"1.790";"48";"472";"93";"67,1";"77,6";"-47,0";"13,5";"5,4";"3,7";"71,1";"4,0"
"12064";"Märkisch-Oderland";"Landkreis";"11,2";"797,2";"101,4";"29";"60";"32";"45";"13";"2.110";"48";"1.611";"61";"1.739";"48";"699";"85";"74,4";"82,9";"-50,0";"14,4";"5,1";"3,8";"63,1";"4,0"
"12065";"Oberhavel";"Landkreis";"10,4";"1.121,3";"77,9";"24";"43";"35";"47";"10";"1.751";"56";"1.265";"68";"1.392";"59";"542";"88";"67,4";"78,2";"-48,8";"12,7";"5,2";"4,0";"69,3";"5,0"
"12066";"Oberspreewald-Lausitz";"Landkreis";"11,7";"777,4";"98,7";"8";"41";"26";"33";"7";"1.652";"56";"1.272";"69";"1.620";"56";"571";"89";"67,5";"68,5";"-3,1";"17,6";"6,6";"3,9";"67,1";"3,0"
"12067";"Oder-Spree";"Landkreis";"9,7";"812,7";"115,9";"16";"45";"33";"33";"11";"2.411";"51";"1.740";"59";"1.971";"47";"756";"81";"64,6";"71,0";"-24,1";"17,2";"4,7";"3,3";"64,0";"4,0"
"12068";"Ostprignitz-Ruppin";"Landkreis";"6,4";"615,7";"239,3";"16";"60";"51";"64";"10";"3.646";"43";"2.604";"54";"2.620";"47";"1.136";"73";"53,6";"57,4";"-8,4";"19,7";"5,5";"3,0";"59,7";"3,0"
"12069";"Potsdam-Mittelmark";"Landkreis";"9,0";"915,4";"111,5";"10";"50";"27";"27";"13";"2.245";"43";"1.599";"62";"1.849";"49";"553";"90";"74,3";"81,6";"-39,2";"14,8";"6,0";"4,2";"67,3";"5,0"
"12070";"Prignitz";"Landkreis";"7,0";"516,7";"258,6";"18";"90";"29";"65";"13";"3.241";"52";"2.229";"59";"2.543";"46";"961";"76";"58,5";"61,7";"-8,4";"17,6";"9,1";"2,9";"59,5";"2,0"
"12071";"Spree-Neiße";"Landkreis";"9,8";"712,7";"130,5";"18";"74";"25";"24";"13";"2.696";"41";"1.900";"53";"2.049";"41";"1.190";"69";"61,9";"68,6";"-21,3";"14,4";"6,7";"3,8";"50,1";"2,0"
"12072";"Teltow-Fläming";"Landkreis";"9,9";"797,5";"115,0";"22";"42";"38";"50";"11";"2.199";"48";"1.567";"62";"1.836";"51";"663";"86";"71,6";"75,0";"-13,1";"13,5";"4,7";"3,6";"68,2";"4,0"
"12073";"Uckermark";"Landkreis";"6,6";"596,6";"240,8";"19";"71";"19";"62";"14";"3.418";"50";"2.034";"60";"2.351";"58";"872";"77";"50,2";"54,4";"-9,7";"20,2";"6,1";"4,4";"61,5";"3,0"
"13003";"Rostock, Stadt";"krsfr. Stadt";"41,0";"2.800,1";"6,0";"6";"70";"0";"0";"0";"591";"88";"387";"95";"677";"87";"231";"100";"37,7";"29,3";"11,9";"13,5";"8,8";"4,3";"95,7";"4,0"
"13004";"Schwerin, Stadt";"krsfr. Stadt";"31,2";"2.352,0";"10,4";"12";"51";"0";"0";"0";"620";"80";"450";"92";"750";"78";"217";"100";"51,4";"30,0";"30,5";"15,8";"5,4";"2,5";"95,3";"4,0"
"13071";"Mecklenburgische Seenplatte";"Landkreis";"6,8";"694,5";"199,1";"22";"102";"25";"36";"17";"2.902";"54";"2.002";"64";"2.196";"55";"1.434";"72";"56,2";"57,5";"-4,3";"15,7";"7,1";"3,4";"61,3";"3,0"
"13072";"Landkreis Rostock";"Landkreis";"8,9";"701,8";"148,6";"12";"78";"24";"31";"17";"2.817";"45";"2.173";"51";"2.249";"44";"1.226";"71";"71,0";"76,0";"-22,2";"14,7";"7,6";"3,3";"39,8";"4,0"
"13073";"Vorpommern-Rügen";"Landkreis";"8,7";"806,9";"133,0";"29";"119";"24";"29";"17";"2.352";"57";"1.535";"68";"2.089";"53";"967";"77";"57,4";"62,1";"-13,4";"15,4";"8,4";"4,7";"61,0";"4,0"
"13074";"Nordwestmecklenburg";"Landkreis";"8,9";"830,2";"126,3";"11";"34";"23";"29";"16";"2.839";"49";"1.786";"57";"1.973";"49";"993";"74";"63,8";"71,3";"-32,0";"15,2";"4,6";"2,2";"52,0";"3,0"
"13075";"Vorpommern-Greifswald";"Landkreis";"8,0";"753,4";"155,3";"22";"94";"19";"41";"14";"2.419";"55";"1.629";"67";"2.107";"52";"1.238";"73";"58,8";"59,7";"-3,3";"14,4";"8,4";"4,9";"61,1";"4,0"
"13076";"Ludwigslust-Parchim";"Landkreis";"7,5";"591,9";"210,6";"16";"75";"27";"42";"20";"3.477";"41";"2.504";"51";"2.670";"41";"1.220";"70";"67,8";"75,2";"-35,4";"22,4";"6,9";"2,7";"44,6";"3,0"
"14511";"Chemnitz, Stadt";"krsfr. Stadt";"44,8";"2.492,0";"5,8";"6";"52";"55";"0";"0";"608";"85";"542";"87";"621";"85";"217";"100";"45,2";"30,4";"21,3";"11,0";"5,3";"3,4";"77,5";"3,0"
"14521";"Erzgebirgskreis";"Landkreis";"12,0";"1.548,7";"47,8";"27";"76";"79";"34";"9";"1.348";"58";"1.004";"70";"1.270";"56";"406";"93";"66,9";"71,6";"-16,5";"7,6";"3,8";"2,3";"54,5";"2,0"
"14522";"Mittelsachsen";"Landkreis";"10,9";"1.331,5";"61,8";"15";"45";"43";"34";"13";"1.871";"50";"1.406";"59";"1.492";"50";"500";"86";"67,1";"70,3";"-10,8";"10,8";"4,4";"3,1";"42,0";"2,0"
"14523";"Vogtlandkreis";"Landkreis";"11,5";"1.418,8";"55,1";"13";"93";"78";"19";"8";"1.524";"58";"1.189";"67";"1.332";"60";"576";"87";"60,7";"64,7";"-9,7";"10,9";"5,4";"3,0";"55,0";"2,0"
"14524";"Zwickau";"Landkreis";"18,0";"1.869,9";"24,8";"8";"67";"56";"15";"4";"1.184";"63";"876";"71";"1.136";"59";"372";"93";"64,4";"65,2";"-2,1";"8,5";"3,9";"2,5";"65,0";"2,0"
"14612";"Dresden, Stadt";"krsfr. Stadt";"41,9";"4.008,7";"3,8";"9";"13";"2";"0";"0";"572";"87";"439";"93";"579";"90";"209";"100";"36,3";"25,1";"15,0";"10,7";"6,2";"4,0";"89,6";"5,0"
"14625";"Bautzen";"Landkreis";"10,6";"1.190,8";"71,5";"15";"37";"39";"16";"11";"2.217";"46";"1.295";"60";"1.467";"50";"395";"93";"70,2";"72,3";"-7,2";"11,6";"5,1";"3,1";"53,7";"3,0"
"14626";"Görlitz";"Landkreis";"12,4";"978,5";"73,6";"21";"64";"58";"28";"10";"1.831";"54";"1.181";"65";"1.582";"55";"525";"88";"61,0";"64,4";"-9,5";"14,4";"6,7";"4,4";"49,1";"2,0"
"14627";"Meißen";"Landkreis";"11,9";"1.399,3";"53,4";"14";"27";"18";"36";"9";"2.083";"52";"1.277";"66";"1.506";"53";"362";"94";"69,1";"71,2";"-7,4";"10,1";"4,6";"3,1";"60,0";"3,0"
"14628";"Sächsische Schweiz-Osterzgebirge";"Landkreis";"9,6";"1.552,3";"61,5";"15";"36";"21";"32";"14";"1.974";"48";"1.305";"58";"1.521";"49";"375";"93";"66,0";"72,6";"-24,5";"7,4";"4,4";"2,9";"51,2";"3,0"
"14713";"Leipzig, Stadt";"krsfr. Stadt";"54,0";"3.621,3";"3,0";"11";"19";"0";"0";"0";"469";"93";"376";"96";"555";"90";"221";"100";"37,1";"27,2";"13,6";"12,8";"7,5";"4,8";"91,9";"4,0"
"14729";"Leipzig";"Landkreis";"13,4";"1.165,1";"56,8";"9";"37";"29";"29";"9";"1.789";"52";"1.349";"61";"1.363";"54";"422";"92";"70,2";"77,9";"-34,3";"11,6";"5,6";"3,7";"44,6";"3,0"
"14730";"Nordsachsen";"Landkreis";"10,4";"937,6";"92,8";"26";"43";"26";"44";"10";"2.206";"51";"1.361";"62";"1.524";"55";"486";"89";"67,6";"71,1";"-12,0";"14,8";"6,1";"4,2";"49,8";"3,0"
"15001";"Dessau-Roßlau, Stadt";"krsfr. Stadt";"20,6";"1.625,0";"25,7";"5";"37";"22";"0";"0";"746";"78";"607";"87";"857";"76";"229";"100";"39,8";"33,8";"9,5";"16,7";"6,3";"4,2";"79,8";"3,0"
"15002";"Halle (Saale), Stadt";"krsfr. Stadt";"52,8";"3.352,1";"3,5";"5";"21";"0";"0";"0";"438";"93";"392";"96";"533";"92";"212";"100";"42,1";"35,2";"10,6";"11,7";"6,7";"3,9";"73,2";"3,0"
"15003";"Magdeburg, Stadt";"krsfr. Stadt";"45,9";"2.586,2";"5,6";"7";"71";"0";"0";"0";"571";"89";"426";"95";"636";"88";"242";"99";"41,8";"30,6";"16,2";"14,4";"7,4";"3,1";"83,2";"3,0"
"15081";"Altmarkkreis Salzwedel";"Landkreis";"7,1";"517,4";"256,2";"44";"112";"40";"54";"22";"3.738";"41";"2.335";"53";"2.452";"45";"457";"90";"46,4";"59,6";"-31,5";"23,3";"5,7";"2,4";"43,8";"2,0"
"15082";"Anhalt-Bitterfeld";"Landkreis";"12,3";"902,7";"82,2";"18";"43";"19";"23";"6";"1.974";"58";"1.260";"71";"1.551";"55";"649";"84";"56,7";"63,2";"-13,8";"12,2";"6,4";"3,9";"42,2";"3,0"
"15083";"Börde";"Landkreis";"9,8";"742,2";"126,2";"13";"80";"22";"27";"13";"2.420";"46";"1.762";"57";"1.852";"54";"695";"88";"68,1";"74,2";"-23,4";"13,7";"5,5";"2,3";"30,9";"3,0"
"15084";"Burgenlandkreis";"Landkreis";"13,3";"969,5";"70,0";"15";"43";"21";"34";"11";"1.677";"56";"1.346";"64";"1.557";"56";"593";"82";"61,2";"68,4";"-22,6";"15,0";"9,0";"5,5";"45,7";"2,0"
"15085";"Harz";"Landkreis";"9,9";"1.035,3";"89,7";"15";"82";"46";"50";"11";"1.691";"63";"1.216";"72";"1.378";"66";"334";"97";"52,1";"60,3";"-17,6";"15,1";"4,3";"2,1";"57,8";"3,0"
"15086";"Jerichower Land";"Landkreis";"8,7";"662,5";"162,5";"18";"85";"22";"28";"16";"2.995";"41";"1.793";"60";"2.480";"44";"540";"89";"58,1";"68,1";"-30,3";"16,8";"7,2";"3,1";"27,4";"3,0"
"15087";"Mansfeld-Südharz";"Landkreis";"11,5";"825,1";"95,9";"9";"52";"40";"40";"9";"1.675";"57";"1.666";"62";"1.664";"57";"523";"90";"61,5";"68,5";"-21,6";"16,0";"6,7";"4,1";"45,6";"2,0"
"15088";"Saalekreis";"Landkreis";"15,3";"848,2";"68,0";"7";"34";"19";"21";"15";"2.026";"45";"1.282";"59";"1.556";"48";"349";"97";"75,9";"78,7";"-11,6";"12,1";"6,7";"4,2";"46,7";"3,0"
"15089";"Salzlandkreis";"Landkreis";"13,7";"985,7";"66,3";"10";"57";"32";"35";"9";"1.641";"62";"1.162";"72";"1.399";"63";"554";"89";"54,8";"61,7";"-16,1";"13,9";"5,7";"3,1";"52,8";"2,0"
"15090";"Stendal";"Landkreis";"7,6";"612,7";"201,4";"46";"118";"22";"69";"21";"3.174";"50";"2.086";"61";"2.411";"50";"887";"79";"53,6";"62,0";"-19,0";"21,0";"8,8";"3,4";"63,1";"2,0"
"15091";"Wittenberg";"Landkreis";"8,7";"752,5";"142,5";"28";"62";"18";"38";"17";"2.497";"48";"1.810";"58";"1.893";"48";"274";"99";"46,4";"55,6";"-19,7";"15,6";"5,7";"4,1";"47,3";"3,0"
"16051";"Erfurt, Stadt";"krsfr. Stadt";"30,9";"2.549,8";"9,4";"10";"11";"1";"0";"0";"752";"82";"555";"89";"678";"84";"242";"99";"45,3";"27,5";"24,6";"12,4";"6,6";"3,8";"84,7";"5,0"
"16052";"Gera, Stadt";"krsfr. Stadt";"25,3";"2.458,8";"12,9";"5";"59";"31";"0";"0";"768";"83";"676";"86";"799";"81";"248";"98";"43,0";"39,8";"5,3";"14,9";"7,6";"4,7";"91,5";"2,0"
"16053";"Jena, Stadt";"krsfr. Stadt";"29,0";"3.338,3";"8,1";"6";"42";"0";"0";"0";"612";"85";"465";"92";"700";"82";"245";"100";"46,4";"27,6";"26,0";"13,2";"6,2";"3,9";"94,8";"6,0"
"16054";"Suhl, Stadt";"krsfr. Stadt";"19,2";"1.773,4";"24,1";"4";"39";"41";"33";"0";"1.047";"64";"866";"77";"1.168";"69";"276";"99";"54,7";"45,6";"16,8";"17,1";"6,5";"2,7";"87,0";"3,0"
"16055";"Weimar, Stadt";"krsfr. Stadt";"34,8";"2.192,1";"9,7";"6";"28";"3";"22";"0";"795";"81";"503";"90";"670";"82";"188";"100";"51,4";"49,2";"4,4";"12,1";"7,4";"3,9";"82,3";"5,0"
"16056";"Eisenach, Stadt";"krsfr. Stadt";"20,7";"1.979,1";"20,2";"5";"42";"2";"49";"0";"887";"74";"601";"85";"950";"76";"264";"99";"57,3";"40,0";"28,8";"13,3";"6,1";"2,9";"55,0";"3,0"
"16061";"Eichsfeld";"Landkreis";"9,8";"1.088,3";"85,5";"12";"84";"35";"35";"10";"2.270";"44";"1.707";"56";"1.753";"51";"640";"83";"70,3";"72,4";"-15,0";"11,2";"4,7";"2,3";"56,0";"3,0"
"16062";"Nordhausen";"Landkreis";"11,0";"1.074,4";"76,2";"8";"72";"54";"54";"11";"1.949";"57";"1.203";"68";"1.405";"63";"461";"90";"57,2";"59,6";"-6,8";"13,3";"5,3";"2,6";"68,5";"3,0"
"16063";"Wartburgkreis";"Landkreis";"9,3";"1.023,3";"97,0";"17";"58";"23";"49";"13";"2.202";"41";"1.566";"55";"1.748";"48";"491";"89";"72,2";"78,9";"-32,8";"11,2";"4,4";"2,0";"41,3";"3,0"
"16064";"Unstrut-Hainich-Kreis";"Landkreis";"9,1";"1.165,1";"87,1";"27";"49";"34";"49";"10";"1.976";"53";"1.428";"65";"1.349";"67";"513";"91";"59,5";"64,9";"-16,5";"13,1";"5,9";"2,9";"61,1";"3,0"
"16065";"Kyffhäuserkreis";"Landkreis";"9,1";"803,7";"126,4";"16";"47";"47";"48";"13";"2.367";"47";"1.525";"64";"2.155";"46";"591";"87";"57,2";"68,5";"-38,9";"17,0";"6,6";"3,6";"52,8";"2,0"
"16066";"Schmalkalden-Meiningen";"Landkreis";"9,5";"1.073,0";"89,9";"17";"56";"45";"40";"11";"2.398";"49";"1.265";"68";"1.974";"48";"565";"88";"66,0";"70,4";"-17,5";"12,6";"5,2";"2,3";"67,1";"3,0"
"16067";"Gotha";"Landkreis";"10,9";"1.324,2";"62,4";"9";"24";"14";"31";"13";"2.115";"52";"1.186";"69";"1.319";"63";"350";"96";"67,2";"70,7";"-13,7";"9,6";"6,3";"3,2";"69,6";"3,0"
"16068";"Sömmerda";"Landkreis";"8,9";"970,8";"106,3";"10";"26";"25";"27";"13";"2.440";"49";"1.862";"52";"1.866";"48";"686";"84";"73,3";"75,6";"-18,7";"10,7";"6,2";"3,8";"42,7";"3,0"
"16069";"Hildburghausen";"Landkreis";"8,6";"795,3";"135,4";"13";"63";"41";"28";"14";"2.599";"37";"1.860";"47";"2.181";"37";"1.090";"73";"66,7";"75,2";"-40,5";"9,9";"3,5";"1,6";"51,2";"3,0"
"16070";"Ilm-Kreis";"Landkreis";"10,8";"1.193,7";"70,2";"8";"26";"28";"31";"10";"1.787";"56";"1.302";"68";"1.473";"61";"496";"89";"66,0";"69,4";"-11,4";"10,8";"6,3";"3,6";"66,5";"3,0"
"16071";"Weimarer Land";"Landkreis";"10,5";"969,1";"88,8";"13";"34";"17";"23";"12";"2.848";"37";"1.770";"48";"1.825";"44";"896";"76";"68,6";"74,7";"-33,6";"10,7";"5,9";"3,5";"62,9";"3,0"
"16072";"Sonneberg";"Landkreis";"9,5";"1.367,0";"70,6";"18";"69";"31";"28";"5";"1.428";"55";"1.375";"58";"1.283";"58";"526";"88";"62,8";"66,3";"-10,2";"7,8";"2,7";"1,6";"71,1";"3,0"
"16073";"Saalfeld-Rudolstadt";"Landkreis";"8,9";"1.162,9";"89,0";"28";"52";"18";"46";"9";"1.523";"60";"1.423";"62";"1.597";"56";"556";"86";"62,5";"68,3";"-18,8";"10,8";"5,1";"2,9";"50,5";"3,0"
"16074";"Saale-Holzland-Kreis";"Landkreis";"9,6";"1.060,6";"90,2";"10";"47";"20";"20";"11";"2.142";"48";"1.677";"54";"1.717";"54";"646";"82";"76,6";"79,8";"-29,0";"11,3";"5,8";"3,6";"55,3";"3,0"
"16075";"Saale-Orla-Kreis";"Landkreis";"8,0";"884,9";"131,2";"12";"72";"35";"32";"8";"2.084";"48";"1.686";"54";"2.108";"42";"1.128";"69";"69,6";"70,0";"-9,7";"11,0";"4,7";"2,7";"56,0";"3,0"
"16076";"Greiz";"Landkreis";"12,5";"939,5";"77,1";"13";"69";"41";"21";"8";"1.963";"49";"1.654";"55";"1.615";"50";"735";"76";"64,9";"72,0";"-27,1";"12,4";"5,9";"3,5";"61,6";"2,0"
"16077";"Altenburger Land";"Landkreis";"13,3";"1.198,4";"56,3";"14";"64";"45";"28";"8";"1.774";"55";"1.458";"62";"1.373";"57";"594";"83";"65,0";"71,7";"-25,3";"15,2";"6,4";"4,3";"60,2";"2,0"
