Kennziffer;Raumeinheit;Aggregat;Apotheken;Krankenhausbetten;Entwicklung Krankenhausbetten;Pflegebedürftige;Ambulante Pflege;Stationäre Pflege;Personal in Pflegeheimen;Personal in Pflegediensten;Pflegeheimplätze;Vorzeitige Sterblichkeit;Ärzteversorgung
;;;2017;2016;2012-2016;2017;2017;2017;2017;2017;2017;2017;2017
"01001";"Flensburg, Stadt";"krsfr. Stadt";"27,1";"9,47";"-2,4";"369,1";"29,6";"30,1";"100,3";"55,7";"123,9";"1,9";"67,8"
"01002";"Kiel, Stadt";"krsfr. Stadt";"31,5";"9,84";"7,3";"295,2";"30,1";"26,0";"74,6";"67,8";"88,6";"1,7";"108,1"
"01003";"Lübeck, Stadt";"krsfr. Stadt";"27,3";"9,15";"16,0";"393,9";"20,5";"36,0";"120,0";"44,7";"156,1";"2,0";"87,4"
"01004";"Neumünster, Stadt";"krsfr. Stadt";"32,8";"8,62";"7,5";"448,4";"23,8";"30,4";"126,6";"51,9";"158,6";"2,4";"70,6"
"01051";"Dithmarschen";"Landkreis";"21,7";"5,26";"0,0";"411,9";"23,6";"28,8";"125,9";"43,7";"130,8";"1,9";"47,2"
"01053";"Herzogtum Lauenburg";"Landkreis";"19,9";"3,14";"12,7";"406,7";"25,6";"28,4";"111,1";"56,2";"126,2";"1,7";"41,8"
"01054";"Nordfriesland";"Landkreis";"29,6";"4,39";"-0,1";"370,4";"27,7";"27,2";"98,9";"44,5";"111,5";"1,7";"49,6"
"01055";"Ostholstein";"Landkreis";"30,4";"8,24";"-5,2";"440,9";"19,5";"36,3";"134,1";"34,8";"176,8";"1,9";"59,8"
"01056";"Pinneberg";"Landkreis";"24,0";"3,11";"0,1";"358,6";"26,2";"27,3";"86,0";"39,8";"115,4";"1,5";"48,0"
"01057";"Plön";"Landkreis";"23,3";"1,93";"10,2";"335,1";"19,6";"26,8";"87,8";"27,5";"99,8";"1,4";"46,6"
"01058";"Rendsburg-Eckernförde";"Landkreis";"26,4";"4,11";"-1,5";"360,4";"25,0";"30,6";"105,6";"34,0";"121,3";"1,5";"54,2"
"01059";"Schleswig-Flensburg";"Landkreis";"24,1";"3,47";"3,5";"394,6";"24,1";"33,9";"130,7";"51,6";"147,8";"2,0";"36,1"
"01060";"Segeberg";"Landkreis";"21,9";"6,13";"2,3";"366,1";"21,2";"35,9";"118,1";"35,8";"144,6";"1,6";"44,2"
"01061";"Steinburg";"Landkreis";"25,8";"4,50";"-6,2";"446,3";"23,2";"31,1";"124,8";"52,4";"144,2";"2,0";"59,3"
"01062";"Stormarn";"Landkreis";"18,1";"4,72";"0,0";"367,4";"21,9";"36,5";"118,9";"38,5";"155,4";"1,4";"48,7"
"02000";"Hamburg, Stadt";"krsfr. Stadt";"25,0";"6,93";"6,3";"344,9";"30,0";"25,2";"77,4";"61,3";"95,3";"1,5";"79,9"
"03101";"Braunschweig, Stadt";"krsfr. Stadt";"32,7";"8,07";"-0,1";"453,2";"26,6";"25,9";"95,4";"48,6";"126,1";"1,6";"90,7"
"03102";"Salzgitter, Stadt";"krsfr. Stadt";"31,6";"4,28";"-9,9";"538,7";"17,4";"23,7";"115,0";"34,4";"155,2";"2,1";"79,4"
"03103";"Wolfsburg, Stadt";"krsfr. Stadt";"29,1";"4,44";"-12,1";"436,2";"15,7";"21,7";"85,5";"28,7";"102,6";"1,7";"92,0"
"03151";"Gifhorn";"Landkreis";"23,4";"2,51";"1,2";"489,7";"21,5";"19,9";"84,5";"47,7";"110,3";"1,8";"34,3"
"03153";"Goslar";"Landkreis";"40,0";"7,81";"2,9";"666,9";"24,5";"30,0";"184,9";"52,8";"235,8";"2,0";"54,5"
"03154";"Helmstedt";"Landkreis";"28,3";"8,54";"5,4";"495,6";"18,5";"34,9";"134,5";"42,3";"186,5";"2,2";"41,4"
"03155";"Northeim";"Landkreis";"30,1";"3,56";"-2,1";"669,2";"29,5";"23,6";"145,1";"58,8";"175,0";"1,9";"49,6"
"03157";"Peine";"Landkreis";"25,5";"2,32";"-1,0";"505,1";"23,6";"25,8";"119,2";"37,9";"154,8";"1,7";"44,2"
"03158";"Wolfenbüttel";"Landkreis";"25,7";"2,45";"-3,3";"471,1";"23,6";"25,6";"104,1";"40,4";"129,4";"1,7";"44,0"
"03159";"Göttingen";"Landkreis";"29,6";"10,34";"-1,4";"516,1";"24,3";"27,8";"127,8";"41,5";"162,3";"1,7";"34,0"
"03241";"Region Hannover";"Landkreis";"27,5";"6,17";"-0,8";"450,7";"26,0";"25,2";"100,9";"61,8";"132,4";"1,6";"73,5"
"03251";"Diepholz";"Landkreis";"26,9";"2,23";"-0,6";"462,2";"25,7";"22,2";"109,6";"49,6";"118,2";"1,7";"40,3"
"03252";"Hameln-Pyrmont";"Landkreis";"31,7";"7,45";"4,2";"626,8";"27,9";"26,1";"168,0";"57,8";"186,1";"1,9";"54,6"
"03254";"Hildesheim";"Landkreis";"26,7";"6,15";"-7,0";"544,0";"27,1";"25,0";"130,3";"62,8";"155,6";"2,0";"58,9"
"03255";"Holzminden";"Landkreis";"33,7";"2,89";"1,5";"648,4";"30,2";"26,6";"153,6";"63,3";"194,1";"1,9";"43,6"
"03256";"Nienburg (Weser)";"Landkreis";"28,0";"2,95";"11,1";"554,0";"21,7";"24,8";"140,0";"42,0";"159,9";"2,0";"40,3"
"03257";"Schaumburg";"Landkreis";"30,4";"3,76";"-4,5";"612,4";"24,1";"30,2";"172,3";"67,2";"207,8";"2,1";"50,0"
"03351";"Celle";"Landkreis";"28,0";"3,89";"2,2";"547,5";"23,4";"25,9";"130,6";"47,2";"158,5";"1,8";"54,8"
"03352";"Cuxhaven";"Landkreis";"26,8";"3,40";"-10,6";"494,0";"23,6";"23,8";"132,9";"45,8";"130,0";"2,1";"43,4"
"03353";"Harburg";"Landkreis";"19,9";"2,96";"-9,4";"377,2";"27,0";"24,7";"85,1";"44,3";"102,3";"1,3";"41,7"
"03354";"Lüchow-Dannenberg";"Landkreis";"29,0";"2,42";"7,3";"633,6";"25,8";"26,7";"166,9";"63,3";"182,0";"2,6";"51,7"
"03355";"Lüneburg";"Landkreis";"22,4";"4,86";"0,5";"411,4";"26,6";"29,0";"110,0";"46,4";"131,0";"1,6";"50,3"
"03356";"Osterholz";"Landkreis";"23,0";"1,91";"-0,5";"431,9";"22,0";"27,1";"111,5";"40,2";"128,7";"1,7";"48,6"
"03357";"Rotenburg (Wümme)";"Landkreis";"22,0";"6,37";"1,3";"461,4";"21,2";"22,7";"107,9";"34,6";"122,2";"1,9";"58,1"
"03358";"Heidekreis";"Landkreis";"22,3";"3,31";"-8,2";"478,0";"23,3";"25,1";"107,0";"42,8";"132,1";"1,7";"51,8"
"03359";"Stade";"Landkreis";"27,7";"4,61";"8,4";"427,8";"21,1";"24,9";"111,4";"28,6";"114,9";"1,6";"55,0"
"03360";"Uelzen";"Landkreis";"31,3";"8,87";"8,7";"562,8";"26,3";"31,8";"146,2";"63,2";"192,0";"2,0";"48,5"
"03361";"Verden";"Landkreis";"22,7";"1,93";"-3,0";"430,8";"19,2";"27,1";"117,1";"28,1";"135,0";"1,8";"44,7"
"03401";"Delmenhorst, Stadt";"krsfr. Stadt";"29,7";"4,63";"-27,7";"472,3";"18,4";"14,3";"71,5";"37,8";"80,0";"2,0";"74,8"
"03402";"Emden, Stadt";"krsfr. Stadt";"23,7";"6,93";"0,0";"491,4";"25,6";"19,4";"101,4";"37,9";"107,1";"2,2";"73,1"
"03403";"Oldenburg (Oldenburg), Stadt";"krsfr. Stadt";"29,9";"10,28";"2,7";"396,4";"28,3";"23,3";"85,5";"85,3";"106,1";"1,5";"116,1"
"03404";"Osnabrück, Stadt";"krsfr. Stadt";"39,5";"12,88";"9,8";"353,3";"28,5";"22,7";"93,5";"57,2";"84,3";"1,4";"99,8"
"03405";"Wilhelmshaven, Stadt";"krsfr. Stadt";"32,8";"8,19";"-4,9";"567,5";"23,8";"24,4";"122,8";"57,5";"154,5";"2,5";"107,4"
"03451";"Ammerland";"Landkreis";"26,7";"6,80";"7,6";"426,3";"22,4";"21,9";"87,7";"49,4";"108,5";"1,4";"51,1"
"03452";"Aurich";"Landkreis";"29,0";"3,69";"0,6";"572,2";"25,5";"13,9";"93,8";"70,8";"95,6";"2,0";"45,8"
"03453";"Cloppenburg";"Landkreis";"25,0";"2,87";"-10,8";"480,4";"20,8";"17,9";"116,2";"33,5";"102,2";"1,6";"44,7"
"03454";"Emsland";"Landkreis";"26,6";"5,47";"9,0";"503,8";"29,7";"14,2";"86,1";"55,3";"79,3";"1,7";"52,2"
"03455";"Friesland";"Landkreis";"30,5";"5,05";"10,2";"514,5";"25,5";"21,4";"118,4";"55,0";"124,5";"1,7";"56,8"
"03456";"Grafschaft Bentheim";"Landkreis";"24,3";"4,41";"1,9";"486,2";"33,3";"19,4";"128,4";"80,1";"101,2";"1,6";"47,1"
"03457";"Leer";"Landkreis";"24,3";"4,19";"1,7";"527,4";"24,0";"16,7";"102,6";"55,4";"99,3";"1,8";"62,7"
"03458";"Oldenburg";"Landkreis";"22,3";"1,77";"-11,2";"441,4";"19,2";"27,6";"132,1";"42,2";"131,8";"1,6";"40,8"
"03459";"Osnabrück";"Landkreis";"27,5";"4,53";"-3,4";"437,3";"27,0";"22,6";"120,9";"46,2";"104,4";"1,5";"47,2"
"03460";"Vechta";"Landkreis";"26,3";"6,36";"-4,0";"387,0";"23,7";"20,8";"99,0";"37,6";"90,1";"1,3";"59,1"
"03461";"Wesermarsch";"Landkreis";"25,8";"2,21";"-11,7";"510,7";"24,6";"26,4";"130,9";"58,9";"154,1";"1,9";"42,7"
"03462";"Wittmund";"Landkreis";"33,5";"2,88";"4,5";"606,4";"28,6";"16,4";"111,1";"53,6";"115,6";"1,9";"33,5"
"04011";"Bremen, Stadt";"krsfr. Stadt";"26,2";"7,30";"2,4";"409,6";"27,7";"21,4";"106,2";"68,7";"100,2";"1,7";"87,1"
"04012";"Bremerhaven, Stadt";"krsfr. Stadt";"25,7";"9,34";"-4,6";"507,3";"30,7";"12,3";"64,0";"68,7";"75,6";"2,3";"91,1"
"05111";"Düsseldorf, Stadt";"krsfr. Stadt";"30,3";"8,32";"-1,7";"373,4";"25,3";"20,4";"69,9";"47,8";"82,2";"1,5";"84,2"
"05112";"Duisburg, Stadt";"krsfr. Stadt";"23,3";"9,26";"2,8";"504,4";"18,7";"20,4";"95,7";"40,5";"107,6";"2,1";"60,2"
"05113";"Essen, Stadt";"krsfr. Stadt";"24,2";"9,67";"0,7";"410,6";"22,7";"27,7";"114,6";"49,1";"122,5";"2,0";"68,1"
"05114";"Krefeld, Stadt";"krsfr. Stadt";"29,1";"9,22";"8,8";"496,3";"19,8";"19,0";"117,4";"37,4";"99,6";"1,9";"88,2"
"05116";"Mönchengladbach, Stadt";"krsfr. Stadt";"26,3";"8,18";"-1,9";"482,8";"18,5";"18,7";"102,8";"42,9";"93,4";"2,0";"83,5"
"05117";"Mülheim an der Ruhr, Stadt";"krsfr. Stadt";"26,3";"5,28";"-0,9";"417,8";"26,0";"23,8";"99,1";"63,1";"105,9";"1,8";"64,2"
"05119";"Oberhausen, Stadt";"krsfr. Stadt";"23,2";"6,97";"-2,8";"493,5";"27,2";"17,9";"87,8";"56,2";"102,4";"2,0";"65,3"
"05120";"Remscheid, Stadt";"krsfr. Stadt";"24,4";"9,22";"9,8";"473,2";"24,6";"18,7";"89,9";"60,6";"91,4";"1,9";"81,4"
"05122";"Solingen, Stadt";"krsfr. Stadt";"24,6";"6,61";"-9,5";"487,4";"22,4";"23,0";"118,6";"38,7";"123,9";"1,8";"75,6"
"05124";"Wuppertal, Stadt";"krsfr. Stadt";"22,6";"5,73";"-4,2";"405,0";"24,7";"24,3";"107,8";"53,2";"106,8";"1,9";"76,9"
"05154";"Kleve";"Landkreis";"22,5";"5,78";"0,0";"509,6";"25,4";"18,8";"109,1";"55,4";"105,5";"1,9";"42,4"
"05158";"Mettmann";"Landkreis";"25,3";"4,65";"-11,5";"421,4";"22,4";"22,8";"97,8";"36,9";"104,9";"1,5";"61,6"
"05162";"Rhein-Kreis Neuss";"Landkreis";"24,7";"4,58";"0,1";"427,4";"16,7";"19,6";"78,1";"23,1";"88,2";"1,5";"57,4"
"05166";"Viersen";"Landkreis";"25,4";"4,81";"-13,7";"496,5";"19,8";"15,8";"90,6";"34,6";"82,8";"1,6";"53,6"
"05170";"Wesel";"Landkreis";"23,7";"5,44";"-3,7";"546,2";"22,7";"17,3";"103,8";"41,0";"100,0";"1,8";"58,4"
"05314";"Bonn, Stadt";"krsfr. Stadt";"32,0";"12,78";"-0,4";"351,0";"25,3";"24,8";"92,0";"39,0";"93,8";"1,5";"105,7"
"05315";"Köln, Stadt";"krsfr. Stadt";"23,4";"6,65";"-2,4";"338,4";"21,8";"20,2";"71,4";"36,3";"72,8";"1,4";"82,6"
"05316";"Leverkusen, Stadt";"krsfr. Stadt";"26,9";"6,63";"-1,3";"413,8";"19,6";"18,9";"77,3";"30,6";"83,8";"1,5";"82,5"
"05334";"Städteregion Aachen";"Landkreis";"28,2";"7,31";"5,6";"478,0";"20,8";"20,0";"107,7";"42,4";"103,2";"1,5";"73,3"
"05358";"Düren";"Landkreis";"19,8";"6,83";"-4,7";"514,4";"17,6";"19,7";"116,0";"34,0";"109,6";"1,8";"53,6"
"05362";"Rhein-Erft-Kreis";"Landkreis";"24,4";"3,08";"-2,6";"393,5";"21,7";"19,1";"78,4";"35,0";"81,7";"1,6";"56,3"
"05366";"Euskirchen";"Landkreis";"28,6";"5,55";"-3,0";"565,2";"22,7";"21,6";"127,8";"50,7";"129,3";"1,8";"47,9"
"05370";"Heinsberg";"Landkreis";"23,3";"4,06";"2,7";"524,6";"21,7";"17,9";"128,4";"55,9";"102,4";"1,8";"51,0"
"05374";"Oberbergischer Kreis";"Landkreis";"23,4";"5,55";"-6,5";"515,3";"24,1";"22,8";"135,8";"56,2";"126,8";"1,7";"47,6"
"05378";"Rheinisch-Bergischer Kreis";"Landkreis";"25,1";"4,16";"0,6";"443,5";"24,8";"20,3";"97,4";"46,7";"94,1";"1,5";"57,2"
"05382";"Rhein-Sieg-Kreis";"Landkreis";"24,7";"2,43";"-5,3";"404,9";"19,6";"21,0";"84,8";"34,0";"93,3";"1,4";"52,9"
"05512";"Bottrop, Stadt";"krsfr. Stadt";"22,2";"6,00";"0,0";"471,6";"22,3";"24,0";"126,6";"42,1";"120,6";"1,9";"59,6"
"05513";"Gelsenkirchen, Stadt";"krsfr. Stadt";"26,9";"6,76";"1,5";"456,7";"21,5";"20,8";"98,4";"44,9";"106,9";"2,5";"61,1"
"05515";"Münster, Stadt";"krsfr. Stadt";"30,0";"11,99";"0,2";"270,3";"28,3";"29,8";"94,6";"49,6";"86,7";"1,3";"103,6"
"05554";"Borken";"Landkreis";"23,8";"5,08";"-2,1";"377,9";"29,6";"20,2";"106,5";"48,1";"82,4";"1,4";"54,6"
"05558";"Coesfeld";"Landkreis";"22,8";"3,91";"2,1";"363,0";"25,8";"27,3";"121,4";"40,0";"108,1";"1,5";"52,9"
"05562";"Recklinghausen";"Landkreis";"27,4";"7,98";"-1,1";"505,2";"24,1";"21,0";"114,1";"60,4";"114,2";"1,9";"62,3"
"05566";"Steinfurt";"Landkreis";"26,2";"4,71";"-10,4";"393,5";"27,9";"20,9";"101,5";"48,9";"88,7";"1,5";"49,9"
"05570";"Warendorf";"Landkreis";"25,9";"4,84";"-12,7";"368,1";"26,6";"23,3";"102,8";"45,1";"90,9";"1,6";"50,1"
"05711";"Bielefeld, Stadt";"krsfr. Stadt";"23,8";"11,92";"0,2";"416,1";"30,9";"19,1";"88,2";"87,1";"88,1";"1,5";"79,4"
"05754";"Gütersloh";"Landkreis";"22,6";"3,93";"16,9";"366,1";"31,4";"17,3";"79,2";"59,9";"73,9";"1,5";"44,3"
"05758";"Herford";"Landkreis";"24,6";"4,35";"0,0";"405,0";"25,3";"22,2";"100,1";"55,9";"100,7";"1,6";"54,9"
"05762";"Höxter";"Landkreis";"30,4";"7,51";"8,9";"497,2";"28,6";"19,7";"116,7";"52,8";"108,1";"1,6";"45,2"
"05766";"Lippe";"Landkreis";"26,9";"4,66";"1,9";"386,7";"25,1";"26,5";"105,6";"42,5";"119,0";"1,7";"44,7"
"05770";"Minden-Lübbecke";"Landkreis";"26,7";"7,56";"2,7";"443,1";"25,7";"23,1";"109,9";"51,2";"119,5";"1,8";"53,0"
"05774";"Paderborn";"Landkreis";"24,2";"5,79";"0,0";"352,4";"24,3";"22,8";"97,7";"36,9";"86,9";"1,5";"51,7"
"05911";"Bochum, Stadt";"krsfr. Stadt";"28,5";"9,66";"6,7";"421,8";"24,0";"21,6";"88,5";"60,3";"99,3";"1,9";"71,1"
"05913";"Dortmund, Stadt";"krsfr. Stadt";"24,0";"6,68";"-15,9";"391,4";"26,5";"22,9";"84,7";"60,2";"96,6";"2,0";"59,3"
"05914";"Hagen, Stadt";"krsfr. Stadt";"24,5";"8,98";"-5,2";"513,1";"23,2";"20,4";"100,3";"54,9";"114,4";"2,2";"66,6"
"05915";"Hamm, Stadt";"krsfr. Stadt";"25,7";"9,93";"2,3";"375,9";"23,3";"26,6";"111,6";"49,5";"111,4";"1,9";"63,6"
"05916";"Herne, Stadt";"krsfr. Stadt";"23,0";"10,30";"0,0";"512,4";"21,9";"20,6";"101,1";"41,8";"117,2";"2,4";"65,8"
"05954";"Ennepe-Ruhr-Kreis";"Landkreis";"25,9";"5,84";"-12,3";"436,2";"26,3";"24,4";"106,4";"49,7";"118,1";"1,9";"64,1"
"05958";"Hochsauerlandkreis";"Landkreis";"29,8";"8,00";"1,5";"423,0";"28,5";"22,2";"109,3";"49,2";"105,4";"1,7";"42,4"
"05962";"Märkischer Kreis";"Landkreis";"27,1";"6,92";"-4,5";"441,0";"22,7";"22,8";"103,4";"38,3";"110,4";"1,9";"51,0"
"05966";"Olpe";"Landkreis";"28,2";"6,25";"1,4";"440,0";"18,9";"19,5";"106,9";"43,6";"92,4";"1,5";"43,8"
"05970";"Siegen-Wittgenstein";"Landkreis";"28,1";"7,61";"-2,1";"447,2";"28,1";"16,0";"84,4";"47,0";"77,4";"1,7";"61,2"
"05974";"Soest";"Landkreis";"25,2";"6,81";"0,8";"400,5";"24,5";"28,0";"112,0";"43,6";"131,3";"1,7";"52,4"
"05978";"Unna";"Landkreis";"26,9";"6,76";"28,4";"473,9";"27,2";"20,6";"100,1";"71,9";"105,6";"1,8";"53,8"
"06411";"Darmstadt, Stadt";"krsfr. Stadt";"29,7";"9,62";"0,1";"291,9";"28,2";"22,6";"69,6";"58,1";"72,9";"1,3";"96,7"
"06412";"Frankfurt am Main, Stadt";"krsfr. Stadt";"26,0";"8,00";"-5,9";"330,6";"26,6";"17,3";"56,6";"61,7";"66,2";"1,4";"77,4"
"06413";"Offenbach am Main, Stadt";"krsfr. Stadt";"29,2";"9,12";"0,9";"352,5";"26,4";"19,4";"58,1";"45,4";"73,8";"1,5";"75,8"
"06414";"Wiesbaden, Stadt";"krsfr. Stadt";"33,4";"7,45";"-2,6";"355,9";"28,1";"21,9";"66,7";"42,8";"86,8";"1,5";"100,5"
"06431";"Bergstraße";"Landkreis";"27,2";"3,56";"-11,0";"428,0";"24,9";"21,9";"84,7";"57,0";"109,0";"1,5";"49,1"
"06432";"Darmstadt-Dieburg";"Landkreis";"23,3";"1,45";"-5,1";"324,9";"20,3";"20,3";"63,1";"31,6";"73,4";"1,5";"39,9"
"06433";"Groß-Gerau";"Landkreis";"27,6";"3,92";"2,6";"370,2";"19,7";"17,0";"64,0";"30,4";"72,0";"1,4";"45,0"
"06434";"Hochtaunuskreis";"Landkreis";"28,4";"5,10";"7,2";"365,9";"17,2";"27,2";"80,4";"22,5";"113,1";"1,2";"61,4"
"06435";"Main-Kinzig-Kreis";"Landkreis";"26,1";"4,07";"3,2";"400,9";"19,5";"19,3";"76,1";"32,9";"84,3";"1,4";"41,1"
"06436";"Main-Taunus-Kreis";"Landkreis";"23,6";"2,91";"1,9";"353,2";"26,6";"17,3";"54,2";"39,6";"69,1";"1,2";"55,3"
"06437";"Odenwaldkreis";"Landkreis";"24,8";"4,54";"20,0";"479,4";"21,7";"26,2";"117,6";"58,3";"138,3";"1,6";"39,3"
"06438";"Offenbach";"Landkreis";"25,3";"2,00";"9,9";"317,8";"19,3";"20,7";"60,8";"23,8";"71,6";"1,4";"44,1"
"06439";"Rheingau-Taunus-Kreis";"Landkreis";"25,7";"4,11";"-3,8";"390,9";"24,6";"21,1";"74,4";"32,9";"89,5";"1,3";"43,9"
"06440";"Wetteraukreis";"Landkreis";"21,0";"4,43";"6,2";"458,4";"20,1";"22,8";"88,2";"32,2";"118,8";"1,7";"44,9"
"06531";"Gießen";"Landkreis";"27,0";"8,79";"5,1";"417,6";"19,9";"20,2";"75,0";"38,0";"97,3";"1,6";"57,3"
"06532";"Lahn-Dill-Kreis";"Landkreis";"25,6";"7,04";"3,2";"520,3";"21,3";"19,4";"109,9";"45,0";"115,4";"1,9";"49,6"
"06533";"Limburg-Weilburg";"Landkreis";"30,8";"5,80";"1,8";"450,4";"20,6";"19,7";"87,9";"42,0";"100,0";"1,8";"48,8"
"06534";"Marburg-Biedenkopf";"Landkreis";"32,1";"6,21";"-3,7";"497,5";"25,2";"17,0";"90,0";"69,2";"93,0";"1,4";"52,4"
"06535";"Vogelsbergkreis";"Landkreis";"24,4";"6,34";"-11,6";"600,7";"21,7";"18,9";"107,3";"48,9";"135,6";"2,0";"49,8"
"06611";"Kassel, Stadt";"krsfr. Stadt";"32,4";"13,23";"5,1";"476,8";"35,1";"17,7";"78,9";"96,9";"94,3";"1,7";"103,6"
"06631";"Fulda";"Landkreis";"26,6";"6,64";"2,0";"498,8";"19,6";"21,3";"121,5";"43,2";"122,1";"1,4";"58,6"
"06632";"Hersfeld-Rotenburg";"Landkreis";"26,4";"8,25";"4,9";"588,3";"20,8";"19,3";"112,9";"42,5";"124,9";"1,7";"57,8"
"06633";"Kassel";"Landkreis";"25,4";"4,02";"-12,4";"516,7";"22,3";"24,1";"122,9";"51,5";"138,4";"1,5";"39,3"
"06634";"Schwalm-Eder-Kreis";"Landkreis";"27,7";"3,55";"0,5";"529,5";"25,6";"20,9";"114,0";"49,9";"132,0";"1,8";"47,0"
"06635";"Waldeck-Frankenberg";"Landkreis";"26,7";"10,75";"2,6";"555,5";"23,3";"24,2";"139,4";"57,5";"148,2";"1,8";"57,9"
"06636";"Werra-Meißner-Kreis";"Landkreis";"26,7";"5,82";"-2,2";"689,6";"25,5";"22,0";"142,4";"69,4";"174,6";"1,9";"47,5"
"07111";"Koblenz, Stadt";"krsfr. Stadt";"33,4";"17,66";"13,1";"430,6";"23,9";"28,4";"119,2";"86,9";"145,6";"1,5";"126,5"
"07131";"Ahrweiler";"Landkreis";"26,4";"5,89";"-16,8";"484,4";"21,5";"21,3";"111,7";"46,2";"120,9";"1,9";"63,6"
"07132";"Altenkirchen (Westerwald)";"Landkreis";"24,8";"2,99";"0,0";"470,7";"21,2";"19,5";"90,2";"42,9";"103,9";"2,0";"48,9"
"07133";"Bad Kreuznach";"Landkreis";"26,7";"6,09";"0,0";"411,0";"24,3";"20,3";"79,6";"39,8";"100,5";"1,8";"52,0"
"07134";"Birkenfeld";"Landkreis";"29,7";"8,30";"0,0";"445,1";"15,9";"26,3";"108,9";"26,9";"135,3";"2,1";"43,4"
"07135";"Cochem-Zell";"Landkreis";"32,4";"7,19";"2,1";"602,6";"30,9";"19,9";"122,9";"69,7";"146,1";"1,6";"48,7"
"07137";"Mayen-Koblenz";"Landkreis";"22,5";"3,53";"-23,4";"449,3";"20,4";"18,5";"94,2";"36,9";"98,2";"1,8";"40,7"
"07138";"Neuwied";"Landkreis";"26,4";"8,88";"7,6";"468,7";"19,9";"22,2";"106,9";"34,3";"124,0";"1,7";"52,8"
"07140";"Rhein-Hunsrück-Kreis";"Landkreis";"22,3";"4,33";"-1,5";"465,9";"24,9";"20,4";"100,0";"34,3";"112,5";"1,6";"39,8"
"07141";"Rhein-Lahn-Kreis";"Landkreis";"25,3";"8,15";"-0,3";"424,2";"26,0";"19,6";"87,8";"27,2";"105,1";"1,7";"46,6"
"07143";"Westerwaldkreis";"Landkreis";"21,9";"2,66";"0,2";"402,8";"19,6";"22,8";"96,8";"47,4";"112,7";"1,6";"37,8"
"07211";"Trier, Stadt";"krsfr. Stadt";"38,2";"13,88";"-7,2";"274,3";"22,9";"28,9";"88,8";"36,3";"92,9";"1,6";"122,7"
"07231";"Bernkastel-Wittlich";"Landkreis";"24,1";"4,43";"-0,4";"409,1";"27,9";"23,0";"103,5";"39,7";"111,7";"1,8";"51,7"
"07232";"Eifelkreis Bitburg-Prüm";"Landkreis";"25,5";"6,12";"-7,0";"415,5";"25,5";"19,5";"85,0";"41,3";"97,6";"1,8";"36,7"
"07233";"Vulkaneifel";"Landkreis";"23,1";"3,82";"9,4";"501,6";"19,6";"21,6";"104,8";"40,0";"126,8";"1,5";"52,7"
"07235";"Trier-Saarburg";"Landkreis";"24,2";"2,50";"0,0";"338,4";"20,7";"27,0";"89,8";"22,2";"104,8";"1,6";"37,7"
"07311";"Frankenthal (Pfalz), Stadt";"krsfr. Stadt";"35,1";"6,50";"0,0";"367,6";"14,7";"28,8";"79,1";"40,1";"124,7";"1,7";"78,5"
"07312";"Kaiserslautern, Stadt";"krsfr. Stadt";"38,1";"11,56";"-2,4";"344,8";"21,6";"29,0";"91,3";"35,0";"116,5";"1,8";"102,3"
"07313";"Landau in der Pfalz, Stadt";"krsfr. Stadt";"41,0";"18,35";"5,2";"456,2";"39,9";"19,8";"77,6";"75,4";"100,4";"1,4";"133,9"
"07314";"Ludwigshafen am Rhein, Stadt";"krsfr. Stadt";"32,0";"12,22";"4,0";"349,3";"20,6";"22,3";"59,8";"41,1";"88,8";"1,8";"105,0"
"07315";"Mainz, Stadt";"krsfr. Stadt";"32,5";"10,68";"2,0";"268,7";"22,4";"26,1";"66,7";"39,8";"81,4";"1,3";"84,1"
"07316";"Neustadt an der Weinstraße, Stadt";"krsfr. Stadt";"33,7";"6,84";"-9,9";"384,4";"23,3";"21,8";"77,2";"53,6";"96,7";"1,7";"93,7"
"07317";"Pirmasens, Stadt";"krsfr. Stadt";"51,7";"10,64";"4,1";"600,8";"30,3";"23,9";"139,3";"87,1";"165,9";"2,4";"98,4"
"07318";"Speyer, Stadt";"krsfr. Stadt";"33,4";"12,88";"3,2";"411,3";"16,1";"36,5";"153,0";"44,6";"172,8";"1,6";"131,6"
"07319";"Worms, Stadt";"krsfr. Stadt";"36,1";"8,43";"0,0";"349,9";"19,2";"27,3";"95,1";"33,5";"129,4";"1,9";"72,2"
"07320";"Zweibrücken, Stadt";"krsfr. Stadt";"32,1";"6,36";"-20,9";"469,2";"25,1";"18,7";"77,6";"34,4";"93,4";"1,8";"93,4"
"07331";"Alzey-Worms";"Landkreis";"24,1";"4,83";"-1,9";"315,6";"19,7";"20,9";"61,6";"25,7";"78,5";"1,8";"38,9"
"07332";"Bad Dürkheim";"Landkreis";"25,6";"3,93";"1,6";"354,1";"15,0";"27,6";"77,4";"23,8";"123,0";"1,6";"36,9"
"07333";"Donnersbergkreis";"Landkreis";"21,3";"2,70";"14,0";"419,3";"22,8";"25,2";"99,7";"30,0";"130,6";"1,8";"42,6"
"07334";"Germersheim";"Landkreis";"24,9";"2,50";"0,3";"349,0";"17,5";"17,8";"63,0";"26,8";"71,1";"1,5";"35,8"
"07335";"Kaiserslautern";"Landkreis";"26,5";"5,03";"-4,3";"401,2";"27,8";"17,5";"66,8";"40,4";"80,4";"1,6";"52,1"
"07336";"Kusel";"Landkreis";"26,8";"0,00";"0,0";"476,5";"25,3";"18,8";"77,7";"33,6";"104,6";"2,0";"49,5"
"07337";"Südliche Weinstraße";"Landkreis";"28,0";"6,35";"1,1";"355,4";"18,6";"15,9";"52,4";"22,2";"68,2";"1,5";"28,9"
"07338";"Rhein-Pfalz-Kreis";"Landkreis";"27,3";"0,00";"0,0";"377,7";"30,9";"17,3";"67,0";"31,2";"81,5";"1,3";"31,2"
"07339";"Mainz-Bingen";"Landkreis";"24,8";"1,64";"-3,1";"283,0";"17,6";"24,0";"65,0";"20,7";"85,8";"1,4";"42,4"
"07340";"Südwestpfalz";"Landkreis";"29,3";"2,38";"-8,1";"466,3";"21,8";"15,8";"64,9";"33,0";"82,4";"1,6";"8,4"
"08111";"Stuttgart, Stadt";"krsfr. Stadt";"25,0";"7,91";"-2,4";"274,0";"16,6";"27,9";"77,9";"25,6";"82,0";"1,2";"98,6"
"08115";"Böblingen";"Landkreis";"23,1";"2,85";"0,0";"318,9";"16,7";"21,9";"78,2";"22,9";"74,5";"1,2";"54,2"
"08116";"Esslingen";"Landkreis";"23,7";"3,56";"-4,7";"338,5";"20,2";"22,4";"78,1";"31,8";"85,3";"1,2";"56,5"
"08117";"Göppingen";"Landkreis";"28,9";"4,87";"-7,3";"396,5";"23,3";"21,7";"92,2";"37,9";"91,7";"1,4";"49,2"
"08118";"Ludwigsburg";"Landkreis";"20,6";"3,20";"-1,0";"323,9";"21,2";"22,8";"83,8";"29,2";"92,1";"1,2";"59,0"
"08119";"Rems-Murr-Kreis";"Landkreis";"23,1";"3,15";"0,7";"369,9";"19,2";"23,3";"91,4";"34,0";"93,0";"1,4";"51,1"
"08121";"Heilbronn, Stadt";"krsfr. Stadt";"32,0";"8,70";"-2,5";"430,4";"21,0";"26,0";"103,0";"39,5";"132,0";"1,4";"107,9"
"08125";"Heilbronn";"Landkreis";"21,4";"3,59";"-5,4";"346,3";"19,5";"23,5";"81,4";"31,6";"93,9";"1,4";"41,7"
"08126";"Hohenlohekreis";"Landkreis";"20,6";"2,56";"0,0";"394,0";"15,2";"26,5";"104,8";"36,4";"113,5";"1,5";"40,4"
"08127";"Schwäbisch Hall";"Landkreis";"19,6";"3,81";"6,8";"396,4";"23,7";"22,7";"91,8";"39,0";"98,5";"1,5";"47,4"
"08128";"Main-Tauber-Kreis";"Landkreis";"25,7";"8,21";"-5,7";"479,3";"20,1";"23,7";"125,1";"41,5";"126,8";"1,4";"63,5"
"08135";"Heidenheim";"Landkreis";"24,2";"4,08";"0,0";"390,7";"17,9";"23,8";"98,4";"27,2";"100,1";"1,4";"48,5"
"08136";"Ostalbkreis";"Landkreis";"23,7";"3,39";"3,3";"346,7";"16,3";"25,3";"95,5";"27,6";"95,2";"1,4";"52,5"
"08211";"Baden-Baden, Stadt";"krsfr. Stadt";"42,0";"13,90";"-3,5";"434,4";"18,8";"31,2";"149,9";"34,0";"149,5";"1,8";"111,5"
"08212";"Karlsruhe, Stadt";"krsfr. Stadt";"28,2";"8,87";"-4,4";"319,6";"16,7";"29,1";"95,3";"25,7";"98,1";"1,3";"92,0"
"08215";"Karlsruhe";"Landkreis";"26,9";"2,03";"-16,6";"395,3";"18,8";"22,3";"91,6";"34,3";"98,6";"1,4";"47,4"
"08216";"Rastatt";"Landkreis";"28,2";"2,59";"6,1";"395,2";"16,9";"18,8";"72,0";"26,2";"81,1";"1,5";"49,1"
"08221";"Heidelberg, Stadt";"krsfr. Stadt";"31,8";"18,85";"0,4";"273,8";"21,6";"25,7";"74,7";"44,7";"77,1";"1,1";"109,0"
"08222";"Mannheim, Stadt";"krsfr. Stadt";"32,1";"7,82";"-7,6";"397,5";"18,5";"23,0";"87,4";"31,4";"100,9";"1,7";"77,9"
"08225";"Neckar-Odenwald-Kreis";"Landkreis";"25,8";"3,50";"-3,5";"536,6";"22,2";"20,9";"115,0";"48,7";"124,6";"1,8";"42,5"
"08226";"Rhein-Neckar-Kreis";"Landkreis";"28,3";"2,76";"1,4";"399,5";"19,1";"20,7";"89,2";"32,9";"92,9";"1,4";"51,2"
"08231";"Pforzheim, Stadt";"Landkreis";"31,4";"9,59";"2,2";"514,5";"15,8";"23,6";"133,6";"28,6";"138,5";"1,5";"96,5"
"08235";"Calw";"Landkreis";"24,1";"7,94";"3,9";"418,9";"17,0";"24,3";"106,7";"36,7";"110,8";"1,5";"43,8"
"08236";"Enzkreis";"Landkreis";"23,7";"1,63";"-8,3";"442,4";"25,4";"18,8";"106,5";"48,6";"88,2";"1,1";"39,3"
"08237";"Freudenstadt";"Landkreis";"26,4";"4,10";"0,0";"401,7";"16,3";"28,4";"117,6";"28,6";"119,9";"1,3";"43,4"
"08311";"Freiburg im Breisgau, Stadt";"krsfr. Stadt";"31,4";"9,83";"-6,4";"277,7";"18,6";"28,7";"88,3";"26,6";"86,1";"1,2";"104,5"
"08315";"Breisgau-Hochschwarzwald";"Landkreis";"27,1";"5,11";"18,2";"323,6";"20,0";"23,2";"78,5";"29,6";"80,4";"1,3";"52,6"
"08316";"Emmendingen";"Landkreis";"27,3";"6,17";"3,0";"358,4";"19,9";"22,0";"87,4";"35,9";"83,8";"1,3";"56,5"
"08317";"Ortenaukreis";"Landkreis";"25,6";"5,38";"2,6";"400,6";"20,4";"23,6";"115,1";"34,5";"105,2";"1,4";"53,8"
"08325";"Rottweil";"Landkreis";"24,5";"6,00";"1,8";"391,0";"16,4";"22,4";"98,4";"24,1";"93,0";"1,5";"45,4"
"08326";"Schwarzwald-Baar-Kreis";"Landkreis";"26,0";"6,15";"3,7";"407,4";"20,5";"25,4";"103,3";"38,7";"110,1";"1,5";"54,4"
"08327";"Tuttlingen";"Landkreis";"21,5";"2,61";"-1,1";"349,9";"13,9";"21,1";"86,9";"20,2";"79,1";"1,4";"48,8"
"08335";"Konstanz";"Landkreis";"24,6";"5,85";"2,9";"343,6";"19,6";"24,7";"88,2";"33,0";"89,1";"1,3";"65,1"
"08336";"Lörrach";"Landkreis";"25,4";"3,63";"0,0";"331,3";"18,6";"25,6";"97,3";"25,7";"92,0";"1,4";"51,2"
"08337";"Waldshut";"Landkreis";"26,4";"4,18";"3,1";"324,7";"12,8";"28,2";"89,0";"27,8";"100,2";"1,5";"44,1"
"08415";"Reutlingen";"Landkreis";"24,5";"4,32";"3,5";"357,4";"16,4";"21,1";"86,9";"27,1";"78,4";"1,5";"59,5"
"08416";"Tübingen";"Landkreis";"23,5";"8,53";"1,1";"293,2";"15,4";"21,5";"69,9";"28,9";"65,7";"1,1";"57,6"
"08417";"Zollernalbkreis";"Landkreis";"25,0";"2,92";"-5,2";"420,2";"17,8";"18,5";"93,0";"39,9";"93,7";"1,3";"45,7"
"08421";"Ulm, Stadt";"krsfr. Stadt";"28,7";"12,28";"1,9";"351,0";"17,6";"25,5";"93,9";"31,1";"103,7";"1,2";"94,0"
"08425";"Alb-Donau-Kreis";"Landkreis";"23,6";"2,16";"0,0";"342,2";"19,1";"20,6";"79,2";"23,3";"78,3";"1,4";"46,8"
"08426";"Biberach";"Landkreis";"19,7";"4,07";"-13,7";"334,4";"14,1";"22,1";"86,4";"24,1";"78,5";"1,4";"44,9"
"08435";"Bodenseekreis";"Landkreis";"28,4";"3,48";"0,0";"330,2";"21,4";"22,4";"82,1";"33,4";"81,1";"1,2";"72,7"
"08436";"Ravensburg";"Landkreis";"24,4";"6,13";"-2,8";"353,9";"22,1";"21,0";"82,9";"29,3";"80,7";"1,3";"61,4"
"08437";"Sigmaringen";"Landkreis";"25,3";"5,03";"-3,5";"386,0";"16,7";"18,9";"85,5";"41,2";"78,4";"1,5";"42,2"
"09161";"Ingolstadt, Stadt";"krsfr. Stadt";"22,9";"9,61";"1,7";"237,9";"21,9";"28,2";"73,1";"25,7";"86,5";"1,3";"79,9"
"09162";"München, Stadt";"krsfr. Stadt";"28,1";"7,67";"-1,7";"213,1";"32,4";"22,1";"40,7";"46,7";"51,4";"1,2";"93,1"
"09163";"Rosenheim, Stadt";"krsfr. Stadt";"33,3";"9,92";"0,0";"250,5";"25,9";"26,1";"48,7";"38,7";"74,2";"1,3";"142,7"
"09171";"Altötting";"Landkreis";"30,8";"5,32";"1,7";"338,6";"19,4";"33,5";"115,8";"46,9";"128,5";"1,7";"48,9"
"09172";"Berchtesgadener Land";"Landkreis";"31,4";"6,18";"13,9";"310,1";"25,0";"34,2";"97,1";"31,8";"125,5";"1,4";"63,8"
"09173";"Bad Tölz-Wolfratshausen";"Landkreis";"26,1";"5,02";"0,5";"288,9";"20,2";"25,6";"66,0";"24,5";"80,1";"1,2";"62,4"
"09174";"Dachau";"Landkreis";"20,3";"3,26";"2,5";"269,1";"22,1";"33,9";"75,5";"25,4";"104,3";"1,3";"40,6"
"09175";"Ebersberg";"Landkreis";"24,1";"2,36";"0,0";"212,9";"17,0";"34,4";"68,8";"21,7";"79,1";"1,1";"48,3"
"09176";"Eichstätt";"Landkreis";"20,5";"3,48";"3,6";"235,4";"20,7";"23,8";"58,6";"21,2";"62,1";"1,1";"34,2"
"09177";"Erding";"Landkreis";"20,5";"3,05";"-0,5";"212,0";"15,0";"33,5";"68,2";"13,3";"76,9";"1,4";"44,6"
"09178";"Freising";"Landkreis";"23,6";"2,01";"0,0";"186,4";"17,2";"30,3";"47,5";"20,8";"62,8";"1,3";"37,6"
"09179";"Fürstenfeldbruck";"Landkreis";"24,8";"1,75";"0,3";"250,8";"21,8";"29,6";"69,7";"28,2";"85,1";"1,1";"47,7"
"09180";"Garmisch-Partenkirchen";"Landkreis";"32,9";"15,42";"7,5";"339,1";"28,0";"26,3";"75,1";"34,3";"107,9";"1,6";"74,9"
"09181";"Landsberg am Lech";"Landkreis";"21,0";"3,98";"0,0";"254,2";"28,5";"19,7";"65,8";"38,0";"52,2";"1,4";"43,6"
"09182";"Miesbach";"Landkreis";"34,3";"4,63";"1,1";"254,5";"22,9";"32,0";"69,4";"24,5";"98,5";"1,0";"63,5"
"09183";"Mühldorf a.Inn";"Landkreis";"22,7";"3,02";"-5,8";"319,8";"17,2";"36,4";"124,6";"23,3";"136,3";"1,7";"49,8"
"09184";"München";"Landkreis";"21,9";"3,93";"8,4";"238,3";"20,6";"35,4";"77,3";"36,3";"96,7";"1,0";"53,4"
"09185";"Neuburg-Schrobenhausen";"Landkreis";"22,9";"4,68";"0,0";"248,5";"16,5";"31,2";"66,6";"28,2";"88,9";"1,1";"53,0"
"09186";"Pfaffenhofen a.d.Ilm";"Landkreis";"22,2";"2,61";"-2,7";"241,9";"17,1";"30,9";"60,5";"15,9";"84,6";"1,4";"39,6"
"09187";"Rosenheim";"Landkreis";"22,4";"10,93";"6,0";"290,3";"21,6";"41,1";"118,6";"37,3";"141,0";"1,4";"42,0"
"09188";"Starnberg";"Landkreis";"30,2";"9,45";"-1,3";"275,0";"27,4";"25,2";"65,4";"37,7";"85,3";"0,9";"67,1"
"09189";"Traunstein";"Landkreis";"26,7";"4,88";"2,6";"299,4";"23,2";"31,2";"84,6";"41,6";"112,8";"1,3";"62,4"
"09190";"Weilheim-Schongau";"Landkreis";"23,1";"3,21";"-13,0";"312,2";"28,9";"23,3";"75,6";"38,2";"81,6";"1,2";"56,6"
"09261";"Landshut, Stadt";"krsfr. Stadt";"30,9";"18,06";"6,7";"324,6";"20,7";"43,3";"137,0";"33,3";"173,1";"1,6";"148,9"
"09262";"Passau, Stadt";"krsfr. Stadt";"38,6";"14,27";"-2,0";"607,9";"44,4";"26,3";"159,7";"97,7";"188,7";"1,6";"141,0"
"09263";"Straubing, Stadt";"krsfr. Stadt";"39,9";"9,55";"3,4";"457,1";"23,9";"31,3";"137,2";"37,8";"181,6";"1,8";"126,1"
"09271";"Deggendorf";"Landkreis";"26,1";"11,08";"16,8";"425,9";"19,8";"24,8";"107,0";"35,6";"132,9";"1,5";"55,6"
"09272";"Freyung-Grafenau";"Landkreis";"26,8";"5,18";"0,0";"547,2";"23,4";"16,3";"95,9";"47,9";"102,0";"1,7";"44,7"
"09273";"Kelheim";"Landkreis";"21,5";"3,18";"-7,3";"278,8";"19,5";"27,5";"66,8";"85,1";"92,4";"1,6";"38,0"
"09274";"Landshut";"Landkreis";"19,1";"1,19";"-7,5";"250,4";"15,0";"28,7";"68,5";"15,1";"81,3";"1,4";"19,1"
"09275";"Passau";"Landkreis";"27,8";"3,59";"17,1";"477,6";"26,1";"20,2";"101,7";"57,5";"117,0";"1,5";"37,8"
"09276";"Regen";"Landkreis";"28,4";"4,07";"0,0";"425,4";"20,0";"21,1";"105,3";"28,8";"104,0";"1,8";"50,3"
"09277";"Rottal-Inn";"Landkreis";"26,6";"5,33";"15,2";"412,0";"29,1";"24,0";"108,6";"73,4";"113,4";"1,5";"50,7"
"09278";"Straubing-Bogen";"Landkreis";"23,0";"3,92";"-7,4";"333,7";"22,8";"16,9";"67,1";"58,2";"66,3";"1,5";"27,0"
"09279";"Dingolfing-Landau";"Landkreis";"26,1";"1,32";"-50,0";"345,6";"28,2";"22,3";"81,8";"73,1";"85,4";"1,4";"53,2"
"09361";"Amberg, Stadt";"krsfr. Stadt";"37,9";"13,22";"0,0";"382,3";"21,4";"38,5";"144,4";"39,5";"163,8";"2,3";"146,8"
"09362";"Regensburg, Stadt";"krsfr. Stadt";"30,5";"18,78";"3,2";"314,9";"30,6";"32,7";"98,8";"64,9";"122,7";"1,5";"125,3"
"09363";"Weiden i.d.OPf., Stadt";"krsfr. Stadt";"47,0";"16,57";"-2,2";"505,6";"35,8";"29,4";"130,2";"87,9";"164,3";"1,7";"134,0"
"09371";"Amberg-Sulzbach";"Landkreis";"21,4";"1,97";"-3,3";"314,5";"18,5";"35,3";"105,4";"42,1";"124,7";"1,8";"25,3"
"09372";"Cham";"Landkreis";"25,1";"5,45";"-10,8";"431,1";"28,3";"23,2";"105,3";"65,0";"118,6";"1,7";"46,3"
"09373";"Neumarkt i.d.OPf.";"Landkreis";"22,6";"3,81";"-4,6";"321,9";"21,3";"30,3";"101,4";"26,5";"106,9";"1,4";"45,2"
"09374";"Neustadt a.d.Waldnaab";"Landkreis";"26,5";"1,97";"1,1";"404,9";"29,2";"26,5";"101,6";"79,6";"121,7";"1,8";"18,0"
"09375";"Regensburg";"Landkreis";"20,3";"1,26";"6,2";"271,4";"13,4";"32,6";"83,2";"19,0";"102,7";"1,4";"35,4"
"09376";"Schwandorf";"Landkreis";"26,6";"3,67";"-15,1";"366,3";"26,1";"29,5";"98,7";"49,6";"127,9";"1,6";"45,7"
"09377";"Tirschenreuth";"Landkreis";"23,4";"3,98";"-6,5";"415,4";"25,8";"33,1";"127,5";"56,2";"152,5";"1,9";"52,2"
"09461";"Bamberg, Stadt";"krsfr. Stadt";"40,2";"13,37";"-1,6";"302,5";"20,0";"36,8";"114,0";"47,2";"124,1";"1,7";"156,8"
"09462";"Bayreuth, Stadt";"krsfr. Stadt";"35,1";"18,61";"-0,9";"359,2";"20,5";"41,0";"134,2";"27,3";"164,3";"1,7";"128,4"
"09463";"Coburg, Stadt";"krsfr. Stadt";"36,4";"12,42";"0,0";"429,2";"27,5";"33,6";"130,2";"69,4";"159,6";"1,9";"121,3"
"09464";"Hof, Stadt";"krsfr. Stadt";"41,3";"10,07";"8,3";"530,6";"27,2";"31,1";"156,5";"43,5";"183,9";"2,2";"108,8"
"09471";"Bamberg";"Landkreis";"25,2";"2,12";"30,3";"312,2";"21,5";"27,9";"77,6";"24,4";"95,0";"1,6";"19,8"
"09472";"Bayreuth";"Landkreis";"28,9";"1,13";"-6,4";"371,4";"26,3";"28,4";"98,5";"46,4";"115,2";"1,4";"16,4"
"09473";"Coburg";"Landkreis";"25,3";"1,07";"0,0";"372,3";"21,5";"28,3";"88,0";"24,2";"121,9";"1,9";"12,7"
"09474";"Forchheim";"Landkreis";"27,7";"2,69";"0,0";"294,8";"23,8";"25,4";"76,1";"34,7";"84,7";"1,6";"40,6"
"09475";"Hof";"Landkreis";"29,2";"6,17";"9,6";"469,4";"19,2";"32,7";"131,1";"31,8";"165,7";"2,0";"35,5"
"09476";"Kronach";"Landkreis";"31,1";"4,17";"0,0";"509,2";"32,2";"20,2";"118,9";"60,9";"108,0";"1,9";"32,6"
"09477";"Kulmbach";"Landkreis";"34,7";"7,29";"6,1";"452,0";"29,9";"25,2";"124,6";"99,3";"129,8";"2,1";"54,2"
"09478";"Lichtenfels";"Landkreis";"28,5";"11,15";"-0,3";"423,0";"24,7";"30,2";"123,2";"40,7";"155,0";"2,0";"50,9"
"09479";"Wunsiedel i.Fichtelgebirge";"Landkreis";"31,3";"5,57";"-2,9";"495,7";"30,7";"27,1";"109,0";"54,0";"144,7";"2,2";"50,4"
"09561";"Ansbach, Stadt";"krsfr. Stadt";"38,4";"29,59";"41,4";"376,0";"24,0";"40,2";"123,6";"96,3";"172,9";"1,6";"112,8"
"09562";"Erlangen, Stadt";"krsfr. Stadt";"35,1";"19,81";"3,9";"265,0";"24,9";"35,7";"79,6";"49,3";"102,3";"1,5";"93,7"
"09563";"Fürth, Stadt";"krsfr. Stadt";"24,5";"6,87";"3,4";"260,2";"15,5";"37,3";"76,7";"18,4";"103,9";"1,7";"71,1"
"09564";"Nürnberg, Stadt";"krsfr. Stadt";"28,0";"6,90";"1,7";"287,5";"23,1";"34,9";"83,7";"48,3";"110,9";"1,7";"76,3"
"09565";"Schwabach, Stadt";"krsfr. Stadt";"34,3";"4,18";"0,0";"293,3";"17,1";"37,0";"100,8";"30,9";"116,2";"1,5";"63,8"
"09571";"Ansbach";"Landkreis";"26,2";"0,82";"-73,9";"326,5";"24,9";"25,7";"87,5";"37,9";"97,5";"1,5";"31,6"
"09572";"Erlangen-Höchstadt";"Landkreis";"22,9";"0,85";"21,1";"255,8";"17,2";"30,5";"60,3";"16,7";"89,8";"1,3";"43,6"
"09573";"Fürth";"Landkreis";"21,5";"0,00";"0,0";"332,1";"28,7";"30,8";"91,2";"51,6";"110,9";"1,4";"45,6"
"09574";"Nürnberger Land";"Landkreis";"24,7";"5,75";"-1,1";"302,9";"26,5";"30,0";"80,9";"40,1";"104,6";"1,6";"47,1"
"09575";"Neustadt a.d.Aisch-Bad Windsheim";"Landkreis";"28,1";"4,81";"6,7";"332,7";"20,0";"29,5";"98,0";"38,4";"108,2";"1,7";"39,1"
"09576";"Roth";"Landkreis";"21,4";"2,15";"0,0";"294,0";"24,4";"25,2";"81,4";"56,5";"82,1";"1,4";"35,7"
"09577";"Weißenburg-Gunzenhausen";"Landkreis";"25,5";"4,47";"0,0";"341,8";"27,1";"28,7";"91,2";"51,1";"106,6";"1,7";"40,3"
"09661";"Aschaffenburg, Stadt";"krsfr. Stadt";"27,2";"13,51";"17,5";"387,3";"29,2";"22,7";"89,2";"51,9";"100,2";"1,7";"125,8"
"09662";"Schweinfurt, Stadt";"krsfr. Stadt";"44,9";"17,45";"1,7";"458,5";"23,5";"34,0";"140,0";"51,5";"164,7";"1,9";"117,9"
"09663";"Würzburg, Stadt";"krsfr. Stadt";"35,5";"18,37";"-1,3";"377,2";"26,8";"34,7";"119,3";"38,2";"153,8";"1,3";"128,7"
"09671";"Aschaffenburg";"Landkreis";"23,0";"0,24";"-72,4";"342,7";"22,2";"19,4";"64,4";"28,3";"71,5";"1,3";"21,8"
"09672";"Bad Kissingen";"Landkreis";"26,1";"8,36";"-5,4";"451,7";"26,0";"29,2";"120,2";"58,2";"149,9";"1,7";"39,7"
"09673";"Rhön-Grabfeld";"Landkreis";"27,6";"13,84";"1,8";"430,2";"32,2";"25,3";"108,8";"54,8";"132,1";"1,4";"46,4"
"09674";"Haßberge";"Landkreis";"28,4";"2,84";"0,4";"365,2";"24,6";"19,1";"76,5";"47,4";"75,3";"1,9";"45,0"
"09675";"Kitzingen";"Landkreis";"28,8";"2,73";"0,0";"358,1";"24,4";"27,7";"93,8";"28,6";"112,5";"1,5";"44,2"
"09676";"Miltenberg";"Landkreis";"23,3";"2,27";"-2,7";"388,1";"21,7";"19,7";"94,2";"34,2";"89,9";"1,3";"38,9"
"09677";"Main-Spessart";"Landkreis";"23,7";"5,24";"0,5";"431,0";"26,5";"22,6";"91,8";"63,7";"113,2";"1,5";"37,9"
"09678";"Schweinfurt";"Landkreis";"21,7";"5,21";"-1,5";"306,6";"18,1";"29,0";"80,4";"20,0";"97,1";"1,4";"19,1"
"09679";"Würzburg";"Landkreis";"24,2";"0,87";"7,7";"296,0";"27,9";"18,3";"47,7";"32,1";"62,7";"1,1";"39,7"
"09761";"Augsburg, Stadt";"krsfr. Stadt";"28,0";"10,10";"-0,4";"331,2";"29,7";"28,5";"85,7";"60,2";"104,2";"1,4";"105,9"
"09762";"Kaufbeuren, Stadt";"krsfr. Stadt";"32,2";"14,47";"-2,0";"347,5";"24,3";"34,7";"121,0";"45,5";"125,6";"1,6";"96,6"
"09763";"Kempten (Allgäu), Stadt";"krsfr. Stadt";"27,8";"8,89";"3,8";"279,8";"21,7";"31,5";"88,5";"58,8";"101,4";"1,2";"106,8"
"09764";"Memmingen, Stadt";"krsfr. Stadt";"43,7";"12,57";"0,0";"342,1";"31,0";"26,9";"100,1";"83,7";"107,4";"1,6";"128,8"
"09771";"Aichach-Friedberg";"Landkreis";"19,6";"2,13";"-6,7";"241,3";"18,9";"25,0";"53,2";"16,4";"66,4";"1,4";"41,5"
"09772";"Augsburg";"Landkreis";"22,4";"1,20";"-21,9";"290,3";"24,1";"24,6";"74,2";"33,0";"80,8";"1,3";"40,8"
"09773";"Dillingen a.d.Donau";"Landkreis";"21,0";"3,35";"0,0";"314,6";"15,2";"31,1";"91,8";"21,2";"119,9";"1,4";"44,1"
"09774";"Günzburg";"Landkreis";"22,5";"8,47";"-0,3";"282,0";"18,9";"27,7";"79,1";"23,3";"87,5";"1,4";"46,6"
"09775";"Neu-Ulm";"Landkreis";"21,4";"2,40";"5,1";"262,2";"19,0";"28,3";"67,3";"24,6";"85,9";"1,4";"48,1"
"09776";"Lindau (Bodensee)";"Landkreis";"27,1";"7,49";"13,7";"319,4";"31,8";"32,9";"115,1";"37,0";"132,8";"1,4";"60,4"
"09777";"Ostallgäu";"Landkreis";"21,5";"3,70";"-13,4";"262,9";"27,1";"26,2";"69,0";"30,6";"77,2";"1,4";"38,1"
"09778";"Unterallgäu";"Landkreis";"18,9";"3,04";"5,4";"280,6";"21,4";"30,7";"88,6";"24,4";"96,0";"1,5";"25,3"
"09779";"Donau-Ries";"Landkreis";"25,6";"4,00";"3,3";"266,4";"22,7";"24,9";"72,2";"43,6";"76,2";"1,2";"44,3"
"09780";"Oberallgäu";"Landkreis";"23,9";"2,89";"-16,4";"242,8";"24,4";"27,6";"71,1";"23,6";"84,4";"1,4";"36,9"
"10041";"Regionalverband Saarbrücken";"Landkreis";"33,6";"7,87";"-1,7";"428,6";"23,6";"26,5";"108,8";"41,9";"127,9";"2,1";"83,9"
"10042";"Merzig-Wadern";"Landkreis";"29,9";"4,63";"-4,0";"469,0";"18,1";"30,5";"121,9";"30,8";"157,2";"2,0";"46,3"
"10043";"Neunkirchen";"Landkreis";"35,3";"5,22";"-2,4";"483,2";"19,5";"26,8";"128,4";"38,0";"142,1";"2,2";"66,8"
"10044";"Saarlouis";"Landkreis";"36,8";"5,09";"3,3";"481,3";"22,6";"18,9";"88,6";"39,1";"97,5";"2,1";"67,9"
"10045";"Saarpfalz-Kreis";"Landkreis";"37,0";"10,18";"4,9";"434,8";"18,8";"23,5";"88,8";"33,5";"116,5";"1,8";"66,9"
"10046";"St. Wendel";"Landkreis";"37,6";"2,80";"2,9";"509,0";"24,6";"20,3";"126,8";"46,5";"116,3";"1,9";"48,9"
"11000";"Berlin, Stadt";"krsfr. Stadt";"23,6";"5,63";"0,0";"375,5";"25,5";"21,3";"62,3";"61,7";"91,1";"1,6";"76,4"
"12051";"Brandenburg an der Havel, Stadt";"krsfr. Stadt";"22,3";"12,57";"-5,0";"473,8";"36,3";"20,5";"82,1";"124,5";"99,7";"2,3";"90,4"
"12052";"Cottbus, Stadt";"krsfr. Stadt";"30,7";"11,62";"-6,9";"426,7";"35,5";"25,7";"93,8";"54,0";"113,8";"2,6";"97,0"
"12053";"Frankfurt (Oder), Stadt";"krsfr. Stadt";"24,0";"16,20";"-1,8";"505,5";"24,0";"27,3";"128,3";"63,5";"142,9";"2,2";"115,0"
"12054";"Potsdam, Stadt";"krsfr. Stadt";"22,2";"9,15";"4,1";"373,6";"28,5";"23,1";"61,6";"37,3";"95,4";"1,5";"97,3"
"12060";"Barnim";"Landkreis";"19,9";"6,52";"4,0";"662,6";"25,3";"18,3";"96,5";"68,8";"133,4";"2,2";"44,8"
"12061";"Dahme-Spreewald";"Landkreis";"22,1";"6,04";"2,6";"455,6";"28,9";"17,7";"65,2";"55,4";"86,3";"1,8";"41,2"
"12062";"Elbe-Elster";"Landkreis";"27,1";"4,45";"0,0";"596,7";"41,3";"14,7";"66,7";"122,4";"91,6";"2,5";"47,4"
"12063";"Havelland";"Landkreis";"19,3";"3,02";"2,6";"428,9";"31,0";"17,2";"61,2";"61,4";"78,7";"1,9";"41,1"
"12064";"Märkisch-Oderland";"Landkreis";"22,8";"3,47";"-2,2";"571,5";"24,7";"16,6";"79,6";"60,0";"101,5";"2,1";"52,4"
"12065";"Oberhavel";"Landkreis";"22,9";"5,24";"7,3";"513,3";"25,1";"17,3";"69,7";"58,3";"92,0";"1,8";"48,1"
"12066";"Oberspreewald-Lausitz";"Landkreis";"26,1";"4,58";"-1,3";"514,6";"27,4";"21,6";"98,8";"59,8";"114,9";"2,3";"47,7"
"12067";"Oder-Spree";"Landkreis";"23,5";"7,59";"2,3";"600,5";"24,8";"15,4";"79,8";"69,5";"99,6";"2,3";"48,8"
"12068";"Ostprignitz-Ruppin";"Landkreis";"23,1";"11,52";"-2,2";"718,5";"31,6";"14,2";"92,4";"110,4";"109,4";"2,2";"55,3"
"12069";"Potsdam-Mittelmark";"Landkreis";"20,2";"3,39";"8,4";"381,5";"27,2";"21,5";"62,2";"55,3";"92,3";"1,8";"36,1"
"12070";"Prignitz";"Landkreis";"31,1";"4,99";"9,0";"809,8";"32,6";"16,0";"110,3";"98,9";"136,4";"2,4";"62,1"
"12071";"Spree-Neiße";"Landkreis";"22,5";"4,48";"-4,2";"457,8";"30,7";"20,4";"84,1";"62,2";"96,6";"2,6";"48,5"
"12072";"Teltow-Fläming";"Landkreis";"22,2";"2,97";"0,6";"459,0";"27,8";"21,6";"81,0";"59,7";"106,2";"2,0";"47,9"
"12073";"Uckermark";"Landkreis";"21,6";"5,76";"-13,2";"816,2";"33,1";"11,1";"83,0";"136,5";"93,1";"2,8";"55,7"
"13003";"Rostock, Stadt";"krsfr. Stadt";"25,4";"7,30";"0,6";"447,8";"0,0";"25,2";"79,4";"54,7";"115,2";"1,9";"99,8"
"13004";"Schwerin, Stadt";"krsfr. Stadt";"29,2";"15,17";"-3,1";"554,6";"0,0";"27,0";"115,5";"63,4";"151,6";"2,3";"118,0"
"13071";"Mecklenburgische Seenplatte";"Landkreis";"28,4";"6,27";"0,2";"584,8";"30,0";"19,4";"102,6";"82,7";"119,5";"2,4";"62,9"
"13072";"Landkreis Rostock";"Landkreis";"24,2";"3,66";"-2,1";"559,7";"28,4";"21,2";"97,1";"61,4";"124,3";"2,2";"47,5"
"13073";"Vorpommern-Rügen";"Landkreis";"29,3";"5,05";"-2,6";"697,4";"29,7";"16,7";"91,2";"78,4";"120,1";"2,4";"57,7"
"13074";"Nordwestmecklenburg";"Landkreis";"22,9";"3,78";"1,2";"511,9";"24,4";"22,0";"96,8";"40,6";"117,3";"2,1";"42,7"
"13075";"Vorpommern-Greifswald";"Landkreis";"26,6";"9,34";"-1,2";"597,3";"35,1";"20,6";"101,6";"100,2";"134,8";"2,4";"62,0"
"13076";"Ludwigslust-Parchim";"Landkreis";"22,6";"4,49";"1,0";"528,6";"29,1";"21,2";"97,0";"56,6";"116,3";"2,3";"43,8"
"14511";"Chemnitz, Stadt";"krsfr. Stadt";"28,8";"9,43";"-3,0";"517,5";"28,9";"25,4";"107,4";"60,5";"139,2";"1,8";"87,9"
"14521";"Erzgebirgskreis";"Landkreis";"29,7";"6,01";"0,3";"593,7";"34,0";"21,8";"118,9";"83,8";"136,6";"1,8";"56,7"
"14522";"Mittelsachsen";"Landkreis";"26,6";"4,33";"-12,7";"502,9";"29,4";"24,8";"114,2";"68,1";"132,3";"1,9";"55,5"
"14523";"Vogtlandkreis";"Landkreis";"27,0";"7,44";"0,6";"454,0";"32,9";"31,4";"114,5";"72,4";"147,3";"2,1";"65,3"
"14524";"Zwickau";"Landkreis";"32,8";"6,23";"-4,5";"527,4";"31,4";"26,4";"109,2";"78,3";"146,1";"1,9";"72,2"
"14612";"Dresden, Stadt";"krsfr. Stadt";"21,8";"6,98";"7,4";"400,1";"23,3";"25,6";"80,6";"44,5";"108,0";"1,3";"79,7"
"14625";"Bautzen";"Landkreis";"20,5";"5,65";"-3,5";"589,9";"27,0";"20,1";"109,8";"68,6";"121,8";"1,9";"57,8"
"14626";"Görlitz";"Landkreis";"24,6";"7,04";"-6,2";"676,0";"32,0";"20,6";"124,3";"100,3";"142,9";"2,2";"59,6"
"14627";"Meißen";"Landkreis";"21,8";"4,94";"-0,2";"556,6";"30,8";"19,0";"91,2";"65,3";"110,4";"1,7";"64,2"
"14628";"Sächsische Schweiz-Osterzgebirge";"Landkreis";"20,0";"5,23";"2,4";"540,0";"27,7";"25,4";"109,4";"54,7";"140,4";"1,8";"58,3"
"14713";"Leipzig, Stadt";"krsfr. Stadt";"24,6";"7,05";"-1,7";"390,9";"29,7";"27,4";"78,5";"59,8";"115,0";"1,7";"85,1"
"14729";"Leipzig";"Landkreis";"25,2";"4,40";"2,5";"470,5";"29,5";"25,2";"92,4";"58,4";"121,5";"2,1";"54,6"
"14730";"Nordsachsen";"Landkreis";"27,8";"7,22";"0,3";"511,4";"26,8";"24,6";"109,7";"58,1";"126,3";"2,1";"60,2"
"15001";"Dessau-Roßlau, Stadt";"krsfr. Stadt";"32,9";"11,42";"-0,3";"497,4";"29,0";"31,4";"115,7";"63,8";"163,4";"2,4";"106,0"
"15002";"Halle (Saale), Stadt";"krsfr. Stadt";"32,2";"12,43";"-2,6";"473,8";"32,7";"24,8";"82,2";"66,2";"122,0";"2,1";"106,6"
"15003";"Magdeburg, Stadt";"krsfr. Stadt";"25,2";"9,85";"0,6";"384,3";"22,0";"34,1";"93,3";"38,5";"141,1";"2,0";"92,3"
"15081";"Altmarkkreis Salzwedel";"Landkreis";"27,2";"5,04";"0,0";"426,3";"23,2";"27,7";"105,5";"30,3";"129,5";"2,4";"49,7"
"15082";"Anhalt-Bitterfeld";"Landkreis";"29,8";"5,33";"-2,8";"535,4";"31,4";"21,3";"94,4";"72,2";"122,8";"2,6";"54,6"
"15083";"Börde";"Landkreis";"24,3";"3,57";"-6,8";"439,9";"23,8";"26,9";"94,6";"40,6";"130,7";"2,4";"41,7"
"15084";"Burgenlandkreis";"Landkreis";"30,2";"5,99";"1,1";"581,7";"25,4";"24,5";"109,9";"55,9";"149,0";"2,3";"54,4"
"15085";"Harz";"Landkreis";"27,7";"7,19";"-5,4";"590,2";"26,9";"27,2";"137,0";"56,9";"175,8";"2,2";"55,0"
"15086";"Jerichower Land";"Landkreis";"21,0";"8,30";"2,6";"490,9";"21,2";"32,2";"126,6";"35,6";"168,5";"2,5";"53,1"
"15087";"Mansfeld-Südharz";"Landkreis";"32,6";"5,37";"-4,1";"611,6";"27,5";"22,2";"118,2";"68,5";"142,5";"2,6";"51,4"
"15088";"Saalekreis";"Landkreis";"24,8";"3,41";"-2,3";"454,7";"30,6";"17,8";"62,3";"59,1";"84,6";"2,4";"44,7"
"15089";"Salzlandkreis";"Landkreis";"29,6";"6,71";"-6,2";"485,6";"27,8";"30,6";"122,7";"49,1";"168,3";"2,7";"54,0"
"15090";"Stendal";"Landkreis";"24,7";"8,86";"-1,0";"474,1";"28,1";"26,9";"99,3";"68,8";"140,6";"2,7";"51,2"
"15091";"Wittenberg";"Landkreis";"26,8";"4,64";"-9,1";"538,2";"30,8";"20,5";"83,5";"55,9";"114,7";"2,4";"51,3"
"16051";"Erfurt, Stadt";"krsfr. Stadt";"24,9";"7,92";"1,2";"469,4";"24,9";"24,2";"86,4";"53,2";"118,8";"1,9";"88,7"
"16052";"Gera, Stadt";"krsfr. Stadt";"32,7";"10,21";"1,4";"557,9";"33,0";"23,5";"98,1";"93,6";"134,7";"2,3";"110,7"
"16053";"Jena, Stadt";"krsfr. Stadt";"28,8";"13,07";"0,6";"374,4";"29,5";"28,2";"77,0";"74,7";"111,4";"1,3";"90,0"
"16054";"Suhl, Stadt";"krsfr. Stadt";"31,3";"15,75";"-13,0";"605,4";"24,2";"20,5";"116,6";"74,8";"135,6";"2,7";"164,9"
"16055";"Weimar, Stadt";"krsfr. Stadt";"24,8";"8,70";"1,8";"572,3";"38,4";"24,3";"113,9";"85,8";"144,5";"1,8";"110,2"
"16056";"Eisenach, Stadt";"krsfr. Stadt";"39,8";"9,30";"-1,0";"595,2";"29,3";"24,9";"122,9";"56,9";"160,6";"2,2";"103,0"
"16061";"Eichsfeld";"Landkreis";"22,9";"4,13";"-7,3";"576,3";"20,7";"17,1";"95,6";"49,6";"103,4";"1,8";"53,7"
"16062";"Nordhausen";"Landkreis";"26,0";"11,54";"-3,1";"641,3";"21,2";"25,9";"146,1";"59,6";"181,6";"2,1";"80,3"
"16063";"Wartburgkreis";"Landkreis";"22,6";"4,22";"3,5";"516,4";"16,8";"19,2";"84,5";"32,0";"105,8";"2,1";"39,6"
"16064";"Unstrut-Hainich-Kreis";"Landkreis";"25,1";"12,27";"9,3";"656,3";"22,4";"21,1";"116,1";"52,9";"146,1";"2,1";"55,1"
"16065";"Kyffhäuserkreis";"Landkreis";"26,4";"5,99";"-10,0";"677,7";"19,4";"19,7";"106,7";"50,0";"140,5";"2,5";"43,5"
"16066";"Schmalkalden-Meiningen";"Landkreis";"26,8";"6,52";"-10,5";"608,0";"24,9";"18,5";"100,0";"58,1";"116,4";"2,2";"55,3"
"16067";"Gotha";"Landkreis";"23,6";"3,75";"-5,6";"516,0";"26,5";"20,4";"78,5";"44,1";"110,2";"2,0";"46,5"
"16068";"Sömmerda";"Landkreis";"24,3";"0,00";"0,0";"620,8";"32,2";"14,8";"66,8";"57,7";"101,1";"2,0";"32,8"
"16069";"Hildburghausen";"Landkreis";"26,6";"7,96";"-7,9";"562,4";"16,4";"24,7";"122,5";"30,5";"142,7";"2,4";"42,2"
"16070";"Ilm-Kreis";"Landkreis";"23,9";"5,14";"-2,8";"479,8";"20,9";"22,1";"83,3";"43,8";"110,1";"2,0";"45,9"
"16071";"Weimarer Land";"Landkreis";"20,7";"12,97";"-8,0";"475,0";"15,1";"22,8";"81,6";"24,1";"116,6";"2,2";"63,3"
"16072";"Sonneberg";"Landkreis";"37,3";"6,74";"2,4";"544,0";"25,7";"22,0";"95,3";"60,0";"127,0";"2,5";"55,0"
"16073";"Saalfeld-Rudolstadt";"Landkreis";"34,5";"9,18";"0,6";"564,2";"27,7";"21,2";"104,0";"60,7";"125,5";"2,1";"51,2"
"16074";"Saale-Holzland-Kreis";"Landkreis";"24,1";"7,73";"0,0";"463,5";"24,8";"19,2";"74,2";"40,8";"94,1";"1,7";"49,4"
"16075";"Saale-Orla-Kreis";"Landkreis";"34,4";"1,46";"0,0";"460,0";"31,2";"17,9";"77,7";"63,7";"86,1";"2,1";"39,3"
"16076";"Greiz";"Landkreis";"28,2";"4,08";"-7,9";"510,2";"31,4";"25,2";"102,7";"74,4";"133,7";"2,1";"55,4"
"16077";"Altenburger Land";"Landkreis";"25,4";"6,56";"-5,8";"545,1";"25,1";"23,8";"101,9";"58,8";"136,1";"2,0";"50,7"
